canonical_match_id,provider_fixture_id,label,cohort,comp_type,region,league,season,kickoff_utc,status,eligibility,inclusion_rule,expected_endpoints,raw_status,reconciliation_status
6/2023/2024-01-13/1501/1513,1138697,AFCON_2023,A,international,CAF,6,2023,2024-01-13T20:00:00+00:00,FT,included,cohort_A_all_completed,"events,lineups",pending,pending
6/2023/2024-01-14/19/1521,1138698,AFCON_2023,A,international,CAF,6,2023,2024-01-14T14:00:00+00:00,FT,included,cohort_A_all_completed,"events,lineups",pending,pending
6/2023/2024-01-14/32/1512,1138699,AFCON_2023,A,international,CAF,6,2023,2024-01-14T17:00:00+00:00,FT,included,cohort_A_all_completed,"events,lineups",pending,pending
6/2023/2024-01-14/1504/1533,1138700,AFCON_2023,A,international,CAF,6,2023,2024-01-14T20:00:00+00:00,FT,included,cohort_A_all_completed,"events,lineups",pending,pending
6/2023/2024-01-15/13/1492,1138701,AFCON_2023,A,international,CAF,6,2023,2024-01-15T14:00:00+00:00,FT,included,cohort_A_all_completed,"events,lineups",pending,pending
6/2023/2024-01-15/1530/1509,1138702,AFCON_2023,A,international,CAF,6,2023,2024-01-15T17:00:00+00:00,FT,included,cohort_A_all_completed,"events,lineups",pending,pending
6/2023/2024-01-15/1532/1529,1138703,AFCON_2023,A,international,CAF,6,2023,2024-01-15T20:00:00+00:00,FT,included,cohort_A_all_completed,"events,lineups",pending,pending
6/2023/2024-01-16/1502/1491,1138704,AFCON_2023,A,international,CAF,6,2023,2024-01-16T14:00:00+00:00,FT,included,cohort_A_all_completed,"events,lineups",pending,pending
6/2023/2024-01-16/28/1493,1138705,AFCON_2023,A,international,CAF,6,2023,2024-01-16T17:00:00+00:00,FT,included,cohort_A_all_completed,"events,lineups",pending,pending
6/2023/2024-01-16/1500/1531,1138706,AFCON_2023,A,international,CAF,6,2023,2024-01-16T20:00:00+00:00,FT,included,cohort_A_all_completed,"events,lineups",pending,pending
6/2023/2024-01-17/31/1489,1138707,AFCON_2023,A,international,CAF,6,2023,2024-01-17T17:00:00+00:00,FT,included,cohort_A_all_completed,"events,lineups",pending,pending
6/2023/2024-01-17/1508/1507,1138708,AFCON_2023,A,international,CAF,6,2023,2024-01-17T20:00:00+00:00,FT,included,cohort_A_all_completed,"events,lineups",pending,pending
6/2023/2024-01-18/1521/1513,1138709,AFCON_2023,A,international,CAF,6,2023,2024-01-18T14:00:00+00:00,FT,included,cohort_A_all_completed,"events,lineups",pending,pending
6/2023/2024-01-18/1501/19,1138710,AFCON_2023,A,international,CAF,6,2023,2024-01-18T17:00:00+00:00,FT,included,cohort_A_all_completed,"events,lineups",pending,pending
6/2023/2024-01-18/32/1504,1138712,AFCON_2023,A,international,CAF,6,2023,2024-01-18T20:00:00+00:00,FT,included,cohort_A_all_completed,"events,lineups",pending,pending
6/2023/2024-01-19/1533/1512,1138714,AFCON_2023,A,international,CAF,6,2023,2024-01-19T14:00:00+00:00,FT,included,cohort_A_all_completed,"events,lineups",pending,pending
6/2023/2024-01-19/13/1530,1138711,AFCON_2023,A,international,CAF,6,2023,2024-01-19T17:00:00+00:00,FT,included,cohort_A_all_completed,"events,lineups",pending,pending
6/2023/2024-01-19/1509/1492,1138713,AFCON_2023,A,international,CAF,6,2023,2024-01-19T20:00:00+00:00,FT,included,cohort_A_all_completed,"events,lineups",pending,pending
6/2023/2024-01-20/1532/1502,1138715,AFCON_2023,A,international,CAF,6,2023,2024-01-20T14:00:00+00:00,FT,included,cohort_A_all_completed,"events,lineups",pending,pending
6/2023/2024-01-20/1491/1529,1138716,AFCON_2023,A,international,CAF,6,2023,2024-01-20T17:00:00+00:00,FT,included,cohort_A_all_completed,"events,lineups",pending,pending
6/2023/2024-01-20/28/1500,1138717,AFCON_2023,A,international,CAF,6,2023,2024-01-20T20:00:00+00:00,FT,included,cohort_A_all_completed,"events,lineups",pending,pending
6/2023/2024-01-21/31/1508,1138718,AFCON_2023,A,international,CAF,6,2023,2024-01-21T14:00:00+00:00,FT,included,cohort_A_all_completed,"events,lineups",pending,pending
6/2023/2024-01-21/1507/1489,1138719,AFCON_2023,A,international,CAF,6,2023,2024-01-21T17:00:00+00:00,FT,included,cohort_A_all_completed,"events,lineups",pending,pending
6/2023/2024-01-21/1531/1493,1138720,AFCON_2023,A,international,CAF,6,2023,2024-01-21T20:00:00+00:00,FT,included,cohort_A_all_completed,"events,lineups",pending,pending
6/2023/2024-01-22/1513/19,1138722,AFCON_2023,A,international,CAF,6,2023,2024-01-22T17:00:00+00:00,FT,included,cohort_A_all_completed,"events,lineups",pending,pending
6/2023/2024-01-22/1521/1501,1138721,AFCON_2023,A,international,CAF,6,2023,2024-01-22T17:00:00+00:00,FT,included,cohort_A_all_completed,"events,lineups",pending,pending
6/2023/2024-01-22/1512/1504,1138723,AFCON_2023,A,international,CAF,6,2023,2024-01-22T20:00:00+00:00,FT,included,cohort_A_all_completed,"events,lineups",pending,pending
6/2023/2024-01-22/1533/32,1138724,AFCON_2023,A,international,CAF,6,2023,2024-01-22T20:00:00+00:00,FT,included,cohort_A_all_completed,"events,lineups",pending,pending
6/2023/2024-01-23/1492/1530,1138726,AFCON_2023,A,international,CAF,6,2023,2024-01-23T17:00:00+00:00,FT,included,cohort_A_all_completed,"events,lineups",pending,pending
6/2023/2024-01-23/1509/13,1138725,AFCON_2023,A,international,CAF,6,2023,2024-01-23T17:00:00+00:00,FT,included,cohort_A_all_completed,"events,lineups",pending,pending
6/2023/2024-01-23/1491/1532,1138728,AFCON_2023,A,international,CAF,6,2023,2024-01-23T20:00:00+00:00,FT,included,cohort_A_all_completed,"events,lineups",pending,pending
6/2023/2024-01-23/1529/1502,1138727,AFCON_2023,A,international,CAF,6,2023,2024-01-23T20:00:00+00:00,FT,included,cohort_A_all_completed,"events,lineups",pending,pending
6/2023/2024-01-24/1493/1500,1138730,AFCON_2023,A,international,CAF,6,2023,2024-01-24T17:00:00+00:00,FT,included,cohort_A_all_completed,"events,lineups",pending,pending
6/2023/2024-01-24/1531/28,1138729,AFCON_2023,A,international,CAF,6,2023,2024-01-24T17:00:00+00:00,FT,included,cohort_A_all_completed,"events,lineups",pending,pending
6/2023/2024-01-24/1489/1508,1138731,AFCON_2023,A,international,CAF,6,2023,2024-01-24T20:00:00+00:00,FT,included,cohort_A_all_completed,"events,lineups",pending,pending
6/2023/2024-01-24/1507/31,1138732,AFCON_2023,A,international,CAF,6,2023,2024-01-24T20:00:00+00:00,FT,included,cohort_A_all_completed,"events,lineups",pending,pending
6/2023/2024-01-27/1529/1493,1166106,AFCON_2023,A,international,CAF,6,2023,2024-01-27T17:00:00+00:00,FT,included,cohort_A_all_completed,"events,lineups",pending,pending
6/2023/2024-01-27/19/1530,1166107,AFCON_2023,A,international,CAF,6,2023,2024-01-27T20:00:00+00:00,FT,included,cohort_A_all_completed,"events,lineups",pending,pending
6/2023/2024-01-28/1521/1509,1166108,AFCON_2023,A,international,CAF,6,2023,2024-01-28T17:00:00+00:00,FT,included,cohort_A_all_completed,"events,lineups",pending,pending
6/2023/2024-01-28/32/1508,1166109,AFCON_2023,A,international,CAF,6,2023,2024-01-28T20:00:00+00:00,PEN,included,cohort_A_all_completed,"events,lineups",pending,pending
6/2023/2024-01-29/1533/1491,1166110,AFCON_2023,A,international,CAF,6,2023,2024-01-29T17:00:00+00:00,FT,included,cohort_A_all_completed,"events,lineups",pending,pending
6/2023/2024-01-29/13/1501,1166111,AFCON_2023,A,international,CAF,6,2023,2024-01-29T20:00:00+00:00,PEN,included,cohort_A_all_completed,"events,lineups",pending,pending
6/2023/2024-01-30/1500/1502,1166112,AFCON_2023,A,international,CAF,6,2023,2024-01-30T17:00:00+00:00,FT,included,cohort_A_all_completed,"events,lineups",pending,pending
6/2023/2024-01-30/31/1531,1166113,AFCON_2023,A,international,CAF,6,2023,2024-01-30T20:00:00+00:00,FT,included,cohort_A_all_completed,"events,lineups",pending,pending
6/2023/2024-02-02/19/1529,1169130,AFCON_2023,A,international,CAF,6,2023,2024-02-02T17:00:00+00:00,FT,included,cohort_A_all_completed,"events,lineups",pending,pending
6/2023/2024-02-02/1508/1509,1169262,AFCON_2023,A,international,CAF,6,2023,2024-02-02T20:00:00+00:00,FT,included,cohort_A_all_completed,"events,lineups",pending,pending
6/2023/2024-02-03/1500/1501,1169663,AFCON_2023,A,international,CAF,6,2023,2024-02-03T17:00:00+00:00,AET,included,cohort_A_all_completed,"events,lineups",pending,pending
6/2023/2024-02-03/1533/1531,1169664,AFCON_2023,A,international,CAF,6,2023,2024-02-03T20:00:00+00:00,PEN,included,cohort_A_all_completed,"events,lineups",pending,pending
6/2023/2024-02-07/19/1531,1171548,AFCON_2023,A,international,CAF,6,2023,2024-02-07T17:00:00+00:00,PEN,included,cohort_A_all_completed,"events,lineups",pending,pending
6/2023/2024-02-07/1501/1508,1171549,AFCON_2023,A,international,CAF,6,2023,2024-02-07T20:00:00+00:00,FT,included,cohort_A_all_completed,"events,lineups",pending,pending
6/2023/2024-02-10/1531/1508,1172282,AFCON_2023,A,international,CAF,6,2023,2024-02-10T20:00:00+00:00,PEN,included,cohort_A_all_completed,"events,lineups",pending,pending
6/2023/2024-02-11/19/1501,1172283,AFCON_2023,A,international,CAF,6,2023,2024-02-11T20:00:00+00:00,FT,included,cohort_A_all_completed,"events,lineups",pending,pending
7/2023/2024-01-12/1569/1551,1034492,AFC_Asian_Cup_2023,A,international,AFC,7,2023,2024-01-12T16:00:00+00:00,FT,included,cohort_A_all_completed,"events,lineups",pending,pending
7/2023/2024-01-13/20/1537,1034493,AFC_Asian_Cup_2023,A,international,AFC,7,2023,2024-01-13T11:30:00+00:00,FT,included,cohort_A_all_completed,"events,lineups",pending,pending
7/2023/2024-01-13/1566/1536,1034494,AFC_Asian_Cup_2023,A,international,AFC,7,2023,2024-01-13T14:30:00+00:00,FT,included,cohort_A_all_completed,"events,lineups",pending,pending
7/2023/2024-01-13/1568/1565,1034495,AFC_Asian_Cup_2023,A,international,AFC,7,2023,2024-01-13T17:30:00+00:00,FT,included,cohort_A_all_completed,"events,lineups",pending,pending
7/2023/2024-01-14/12/1542,1034496,AFC_Asian_Cup_2023,A,international,AFC,7,2023,2024-01-14T11:30:00+00:00,FT,included,cohort_A_all_completed,"events,lineups",pending,pending
7/2023/2024-01-14/1563/4460,1034497,AFC_Asian_Cup_2023,A,international,AFC,7,2023,2024-01-14T14:30:00+00:00,FT,included,cohort_A_all_completed,"events,lineups",pending,pending
7/2023/2024-01-14/22/1562,1034498,AFC_Asian_Cup_2023,A,international,AFC,7,2023,2024-01-14T17:30:00+00:00,FT,included,cohort_A_all_completed,"events,lineups",pending,pending
7/2023/2024-01-15/17/1547,1034499,AFC_Asian_Cup_2023,A,international,AFC,7,2023,2024-01-15T11:30:00+00:00,FT,included,cohort_A_all_completed,"events,lineups",pending,pending
7/2023/2024-01-15/1571/1567,1034500,AFC_Asian_Cup_2023,A,international,AFC,7,2023,2024-01-15T14:30:00+00:00,FT,included,cohort_A_all_completed,"events,lineups",pending,pending
7/2023/2024-01-15/1538/1548,1034501,AFC_Asian_Cup_2023,A,international,AFC,7,2023,2024-01-15T17:30:00+00:00,FT,included,cohort_A_all_completed,"events,lineups",pending,pending
7/2023/2024-01-16/1564/1554,1034502,AFC_Asian_Cup_2023,A,international,AFC,7,2023,2024-01-16T14:30:00+00:00,FT,included,cohort_A_all_completed,"events,lineups",pending,pending
7/2023/2024-01-16/23/1552,1034503,AFC_Asian_Cup_2023,A,international,AFC,7,2023,2024-01-16T17:30:00+00:00,FT,included,cohort_A_all_completed,"events,lineups",pending,pending
7/2023/2024-01-17/1551/1566,1034504,AFC_Asian_Cup_2023,A,international,AFC,7,2023,2024-01-17T11:30:00+00:00,FT,included,cohort_A_all_completed,"events,lineups",pending,pending
7/2023/2024-01-17/1536/1569,1034505,AFC_Asian_Cup_2023,A,international,AFC,7,2023,2024-01-17T14:30:00+00:00,FT,included,cohort_A_all_completed,"events,lineups",pending,pending
7/2023/2024-01-18/1565/20,1034506,AFC_Asian_Cup_2023,A,international,AFC,7,2023,2024-01-18T11:30:00+00:00,FT,included,cohort_A_all_completed,"events,lineups",pending,pending
7/2023/2024-01-18/1537/1568,1034507,AFC_Asian_Cup_2023,A,international,AFC,7,2023,2024-01-18T14:30:00+00:00,FT,included,cohort_A_all_completed,"events,lineups",pending,pending
7/2023/2024-01-18/1562/1563,1034508,AFC_Asian_Cup_2023,A,international,AFC,7,2023,2024-01-18T17:30:00+00:00,FT,included,cohort_A_all_completed,"events,lineups",pending,pending
7/2023/2024-01-19/1567/12,1034509,AFC_Asian_Cup_2023,A,international,AFC,7,2023,2024-01-19T11:30:00+00:00,FT,included,cohort_A_all_completed,"events,lineups",pending,pending
7/2023/2024-01-19/1542/1571,1034510,AFC_Asian_Cup_2023,A,international,AFC,7,2023,2024-01-19T14:30:00+00:00,FT,included,cohort_A_all_completed,"events,lineups",pending,pending
7/2023/2024-01-19/4460/22,1034511,AFC_Asian_Cup_2023,A,international,AFC,7,2023,2024-01-19T17:30:00+00:00,FT,included,cohort_A_all_completed,"events,lineups",pending,pending
7/2023/2024-01-20/1548/17,1034512,AFC_Asian_Cup_2023,A,international,AFC,7,2023,2024-01-20T11:30:00+00:00,FT,included,cohort_A_all_completed,"events,lineups",pending,pending
7/2023/2024-01-20/1547/1538,1034513,AFC_Asian_Cup_2023,A,international,AFC,7,2023,2024-01-20T14:30:00+00:00,FT,included,cohort_A_all_completed,"events,lineups",pending,pending
7/2023/2024-01-21/1552/1564,1034514,AFC_Asian_Cup_2023,A,international,AFC,7,2023,2024-01-21T14:30:00+00:00,FT,included,cohort_A_all_completed,"events,lineups",pending,pending
7/2023/2024-01-21/1554/23,1034515,AFC_Asian_Cup_2023,A,international,AFC,7,2023,2024-01-21T17:30:00+00:00,FT,included,cohort_A_all_completed,"events,lineups",pending,pending
7/2023/2024-01-22/1536/1551,1034516,AFC_Asian_Cup_2023,A,international,AFC,7,2023,2024-01-22T15:00:00+00:00,FT,included,cohort_A_all_completed,"events,lineups",pending,pending
7/2023/2024-01-22/1569/1566,1034517,AFC_Asian_Cup_2023,A,international,AFC,7,2023,2024-01-22T15:00:00+00:00,FT,included,cohort_A_all_completed,"events,lineups",pending,pending
7/2023/2024-01-23/20/1568,1034519,AFC_Asian_Cup_2023,A,international,AFC,7,2023,2024-01-23T11:30:00+00:00,FT,included,cohort_A_all_completed,"events,lineups",pending,pending
7/2023/2024-01-23/1565/1537,1034518,AFC_Asian_Cup_2023,A,international,AFC,7,2023,2024-01-23T11:30:00+00:00,FT,included,cohort_A_all_completed,"events,lineups",pending,pending
7/2023/2024-01-23/22/1563,1034521,AFC_Asian_Cup_2023,A,international,AFC,7,2023,2024-01-23T15:00:00+00:00,FT,included,cohort_A_all_completed,"events,lineups",pending,pending
7/2023/2024-01-23/4460/1562,1034520,AFC_Asian_Cup_2023,A,international,AFC,7,2023,2024-01-23T15:00:00+00:00,FT,included,cohort_A_all_completed,"events,lineups",pending,pending
7/2023/2024-01-24/12/1571,1034522,AFC_Asian_Cup_2023,A,international,AFC,7,2023,2024-01-24T11:30:00+00:00,FT,included,cohort_A_all_completed,"events,lineups",pending,pending
7/2023/2024-01-24/1567/1542,1034523,AFC_Asian_Cup_2023,A,international,AFC,7,2023,2024-01-24T11:30:00+00:00,FT,included,cohort_A_all_completed,"events,lineups",pending,pending
7/2023/2024-01-25/17/1538,1034524,AFC_Asian_Cup_2023,A,international,AFC,7,2023,2024-01-25T11:30:00+00:00,FT,included,cohort_A_all_completed,"events,lineups",pending,pending
7/2023/2024-01-25/1548/1547,1034525,AFC_Asian_Cup_2023,A,international,AFC,7,2023,2024-01-25T11:30:00+00:00,FT,included,cohort_A_all_completed,"events,lineups",pending,pending
7/2023/2024-01-25/23/1564,1034527,AFC_Asian_Cup_2023,A,international,AFC,7,2023,2024-01-25T15:00:00+00:00,FT,included,cohort_A_all_completed,"events,lineups",pending,pending
7/2023/2024-01-25/1554/1552,1034526,AFC_Asian_Cup_2023,A,international,AFC,7,2023,2024-01-25T15:00:00+00:00,FT,included,cohort_A_all_completed,"events,lineups",pending,pending
7/2023/2024-01-28/20/1571,1167786,AFC_Asian_Cup_2023,A,international,AFC,7,2023,2024-01-28T11:30:00+00:00,FT,included,cohort_A_all_completed,"events,lineups",pending,pending
7/2023/2024-01-28/1536/1563,1162603,AFC_Asian_Cup_2023,A,international,AFC,7,2023,2024-01-28T16:00:00+00:00,PEN,included,cohort_A_all_completed,"events,lineups",pending,pending
7/2023/2024-01-29/1567/1548,1167787,AFC_Asian_Cup_2023,A,international,AFC,7,2023,2024-01-29T11:30:00+00:00,FT,included,cohort_A_all_completed,"events,lineups",pending,pending
7/2023/2024-01-29/1569/1562,1167788,AFC_Asian_Cup_2023,A,international,AFC,7,2023,2024-01-29T16:00:00+00:00,FT,included,cohort_A_all_completed,"events,lineups",pending,pending
7/2023/2024-01-30/1568/1564,1167789,AFC_Asian_Cup_2023,A,international,AFC,7,2023,2024-01-30T11:30:00+00:00,FT,included,cohort_A_all_completed,"events,lineups",pending,pending
7/2023/2024-01-30/23/17,1167790,AFC_Asian_Cup_2023,A,international,AFC,7,2023,2024-01-30T16:00:00+00:00,PEN,included,cohort_A_all_completed,"events,lineups",pending,pending
7/2023/2024-01-31/1547/12,1167791,AFC_Asian_Cup_2023,A,international,AFC,7,2023,2024-01-31T11:30:00+00:00,FT,included,cohort_A_all_completed,"events,lineups",pending,pending
7/2023/2024-01-31/22/1565,1162604,AFC_Asian_Cup_2023,A,international,AFC,7,2023,2024-01-31T16:00:00+00:00,PEN,included,cohort_A_all_completed,"events,lineups",pending,pending
7/2023/2024-02-02/1536/1548,1169383,AFC_Asian_Cup_2023,A,international,AFC,7,2023,2024-02-02T11:30:00+00:00,FT,included,cohort_A_all_completed,"events,lineups",pending,pending
7/2023/2024-02-02/20/17,1169460,AFC_Asian_Cup_2023,A,international,AFC,7,2023,2024-02-02T15:30:00+00:00,AET,included,cohort_A_all_completed,"events,lineups",pending,pending
7/2023/2024-02-03/22/12,1169668,AFC_Asian_Cup_2023,A,international,AFC,7,2023,2024-02-03T11:30:00+00:00,FT,included,cohort_A_all_completed,"events,lineups",pending,pending
7/2023/2024-02-03/1569/1568,1169461,AFC_Asian_Cup_2023,A,international,AFC,7,2023,2024-02-03T15:30:00+00:00,PEN,included,cohort_A_all_completed,"events,lineups",pending,pending
7/2023/2024-02-06/1548/17,1170222,AFC_Asian_Cup_2023,A,international,AFC,7,2023,2024-02-06T15:00:00+00:00,FT,included,cohort_A_all_completed,"events,lineups",pending,pending
7/2023/2024-02-07/22/1569,1170899,AFC_Asian_Cup_2023,A,international,AFC,7,2023,2024-02-07T15:00:00+00:00,FT,included,cohort_A_all_completed,"events,lineups",pending,pending
7/2023/2024-02-10/1548/1569,1172165,AFC_Asian_Cup_2023,A,international,AFC,7,2023,2024-02-10T15:00:00+00:00,FT,included,cohort_A_all_completed,"events,lineups",pending,pending
9/2024/2024-06-21/26/5529,1189120,Copa_America_2024,A,international,CONMEBOL,9,2024,2024-06-21T00:00:00+00:00,FT,included,cohort_A_all_completed,"events,lineups",pending,pending
9/2024/2024-06-22/30/2383,1146301,Copa_America_2024,A,international,CONMEBOL,9,2024,2024-06-22T00:00:00+00:00,FT,included,cohort_A_all_completed,"events,lineups",pending,pending
9/2024/2024-06-22/2382/2379,1146302,Copa_America_2024,A,international,CONMEBOL,9,2024,2024-06-22T22:00:00+00:00,FT,included,cohort_A_all_completed,"events,lineups",pending,pending
9/2024/2024-06-23/16/2385,1146303,Copa_America_2024,A,international,CONMEBOL,9,2024,2024-06-23T01:00:00+00:00,FT,included,cohort_A_all_completed,"events,lineups",pending,pending
9/2024/2024-06-23/2384/2381,1146304,Copa_America_2024,A,international,CONMEBOL,9,2024,2024-06-23T22:00:00+00:00,FT,included,cohort_A_all_completed,"events,lineups",pending,pending
9/2024/2024-06-24/7/11,1146305,Copa_America_2024,A,international,CONMEBOL,9,2024,2024-06-24T01:00:00+00:00,FT,included,cohort_A_all_completed,"events,lineups",pending,pending
9/2024/2024-06-24/8/2380,1146306,Copa_America_2024,A,international,CONMEBOL,9,2024,2024-06-24T22:00:00+00:00,FT,included,cohort_A_all_completed,"events,lineups",pending,pending
9/2024/2024-06-25/6/29,1189121,Copa_America_2024,A,international,CONMEBOL,9,2024,2024-06-25T01:00:00+00:00,FT,included,cohort_A_all_completed,"events,lineups",pending,pending
9/2024/2024-06-26/2383/26,1146307,Copa_America_2024,A,international,CONMEBOL,9,2024,2024-06-26T01:00:00+00:00,FT,included,cohort_A_all_completed,"events,lineups",pending,pending
9/2024/2024-06-26/30/5529,1189122,Copa_America_2024,A,international,CONMEBOL,9,2024,2024-06-26T22:00:00+00:00,FT,included,cohort_A_all_completed,"events,lineups",pending,pending
9/2024/2024-06-27/2379/16,1146309,Copa_America_2024,A,international,CONMEBOL,9,2024,2024-06-27T01:00:00+00:00,FT,included,cohort_A_all_completed,"events,lineups",pending,pending
9/2024/2024-06-27/2382/2385,1146308,Copa_America_2024,A,international,CONMEBOL,9,2024,2024-06-27T22:00:00+00:00,FT,included,cohort_A_all_completed,"events,lineups",pending,pending
9/2024/2024-06-28/7/2381,1146311,Copa_America_2024,A,international,CONMEBOL,9,2024,2024-06-28T01:00:00+00:00,FT,included,cohort_A_all_completed,"events,lineups",pending,pending
9/2024/2024-06-28/11/2384,1146310,Copa_America_2024,A,international,CONMEBOL,9,2024,2024-06-28T22:00:00+00:00,FT,included,cohort_A_all_completed,"events,lineups",pending,pending
9/2024/2024-06-29/2380/6,1146312,Copa_America_2024,A,international,CONMEBOL,9,2024,2024-06-29T01:00:00+00:00,FT,included,cohort_A_all_completed,"events,lineups",pending,pending
9/2024/2024-06-29/8/29,1189123,Copa_America_2024,A,international,CONMEBOL,9,2024,2024-06-29T22:00:00+00:00,FT,included,cohort_A_all_completed,"events,lineups",pending,pending
9/2024/2024-06-30/26/30,1146313,Copa_America_2024,A,international,CONMEBOL,9,2024,2024-06-30T00:00:00+00:00,FT,included,cohort_A_all_completed,"events,lineups",pending,pending
9/2024/2024-06-30/5529/2383,1189124,Copa_America_2024,A,international,CONMEBOL,9,2024,2024-06-30T00:00:00+00:00,FT,included,cohort_A_all_completed,"events,lineups",pending,pending
9/2024/2024-07-01/16/2382,1146315,Copa_America_2024,A,international,CONMEBOL,9,2024,2024-07-01T00:00:00+00:00,FT,included,cohort_A_all_completed,"events,lineups",pending,pending
9/2024/2024-07-01/2385/2379,1146314,Copa_America_2024,A,international,CONMEBOL,9,2024,2024-07-01T00:00:00+00:00,FT,included,cohort_A_all_completed,"events,lineups",pending,pending
9/2024/2024-07-02/2381/11,1146316,Copa_America_2024,A,international,CONMEBOL,9,2024,2024-07-02T01:00:00+00:00,FT,included,cohort_A_all_completed,"events,lineups",pending,pending
9/2024/2024-07-02/2384/7,1146317,Copa_America_2024,A,international,CONMEBOL,9,2024,2024-07-02T01:00:00+00:00,FT,included,cohort_A_all_completed,"events,lineups",pending,pending
9/2024/2024-07-03/6/8,1146318,Copa_America_2024,A,international,CONMEBOL,9,2024,2024-07-03T01:00:00+00:00,FT,included,cohort_A_all_completed,"events,lineups",pending,pending
9/2024/2024-07-03/29/2380,1189125,Copa_America_2024,A,international,CONMEBOL,9,2024,2024-07-03T01:00:00+00:00,FT,included,cohort_A_all_completed,"events,lineups",pending,pending
9/2024/2024-07-05/26/2382,1219957,Copa_America_2024,A,international,CONMEBOL,9,2024,2024-07-05T01:00:00+00:00,PEN,included,cohort_A_all_completed,"events,lineups",pending,pending
9/2024/2024-07-06/2379/5529,1219958,Copa_America_2024,A,international,CONMEBOL,9,2024,2024-07-06T01:00:00+00:00,PEN,included,cohort_A_all_completed,"events,lineups",pending,pending
9/2024/2024-07-06/8/11,1222459,Copa_America_2024,A,international,CONMEBOL,9,2024,2024-07-06T22:00:00+00:00,FT,included,cohort_A_all_completed,"events,lineups",pending,pending
9/2024/2024-07-07/7/6,1222460,Copa_America_2024,A,international,CONMEBOL,9,2024,2024-07-07T01:00:00+00:00,PEN,included,cohort_A_all_completed,"events,lineups",pending,pending
9/2024/2024-07-10/26/5529,1227537,Copa_America_2024,A,international,CONMEBOL,9,2024,2024-07-10T00:00:00+00:00,FT,included,cohort_A_all_completed,"events,lineups",pending,pending
9/2024/2024-07-11/7/8,1227538,Copa_America_2024,A,international,CONMEBOL,9,2024,2024-07-11T00:00:00+00:00,FT,included,cohort_A_all_completed,"events,lineups",pending,pending
9/2024/2024-07-14/5529/7,1234029,Copa_America_2024,A,international,CONMEBOL,9,2024,2024-07-14T00:00:00+00:00,PEN,included,cohort_A_all_completed,"events,lineups",pending,pending
9/2024/2024-07-15/26/8,1234030,Copa_America_2024,A,international,CONMEBOL,9,2024,2024-07-15T00:30:00+00:00,AET,included,cohort_A_all_completed,"events,lineups",pending,pending
1/2018/2018-06-14/4/23,135777,FIFA_WC_2018,A,international,FIFA,1,2018,2018-06-14T15:00:00+00:00,FT,included,cohort_A_all_completed,"events,lineups",pending,pending
1/2018/2018-06-15/32/7,135778,FIFA_WC_2018,A,international,FIFA,1,2018,2018-06-15T12:00:00+00:00,FT,included,cohort_A_all_completed,"events,lineups",pending,pending
1/2018/2018-06-15/31/22,135779,FIFA_WC_2018,A,international,FIFA,1,2018,2018-06-15T15:00:00+00:00,FT,included,cohort_A_all_completed,"events,lineups",pending,pending
1/2018/2018-06-15/27/9,135780,FIFA_WC_2018,A,international,FIFA,1,2018,2018-06-15T18:00:00+00:00,FT,included,cohort_A_all_completed,"events,lineups",pending,pending
1/2018/2018-06-16/2/20,135781,FIFA_WC_2018,A,international,FIFA,1,2018,2018-06-16T10:00:00+00:00,FT,included,cohort_A_all_completed,"events,lineups",pending,pending
1/2018/2018-06-16/26/18,135782,FIFA_WC_2018,A,international,FIFA,1,2018,2018-06-16T13:00:00+00:00,FT,included,cohort_A_all_completed,"events,lineups",pending,pending
1/2018/2018-06-16/30/21,135783,FIFA_WC_2018,A,international,FIFA,1,2018,2018-06-16T16:00:00+00:00,FT,included,cohort_A_all_completed,"events,lineups",pending,pending
1/2018/2018-06-16/3/19,135784,FIFA_WC_2018,A,international,FIFA,1,2018,2018-06-16T19:00:00+00:00,FT,included,cohort_A_all_completed,"events,lineups",pending,pending
1/2018/2018-06-17/29/14,135785,FIFA_WC_2018,A,international,FIFA,1,2018,2018-06-17T12:00:00+00:00,FT,included,cohort_A_all_completed,"events,lineups",pending,pending
1/2018/2018-06-17/25/16,135786,FIFA_WC_2018,A,international,FIFA,1,2018,2018-06-17T15:00:00+00:00,FT,included,cohort_A_all_completed,"events,lineups",pending,pending
1/2018/2018-06-17/6/15,135787,FIFA_WC_2018,A,international,FIFA,1,2018,2018-06-17T18:00:00+00:00,FT,included,cohort_A_all_completed,"events,lineups",pending,pending
1/2018/2018-06-18/5/17,135788,FIFA_WC_2018,A,international,FIFA,1,2018,2018-06-18T12:00:00+00:00,FT,included,cohort_A_all_completed,"events,lineups",pending,pending
1/2018/2018-06-18/1/11,135789,FIFA_WC_2018,A,international,FIFA,1,2018,2018-06-18T15:00:00+00:00,FT,included,cohort_A_all_completed,"events,lineups",pending,pending
1/2018/2018-06-18/28/10,135790,FIFA_WC_2018,A,international,FIFA,1,2018,2018-06-18T18:00:00+00:00,FT,included,cohort_A_all_completed,"events,lineups",pending,pending
1/2018/2018-06-19/8/12,135791,FIFA_WC_2018,A,international,FIFA,1,2018,2018-06-19T12:00:00+00:00,FT,included,cohort_A_all_completed,"events,lineups",pending,pending
1/2018/2018-06-19/24/13,135792,FIFA_WC_2018,A,international,FIFA,1,2018,2018-06-19T15:00:00+00:00,FT,included,cohort_A_all_completed,"events,lineups",pending,pending
1/2018/2018-06-19/4/32,135793,FIFA_WC_2018,A,international,FIFA,1,2018,2018-06-19T18:00:00+00:00,FT,included,cohort_A_all_completed,"events,lineups",pending,pending
1/2018/2018-06-20/27/31,135794,FIFA_WC_2018,A,international,FIFA,1,2018,2018-06-20T12:00:00+00:00,FT,included,cohort_A_all_completed,"events,lineups",pending,pending
1/2018/2018-06-20/7/23,135795,FIFA_WC_2018,A,international,FIFA,1,2018,2018-06-20T15:00:00+00:00,FT,included,cohort_A_all_completed,"events,lineups",pending,pending
1/2018/2018-06-20/22/9,135796,FIFA_WC_2018,A,international,FIFA,1,2018,2018-06-20T18:00:00+00:00,FT,included,cohort_A_all_completed,"events,lineups",pending,pending
1/2018/2018-06-21/21/20,135797,FIFA_WC_2018,A,international,FIFA,1,2018,2018-06-21T12:00:00+00:00,FT,included,cohort_A_all_completed,"events,lineups",pending,pending
1/2018/2018-06-21/2/30,135798,FIFA_WC_2018,A,international,FIFA,1,2018,2018-06-21T15:00:00+00:00,FT,included,cohort_A_all_completed,"events,lineups",pending,pending
1/2018/2018-06-21/26/3,135799,FIFA_WC_2018,A,international,FIFA,1,2018,2018-06-21T18:00:00+00:00,FT,included,cohort_A_all_completed,"events,lineups",pending,pending
1/2018/2018-06-22/6/29,135800,FIFA_WC_2018,A,international,FIFA,1,2018,2018-06-22T12:00:00+00:00,FT,included,cohort_A_all_completed,"events,lineups",pending,pending
1/2018/2018-06-22/19/18,135801,FIFA_WC_2018,A,international,FIFA,1,2018,2018-06-22T15:00:00+00:00,FT,included,cohort_A_all_completed,"events,lineups",pending,pending
1/2018/2018-06-22/14/15,135802,FIFA_WC_2018,A,international,FIFA,1,2018,2018-06-22T18:00:00+00:00,FT,included,cohort_A_all_completed,"events,lineups",pending,pending
1/2018/2018-06-23/1/28,135803,FIFA_WC_2018,A,international,FIFA,1,2018,2018-06-23T12:00:00+00:00,FT,included,cohort_A_all_completed,"events,lineups",pending,pending
1/2018/2018-06-23/17/16,135804,FIFA_WC_2018,A,international,FIFA,1,2018,2018-06-23T15:00:00+00:00,FT,included,cohort_A_all_completed,"events,lineups",pending,pending
1/2018/2018-06-23/25/5,135805,FIFA_WC_2018,A,international,FIFA,1,2018,2018-06-23T18:00:00+00:00,FT,included,cohort_A_all_completed,"events,lineups",pending,pending
1/2018/2018-06-24/10/11,135806,FIFA_WC_2018,A,international,FIFA,1,2018,2018-06-24T12:00:00+00:00,FT,included,cohort_A_all_completed,"events,lineups",pending,pending
1/2018/2018-06-24/12/13,135807,FIFA_WC_2018,A,international,FIFA,1,2018,2018-06-24T15:00:00+00:00,FT,included,cohort_A_all_completed,"events,lineups",pending,pending
1/2018/2018-06-24/24/8,135808,FIFA_WC_2018,A,international,FIFA,1,2018,2018-06-24T18:00:00+00:00,FT,included,cohort_A_all_completed,"events,lineups",pending,pending
1/2018/2018-06-25/7/4,135809,FIFA_WC_2018,A,international,FIFA,1,2018,2018-06-25T14:00:00+00:00,FT,included,cohort_A_all_completed,"events,lineups",pending,pending
1/2018/2018-06-25/23/32,135810,FIFA_WC_2018,A,international,FIFA,1,2018,2018-06-25T14:00:00+00:00,FT,included,cohort_A_all_completed,"events,lineups",pending,pending
1/2018/2018-06-25/9/31,135812,FIFA_WC_2018,A,international,FIFA,1,2018,2018-06-25T18:00:00+00:00,FT,included,cohort_A_all_completed,"events,lineups",pending,pending
1/2018/2018-06-25/22/27,135811,FIFA_WC_2018,A,international,FIFA,1,2018,2018-06-25T18:00:00+00:00,FT,included,cohort_A_all_completed,"events,lineups",pending,pending
1/2018/2018-06-26/20/30,135814,FIFA_WC_2018,A,international,FIFA,1,2018,2018-06-26T14:00:00+00:00,FT,included,cohort_A_all_completed,"events,lineups",pending,pending
1/2018/2018-06-26/21/2,135813,FIFA_WC_2018,A,international,FIFA,1,2018,2018-06-26T14:00:00+00:00,FT,included,cohort_A_all_completed,"events,lineups",pending,pending
1/2018/2018-06-26/18/3,135816,FIFA_WC_2018,A,international,FIFA,1,2018,2018-06-26T18:00:00+00:00,FT,included,cohort_A_all_completed,"events,lineups",pending,pending
1/2018/2018-06-26/19/26,135815,FIFA_WC_2018,A,international,FIFA,1,2018,2018-06-26T18:00:00+00:00,FT,included,cohort_A_all_completed,"events,lineups",pending,pending
1/2018/2018-06-27/16/5,135818,FIFA_WC_2018,A,international,FIFA,1,2018,2018-06-27T14:00:00+00:00,FT,included,cohort_A_all_completed,"events,lineups",pending,pending
1/2018/2018-06-27/17/25,135817,FIFA_WC_2018,A,international,FIFA,1,2018,2018-06-27T14:00:00+00:00,FT,included,cohort_A_all_completed,"events,lineups",pending,pending
1/2018/2018-06-27/14/6,135819,FIFA_WC_2018,A,international,FIFA,1,2018,2018-06-27T18:00:00+00:00,FT,included,cohort_A_all_completed,"events,lineups",pending,pending
1/2018/2018-06-27/15/29,135820,FIFA_WC_2018,A,international,FIFA,1,2018,2018-06-27T18:00:00+00:00,FT,included,cohort_A_all_completed,"events,lineups",pending,pending
1/2018/2018-06-28/12/24,135821,FIFA_WC_2018,A,international,FIFA,1,2018,2018-06-28T14:00:00+00:00,FT,included,cohort_A_all_completed,"events,lineups",pending,pending
1/2018/2018-06-28/13/8,135822,FIFA_WC_2018,A,international,FIFA,1,2018,2018-06-28T14:00:00+00:00,FT,included,cohort_A_all_completed,"events,lineups",pending,pending
1/2018/2018-06-28/10/1,135823,FIFA_WC_2018,A,international,FIFA,1,2018,2018-06-28T18:00:00+00:00,FT,included,cohort_A_all_completed,"events,lineups",pending,pending
1/2018/2018-06-28/11/28,135824,FIFA_WC_2018,A,international,FIFA,1,2018,2018-06-28T18:00:00+00:00,FT,included,cohort_A_all_completed,"events,lineups",pending,pending
1/2018/2018-06-30/2/26,135761,FIFA_WC_2018,A,international,FIFA,1,2018,2018-06-30T14:00:00+00:00,FT,included,cohort_A_all_completed,"events,lineups",pending,pending
1/2018/2018-06-30/7/27,135762,FIFA_WC_2018,A,international,FIFA,1,2018,2018-06-30T18:00:00+00:00,FT,included,cohort_A_all_completed,"events,lineups",pending,pending
1/2018/2018-07-01/9/4,135763,FIFA_WC_2018,A,international,FIFA,1,2018,2018-07-01T14:00:00+00:00,PEN,included,cohort_A_all_completed,"events,lineups",pending,pending
1/2018/2018-07-01/3/21,135764,FIFA_WC_2018,A,international,FIFA,1,2018,2018-07-01T18:00:00+00:00,PEN,included,cohort_A_all_completed,"events,lineups",pending,pending
1/2018/2018-07-02/6/16,135765,FIFA_WC_2018,A,international,FIFA,1,2018,2018-07-02T14:00:00+00:00,FT,included,cohort_A_all_completed,"events,lineups",pending,pending
1/2018/2018-07-02/1/12,135766,FIFA_WC_2018,A,international,FIFA,1,2018,2018-07-02T18:00:00+00:00,FT,included,cohort_A_all_completed,"events,lineups",pending,pending
1/2018/2018-07-03/5/15,135767,FIFA_WC_2018,A,international,FIFA,1,2018,2018-07-03T14:00:00+00:00,FT,included,cohort_A_all_completed,"events,lineups",pending,pending
1/2018/2018-07-03/8/10,135768,FIFA_WC_2018,A,international,FIFA,1,2018,2018-07-03T18:00:00+00:00,PEN,included,cohort_A_all_completed,"events,lineups",pending,pending
1/2018/2018-07-06/7/2,135769,FIFA_WC_2018,A,international,FIFA,1,2018,2018-07-06T14:00:00+00:00,FT,included,cohort_A_all_completed,"events,lineups",pending,pending
1/2018/2018-07-06/6/1,135770,FIFA_WC_2018,A,international,FIFA,1,2018,2018-07-06T18:00:00+00:00,FT,included,cohort_A_all_completed,"events,lineups",pending,pending
1/2018/2018-07-07/5/10,135771,FIFA_WC_2018,A,international,FIFA,1,2018,2018-07-07T14:00:00+00:00,FT,included,cohort_A_all_completed,"events,lineups",pending,pending
1/2018/2018-07-07/4/3,135772,FIFA_WC_2018,A,international,FIFA,1,2018,2018-07-07T18:00:00+00:00,PEN,included,cohort_A_all_completed,"events,lineups",pending,pending
1/2018/2018-07-10/2/1,135773,FIFA_WC_2018,A,international,FIFA,1,2018,2018-07-10T18:00:00+00:00,FT,included,cohort_A_all_completed,"events,lineups",pending,pending
1/2018/2018-07-11/3/10,135774,FIFA_WC_2018,A,international,FIFA,1,2018,2018-07-11T18:00:00+00:00,AET,included,cohort_A_all_completed,"events,lineups",pending,pending
1/2018/2018-07-14/1/10,135775,FIFA_WC_2018,A,international,FIFA,1,2018,2018-07-14T14:00:00+00:00,FT,included,cohort_A_all_completed,"events,lineups",pending,pending
1/2018/2018-07-15/2/3,135776,FIFA_WC_2018,A,international,FIFA,1,2018,2018-07-15T15:00:00+00:00,FT,included,cohort_A_all_completed,"events,lineups",pending,pending
1/2022/2022-11-20/1569/2382,855736,FIFA_WC_2022,A,international,FIFA,1,2022,2022-11-20T16:00:00+00:00,FT,included,cohort_A_all_completed,"events,lineups",pending,pending
1/2022/2022-11-21/10/22,855735,FIFA_WC_2022,A,international,FIFA,1,2022,2022-11-21T13:00:00+00:00,FT,included,cohort_A_all_completed,"events,lineups",pending,pending
1/2022/2022-11-21/13/1118,855734,FIFA_WC_2022,A,international,FIFA,1,2022,2022-11-21T16:00:00+00:00,FT,included,cohort_A_all_completed,"events,lineups",pending,pending
1/2022/2022-11-21/2384/767,866681,FIFA_WC_2022,A,international,FIFA,1,2022,2022-11-21T19:00:00+00:00,FT,included,cohort_A_all_completed,"events,lineups",pending,pending
1/2022/2022-11-22/26/23,855737,FIFA_WC_2022,A,international,FIFA,1,2022,2022-11-22T10:00:00+00:00,FT,included,cohort_A_all_completed,"events,lineups",pending,pending
1/2022/2022-11-22/21/28,855738,FIFA_WC_2022,A,international,FIFA,1,2022,2022-11-22T13:00:00+00:00,FT,included,cohort_A_all_completed,"events,lineups",pending,pending
1/2022/2022-11-22/16/24,855739,FIFA_WC_2022,A,international,FIFA,1,2022,2022-11-22T16:00:00+00:00,FT,included,cohort_A_all_completed,"events,lineups",pending,pending
1/2022/2022-11-22/2/20,871850,FIFA_WC_2022,A,international,FIFA,1,2022,2022-11-22T19:00:00+00:00,FT,included,cohort_A_all_completed,"events,lineups",pending,pending
1/2022/2022-11-23/31/3,855740,FIFA_WC_2022,A,international,FIFA,1,2022,2022-11-23T10:00:00+00:00,FT,included,cohort_A_all_completed,"events,lineups",pending,pending
1/2022/2022-11-23/25/12,855741,FIFA_WC_2022,A,international,FIFA,1,2022,2022-11-23T13:00:00+00:00,FT,included,cohort_A_all_completed,"events,lineups",pending,pending
1/2022/2022-11-23/9/29,871851,FIFA_WC_2022,A,international,FIFA,1,2022,2022-11-23T16:00:00+00:00,FT,included,cohort_A_all_completed,"events,lineups",pending,pending
1/2022/2022-11-23/1/5529,855742,FIFA_WC_2022,A,international,FIFA,1,2022,2022-11-23T19:00:00+00:00,FT,included,cohort_A_all_completed,"events,lineups",pending,pending
1/2022/2022-11-24/15/1530,855743,FIFA_WC_2022,A,international,FIFA,1,2022,2022-11-24T10:00:00+00:00,FT,included,cohort_A_all_completed,"events,lineups",pending,pending
1/2022/2022-11-24/7/17,855744,FIFA_WC_2022,A,international,FIFA,1,2022,2022-11-24T13:00:00+00:00,FT,included,cohort_A_all_completed,"events,lineups",pending,pending
1/2022/2022-11-24/27/1504,855745,FIFA_WC_2022,A,international,FIFA,1,2022,2022-11-24T16:00:00+00:00,FT,included,cohort_A_all_completed,"events,lineups",pending,pending
1/2022/2022-11-24/6/14,855746,FIFA_WC_2022,A,international,FIFA,1,2022,2022-11-24T19:00:00+00:00,FT,included,cohort_A_all_completed,"events,lineups",pending,pending
1/2022/2022-11-25/767/22,866682,FIFA_WC_2022,A,international,FIFA,1,2022,2022-11-25T10:00:00+00:00,FT,included,cohort_A_all_completed,"events,lineups",pending,pending
1/2022/2022-11-25/1569/13,855747,FIFA_WC_2022,A,international,FIFA,1,2022,2022-11-25T13:00:00+00:00,FT,included,cohort_A_all_completed,"events,lineups",pending,pending
1/2022/2022-11-25/1118/2382,855748,FIFA_WC_2022,A,international,FIFA,1,2022,2022-11-25T16:00:00+00:00,FT,included,cohort_A_all_completed,"events,lineups",pending,pending
1/2022/2022-11-25/10/2384,855749,FIFA_WC_2022,A,international,FIFA,1,2022,2022-11-25T19:00:00+00:00,FT,included,cohort_A_all_completed,"events,lineups",pending,pending
1/2022/2022-11-26/28/20,871852,FIFA_WC_2022,A,international,FIFA,1,2022,2022-11-26T10:00:00+00:00,FT,included,cohort_A_all_completed,"events,lineups",pending,pending
1/2022/2022-11-26/24/23,855750,FIFA_WC_2022,A,international,FIFA,1,2022,2022-11-26T13:00:00+00:00,FT,included,cohort_A_all_completed,"events,lineups",pending,pending
1/2022/2022-11-26/2/21,855751,FIFA_WC_2022,A,international,FIFA,1,2022,2022-11-26T16:00:00+00:00,FT,included,cohort_A_all_completed,"events,lineups",pending,pending
1/2022/2022-11-26/26/16,855752,FIFA_WC_2022,A,international,FIFA,1,2022,2022-11-26T19:00:00+00:00,FT,included,cohort_A_all_completed,"events,lineups",pending,pending
1/2022/2022-11-27/12/29,871853,FIFA_WC_2022,A,international,FIFA,1,2022,2022-11-27T10:00:00+00:00,FT,included,cohort_A_all_completed,"events,lineups",pending,pending
1/2022/2022-11-27/1/31,855753,FIFA_WC_2022,A,international,FIFA,1,2022,2022-11-27T13:00:00+00:00,FT,included,cohort_A_all_completed,"events,lineups",pending,pending
1/2022/2022-11-27/3/5529,855754,FIFA_WC_2022,A,international,FIFA,1,2022,2022-11-27T16:00:00+00:00,FT,included,cohort_A_all_completed,"events,lineups",pending,pending
1/2022/2022-11-27/9/25,855755,FIFA_WC_2022,A,international,FIFA,1,2022,2022-11-27T19:00:00+00:00,FT,included,cohort_A_all_completed,"events,lineups",pending,pending
1/2022/2022-11-28/1530/14,855756,FIFA_WC_2022,A,international,FIFA,1,2022,2022-11-28T10:00:00+00:00,FT,included,cohort_A_all_completed,"events,lineups",pending,pending
1/2022/2022-11-28/17/1504,855757,FIFA_WC_2022,A,international,FIFA,1,2022,2022-11-28T13:00:00+00:00,FT,included,cohort_A_all_completed,"events,lineups",pending,pending
1/2022/2022-11-28/6/15,855758,FIFA_WC_2022,A,international,FIFA,1,2022,2022-11-28T16:00:00+00:00,FT,included,cohort_A_all_completed,"events,lineups",pending,pending
1/2022/2022-11-28/27/7,855759,FIFA_WC_2022,A,international,FIFA,1,2022,2022-11-28T19:00:00+00:00,FT,included,cohort_A_all_completed,"events,lineups",pending,pending
1/2022/2022-11-29/1118/1569,855760,FIFA_WC_2022,A,international,FIFA,1,2022,2022-11-29T15:00:00+00:00,FT,included,cohort_A_all_completed,"events,lineups",pending,pending
1/2022/2022-11-29/2382/13,855761,FIFA_WC_2022,A,international,FIFA,1,2022,2022-11-29T15:00:00+00:00,FT,included,cohort_A_all_completed,"events,lineups",pending,pending
1/2022/2022-11-29/22/2384,855762,FIFA_WC_2022,A,international,FIFA,1,2022,2022-11-29T19:00:00+00:00,FT,included,cohort_A_all_completed,"events,lineups",pending,pending
1/2022/2022-11-29/767/10,866683,FIFA_WC_2022,A,international,FIFA,1,2022,2022-11-29T19:00:00+00:00,FT,included,cohort_A_all_completed,"events,lineups",pending,pending
1/2022/2022-11-30/20/21,871854,FIFA_WC_2022,A,international,FIFA,1,2022,2022-11-30T15:00:00+00:00,FT,included,cohort_A_all_completed,"events,lineups",pending,pending
1/2022/2022-11-30/28/2,855763,FIFA_WC_2022,A,international,FIFA,1,2022,2022-11-30T15:00:00+00:00,FT,included,cohort_A_all_completed,"events,lineups",pending,pending
1/2022/2022-11-30/23/16,855765,FIFA_WC_2022,A,international,FIFA,1,2022,2022-11-30T19:00:00+00:00,FT,included,cohort_A_all_completed,"events,lineups",pending,pending
1/2022/2022-11-30/24/26,855764,FIFA_WC_2022,A,international,FIFA,1,2022,2022-11-30T19:00:00+00:00,FT,included,cohort_A_all_completed,"events,lineups",pending,pending
1/2022/2022-12-01/3/1,855766,FIFA_WC_2022,A,international,FIFA,1,2022,2022-12-01T15:00:00+00:00,FT,included,cohort_A_all_completed,"events,lineups",pending,pending
1/2022/2022-12-01/5529/31,855767,FIFA_WC_2022,A,international,FIFA,1,2022,2022-12-01T15:00:00+00:00,FT,included,cohort_A_all_completed,"events,lineups",pending,pending
1/2022/2022-12-01/12/9,855768,FIFA_WC_2022,A,international,FIFA,1,2022,2022-12-01T19:00:00+00:00,FT,included,cohort_A_all_completed,"events,lineups",pending,pending
1/2022/2022-12-01/29/25,871855,FIFA_WC_2022,A,international,FIFA,1,2022,2022-12-01T19:00:00+00:00,FT,included,cohort_A_all_completed,"events,lineups",pending,pending
1/2022/2022-12-02/17/27,855769,FIFA_WC_2022,A,international,FIFA,1,2022,2022-12-02T15:00:00+00:00,FT,included,cohort_A_all_completed,"events,lineups",pending,pending
1/2022/2022-12-02/1504/7,855770,FIFA_WC_2022,A,international,FIFA,1,2022,2022-12-02T15:00:00+00:00,FT,included,cohort_A_all_completed,"events,lineups",pending,pending
1/2022/2022-12-02/14/15,855772,FIFA_WC_2022,A,international,FIFA,1,2022,2022-12-02T19:00:00+00:00,FT,included,cohort_A_all_completed,"events,lineups",pending,pending
1/2022/2022-12-02/1530/6,855771,FIFA_WC_2022,A,international,FIFA,1,2022,2022-12-02T19:00:00+00:00,FT,included,cohort_A_all_completed,"events,lineups",pending,pending
1/2022/2022-12-03/1118/2384,976533,FIFA_WC_2022,A,international,FIFA,1,2022,2022-12-03T15:00:00+00:00,FT,included,cohort_A_all_completed,"events,lineups",pending,pending
1/2022/2022-12-03/26/20,976642,FIFA_WC_2022,A,international,FIFA,1,2022,2022-12-03T19:00:00+00:00,FT,included,cohort_A_all_completed,"events,lineups",pending,pending
1/2022/2022-12-04/2/24,976643,FIFA_WC_2022,A,international,FIFA,1,2022,2022-12-04T15:00:00+00:00,FT,included,cohort_A_all_completed,"events,lineups",pending,pending
1/2022/2022-12-04/10/13,976534,FIFA_WC_2022,A,international,FIFA,1,2022,2022-12-04T19:00:00+00:00,FT,included,cohort_A_all_completed,"events,lineups",pending,pending
1/2022/2022-12-05/12/3,977344,FIFA_WC_2022,A,international,FIFA,1,2022,2022-12-05T15:00:00+00:00,PEN,included,cohort_A_all_completed,"events,lineups",pending,pending
1/2022/2022-12-05/6/17,977705,FIFA_WC_2022,A,international,FIFA,1,2022,2022-12-05T19:00:00+00:00,FT,included,cohort_A_all_completed,"events,lineups",pending,pending
1/2022/2022-12-06/31/9,977345,FIFA_WC_2022,A,international,FIFA,1,2022,2022-12-06T15:00:00+00:00,PEN,included,cohort_A_all_completed,"events,lineups",pending,pending
1/2022/2022-12-06/27/15,977706,FIFA_WC_2022,A,international,FIFA,1,2022,2022-12-06T19:00:00+00:00,FT,included,cohort_A_all_completed,"events,lineups",pending,pending
1/2022/2022-12-09/3/6,978072,FIFA_WC_2022,A,international,FIFA,1,2022,2022-12-09T15:00:00+00:00,PEN,included,cohort_A_all_completed,"events,lineups",pending,pending
1/2022/2022-12-09/1118/26,977794,FIFA_WC_2022,A,international,FIFA,1,2022,2022-12-09T19:00:00+00:00,PEN,included,cohort_A_all_completed,"events,lineups",pending,pending
1/2022/2022-12-10/31/27,978088,FIFA_WC_2022,A,international,FIFA,1,2022,2022-12-10T15:00:00+00:00,FT,included,cohort_A_all_completed,"events,lineups",pending,pending
1/2022/2022-12-10/10/2,978036,FIFA_WC_2022,A,international,FIFA,1,2022,2022-12-10T19:00:00+00:00,FT,included,cohort_A_all_completed,"events,lineups",pending,pending
1/2022/2022-12-13/26/3,978279,FIFA_WC_2022,A,international,FIFA,1,2022,2022-12-13T19:00:00+00:00,FT,included,cohort_A_all_completed,"events,lineups",pending,pending
1/2022/2022-12-14/2/31,978488,FIFA_WC_2022,A,international,FIFA,1,2022,2022-12-14T19:00:00+00:00,FT,included,cohort_A_all_completed,"events,lineups",pending,pending
1/2022/2022-12-17/3/31,979138,FIFA_WC_2022,A,international,FIFA,1,2022,2022-12-17T15:00:00+00:00,FT,included,cohort_A_all_completed,"events,lineups",pending,pending
1/2022/2022-12-18/26/2,979139,FIFA_WC_2022,A,international,FIFA,1,2022,2022-12-18T15:00:00+00:00,PEN,included,cohort_A_all_completed,"events,lineups",pending,pending
4/2020/2019-03-21/1095/1108,132759,UEFA_Euro_2020,A,international,UEFA,4,2020,2019-03-21T15:00:00+00:00,FT,included,cohort_A_all_completed,"events,lineups",pending,pending
4/2020/2019-03-21/1106/1115,132760,UEFA_Euro_2020,A,international,UEFA,4,2020,2019-03-21T17:00:00+00:00,FT,included,cohort_A_all_completed,"events,lineups",pending,pending
4/2020/2019-03-21/1/4,132768,UEFA_Euro_2020,A,international,UEFA,4,2020,2019-03-21T19:45:00+00:00,FT,included,cohort_A_all_completed,"events,lineups",pending,pending
4/2020/2019-03-21/3/1096,132764,UEFA_Euro_2020,A,international,UEFA,4,2020,2019-03-21T19:45:00+00:00,FT,included,cohort_A_all_completed,"events,lineups",pending,pending
4/2020/2019-03-21/771/1101,132761,UEFA_Euro_2020,A,international,UEFA,4,2020,2019-03-21T19:45:00+00:00,FT,included,cohort_A_all_completed,"events,lineups",pending,pending
4/2020/2019-03-21/773/769,132763,UEFA_Euro_2020,A,international,UEFA,4,2020,2019-03-21T19:45:00+00:00,FT,included,cohort_A_all_completed,"events,lineups",pending,pending
4/2020/2019-03-21/775/24,132767,UEFA_Euro_2020,A,international,UEFA,4,2020,2019-03-21T19:45:00+00:00,FT,included,cohort_A_all_completed,"events,lineups",pending,pending
4/2020/2019-03-21/1105/1092,132766,UEFA_Euro_2020,A,international,UEFA,4,2020,2019-03-21T19:45:00+00:00,FT,included,cohort_A_all_completed,"events,lineups",pending,pending
4/2020/2019-03-21/1116/1091,132765,UEFA_Euro_2020,A,international,UEFA,4,2020,2019-03-21T19:45:00+00:00,FT,included,cohort_A_all_completed,"events,lineups",pending,pending
4/2020/2019-03-21/1118/1100,132762,UEFA_Euro_2020,A,international,UEFA,4,2020,2019-03-21T19:45:00+00:00,FT,included,cohort_A_all_completed,"events,lineups",pending,pending
4/2020/2019-03-22/1103/1109,132769,UEFA_Euro_2020,A,international,UEFA,4,2020,2019-03-22T17:00:00+00:00,FT,included,cohort_A_all_completed,"events,lineups",pending,pending
4/2020/2019-03-22/10/770,132770,UEFA_Euro_2020,A,international,UEFA,4,2020,2019-03-22T19:45:00+00:00,FT,included,cohort_A_all_completed,"events,lineups",pending,pending
4/2020/2019-03-22/27/772,132771,UEFA_Euro_2020,A,international,UEFA,4,2020,2019-03-22T19:45:00+00:00,FT,included,cohort_A_all_completed,"events,lineups",pending,pending
4/2020/2019-03-22/778/777,132775,UEFA_Euro_2020,A,international,UEFA,4,2020,2019-03-22T19:45:00+00:00,FT,included,cohort_A_all_completed,"events,lineups",pending,pending
4/2020/2019-03-22/1102/1097,132772,UEFA_Euro_2020,A,international,UEFA,4,2020,2019-03-22T19:45:00+00:00,FT,included,cohort_A_all_completed,"events,lineups",pending,pending
4/2020/2019-03-22/1110/18,132774,UEFA_Euro_2020,A,international,UEFA,4,2020,2019-03-22T19:45:00+00:00,FT,included,cohort_A_all_completed,"events,lineups",pending,pending
4/2020/2019-03-22/1114/2,132773,UEFA_Euro_2020,A,international,UEFA,4,2020,2019-03-22T19:45:00+00:00,FT,included,cohort_A_all_completed,"events,lineups",pending,pending
4/2020/2019-03-23/1104/15,132776,UEFA_Euro_2020,A,international,UEFA,4,2020,2019-03-23T14:00:00+00:00,FT,included,cohort_A_all_completed,"events,lineups",pending,pending
4/2020/2019-03-23/5/774,132778,UEFA_Euro_2020,A,international,UEFA,4,2020,2019-03-23T17:00:00+00:00,FT,included,cohort_A_all_completed,"events,lineups",pending,pending
4/2020/2019-03-23/1093/776,132777,UEFA_Euro_2020,A,international,UEFA,4,2020,2019-03-23T17:00:00+00:00,FT,included,cohort_A_all_completed,"events,lineups",pending,pending
4/2020/2019-03-23/1112/1098,132779,UEFA_Euro_2020,A,international,UEFA,4,2020,2019-03-23T17:00:00+00:00,FT,included,cohort_A_all_completed,"events,lineups",pending,pending
4/2020/2019-03-23/9/1090,132780,UEFA_Euro_2020,A,international,UEFA,4,2020,2019-03-23T19:45:00+00:00,FT,included,cohort_A_all_completed,"events,lineups",pending,pending
4/2020/2019-03-23/768/1099,132782,UEFA_Euro_2020,A,international,UEFA,4,2020,2019-03-23T19:45:00+00:00,FT,included,cohort_A_all_completed,"events,lineups",pending,pending
4/2020/2019-03-23/1107/1117,132781,UEFA_Euro_2020,A,international,UEFA,4,2020,2019-03-23T19:45:00+00:00,FT,included,cohort_A_all_completed,"events,lineups",pending,pending
4/2020/2019-03-23/1113/1094,132783,UEFA_Euro_2020,A,international,UEFA,4,2020,2019-03-23T19:45:00+00:00,FT,included,cohort_A_all_completed,"events,lineups",pending,pending
4/2020/2019-03-24/767/773,132784,UEFA_Euro_2020,A,international,UEFA,4,2020,2019-03-24T14:00:00+00:00,FT,included,cohort_A_all_completed,"events,lineups",pending,pending
4/2020/2019-03-24/1095/4,132785,UEFA_Euro_2020,A,international,UEFA,4,2020,2019-03-24T14:00:00+00:00,FT,included,cohort_A_all_completed,"events,lineups",pending,pending
4/2020/2019-03-24/769/3,132786,UEFA_Euro_2020,A,international,UEFA,4,2020,2019-03-24T17:00:00+00:00,FT,included,cohort_A_all_completed,"events,lineups",pending,pending
4/2020/2019-03-24/1115/1108,132788,UEFA_Euro_2020,A,international,UEFA,4,2020,2019-03-24T17:00:00+00:00,FT,included,cohort_A_all_completed,"events,lineups",pending,pending
4/2020/2019-03-24/1116/775,132787,UEFA_Euro_2020,A,international,UEFA,4,2020,2019-03-24T17:00:00+00:00,FT,included,cohort_A_all_completed,"events,lineups",pending,pending
4/2020/2019-03-24/24/1092,132792,UEFA_Euro_2020,A,international,UEFA,4,2020,2019-03-24T19:45:00+00:00,FT,included,cohort_A_all_completed,"events,lineups",pending,pending
4/2020/2019-03-24/771/1100,132789,UEFA_Euro_2020,A,international,UEFA,4,2020,2019-03-24T19:45:00+00:00,FT,included,cohort_A_all_completed,"events,lineups",pending,pending
4/2020/2019-03-24/1091/1105,132791,UEFA_Euro_2020,A,international,UEFA,4,2020,2019-03-24T19:45:00+00:00,FT,included,cohort_A_all_completed,"events,lineups",pending,pending
4/2020/2019-03-24/1106/1,132793,UEFA_Euro_2020,A,international,UEFA,4,2020,2019-03-24T19:45:00+00:00,FT,included,cohort_A_all_completed,"events,lineups",pending,pending
4/2020/2019-03-24/1118/25,132790,UEFA_Euro_2020,A,international,UEFA,4,2020,2019-03-24T19:45:00+00:00,FT,included,cohort_A_all_completed,"events,lineups",pending,pending
4/2020/2019-03-25/777/1114,132794,UEFA_Euro_2020,A,international,UEFA,4,2020,2019-03-25T17:00:00+00:00,FT,included,cohort_A_all_completed,"events,lineups",pending,pending
4/2020/2019-03-25/2/18,132799,UEFA_Euro_2020,A,international,UEFA,4,2020,2019-03-25T19:45:00+00:00,FT,included,cohort_A_all_completed,"events,lineups",pending,pending
4/2020/2019-03-25/27/14,132797,UEFA_Euro_2020,A,international,UEFA,4,2020,2019-03-25T19:45:00+00:00,FT,included,cohort_A_all_completed,"events,lineups",pending,pending
4/2020/2019-03-25/1102/772,132798,UEFA_Euro_2020,A,international,UEFA,4,2020,2019-03-25T19:45:00+00:00,FT,included,cohort_A_all_completed,"events,lineups",pending,pending
4/2020/2019-03-25/1109/10,132795,UEFA_Euro_2020,A,international,UEFA,4,2020,2019-03-25T19:45:00+00:00,FT,included,cohort_A_all_completed,"events,lineups",pending,pending
4/2020/2019-03-25/1110/778,132800,UEFA_Euro_2020,A,international,UEFA,4,2020,2019-03-25T19:45:00+00:00,FT,included,cohort_A_all_completed,"events,lineups",pending,pending
4/2020/2019-03-25/1111/1103,132796,UEFA_Euro_2020,A,international,UEFA,4,2020,2019-03-25T19:45:00+00:00,FT,included,cohort_A_all_completed,"events,lineups",pending,pending
4/2020/2019-03-26/1094/1099,132801,UEFA_Euro_2020,A,international,UEFA,4,2020,2019-03-26T17:00:00+00:00,FT,included,cohort_A_all_completed,"events,lineups",pending,pending
4/2020/2019-03-26/15/21,132802,UEFA_Euro_2020,A,international,UEFA,4,2020,2019-03-26T19:45:00+00:00,FT,included,cohort_A_all_completed,"events,lineups",pending,pending
4/2020/2019-03-26/768/1107,132807,UEFA_Euro_2020,A,international,UEFA,4,2020,2019-03-26T19:45:00+00:00,FT,included,cohort_A_all_completed,"events,lineups",pending,pending
4/2020/2019-03-26/774/1098,132804,UEFA_Euro_2020,A,international,UEFA,4,2020,2019-03-26T19:45:00+00:00,FT,included,cohort_A_all_completed,"events,lineups",pending,pending
4/2020/2019-03-26/776/1104,132803,UEFA_Euro_2020,A,international,UEFA,4,2020,2019-03-26T19:45:00+00:00,FT,included,cohort_A_all_completed,"events,lineups",pending,pending
4/2020/2019-03-26/1090/5,132805,UEFA_Euro_2020,A,international,UEFA,4,2020,2019-03-26T19:45:00+00:00,FT,included,cohort_A_all_completed,"events,lineups",pending,pending
4/2020/2019-03-26/1112/9,132806,UEFA_Euro_2020,A,international,UEFA,4,2020,2019-03-26T19:45:00+00:00,FT,included,cohort_A_all_completed,"events,lineups",pending,pending
4/2020/2019-03-26/1113/1117,132808,UEFA_Euro_2020,A,international,UEFA,4,2020,2019-03-26T19:45:00+00:00,FT,included,cohort_A_all_completed,"events,lineups",pending,pending
4/2020/2019-06-07/1104/1093,132809,UEFA_Euro_2020,A,international,UEFA,4,2020,2019-06-07T16:00:00+00:00,FT,included,cohort_A_all_completed,"events,lineups",pending,pending
4/2020/2019-06-07/5/1112,132815,UEFA_Euro_2020,A,international,UEFA,4,2020,2019-06-07T18:45:00+00:00,FT,included,cohort_A_all_completed,"events,lineups",pending,pending
4/2020/2019-06-07/21/776,132814,UEFA_Euro_2020,A,international,UEFA,4,2020,2019-06-07T18:45:00+00:00,FT,included,cohort_A_all_completed,"events,lineups",pending,pending
4/2020/2019-06-07/770/1103,132811,UEFA_Euro_2020,A,international,UEFA,4,2020,2019-06-07T18:45:00+00:00,FT,included,cohort_A_all_completed,"events,lineups",pending,pending
4/2020/2019-06-07/772/14,132812,UEFA_Euro_2020,A,international,UEFA,4,2020,2019-06-07T18:45:00+00:00,FT,included,cohort_A_all_completed,"events,lineups",pending,pending
4/2020/2019-06-07/775/1091,132820,UEFA_Euro_2020,A,international,UEFA,4,2020,2019-06-07T18:45:00+00:00,FT,included,cohort_A_all_completed,"events,lineups",pending,pending
4/2020/2019-06-07/1090/774,132816,UEFA_Euro_2020,A,international,UEFA,4,2020,2019-06-07T18:45:00+00:00,FT,included,cohort_A_all_completed,"events,lineups",pending,pending
4/2020/2019-06-07/1092/1116,132818,UEFA_Euro_2020,A,international,UEFA,4,2020,2019-06-07T18:45:00+00:00,FT,included,cohort_A_all_completed,"events,lineups",pending,pending
4/2020/2019-06-07/1097/1102,132813,UEFA_Euro_2020,A,international,UEFA,4,2020,2019-06-07T18:45:00+00:00,FT,included,cohort_A_all_completed,"events,lineups",pending,pending
4/2020/2019-06-07/1098/9,132817,UEFA_Euro_2020,A,international,UEFA,4,2020,2019-06-07T18:45:00+00:00,FT,included,cohort_A_all_completed,"events,lineups",pending,pending
4/2020/2019-06-07/1105/24,132819,UEFA_Euro_2020,A,international,UEFA,4,2020,2019-06-07T18:45:00+00:00,FT,included,cohort_A_all_completed,"events,lineups",pending,pending
4/2020/2019-06-07/1109/1111,132810,UEFA_Euro_2020,A,international,UEFA,4,2020,2019-06-07T18:45:00+00:00,FT,included,cohort_A_all_completed,"events,lineups",pending,pending
4/2020/2019-06-08/3/767,132821,UEFA_Euro_2020,A,international,UEFA,4,2020,2019-06-08T13:00:00+00:00,FT,included,cohort_A_all_completed,"events,lineups",pending,pending
4/2020/2019-06-08/18/778,132822,UEFA_Euro_2020,A,international,UEFA,4,2020,2019-06-08T13:00:00+00:00,FT,included,cohort_A_all_completed,"events,lineups",pending,pending
4/2020/2019-06-08/4/1115,132826,UEFA_Euro_2020,A,international,UEFA,4,2020,2019-06-08T16:00:00+00:00,FT,included,cohort_A_all_completed,"events,lineups",pending,pending
4/2020/2019-06-08/1094/1107,132828,UEFA_Euro_2020,A,international,UEFA,4,2020,2019-06-08T16:00:00+00:00,FT,included,cohort_A_all_completed,"events,lineups",pending,pending
4/2020/2019-06-08/1096/769,132824,UEFA_Euro_2020,A,international,UEFA,4,2020,2019-06-08T16:00:00+00:00,FT,included,cohort_A_all_completed,"events,lineups",pending,pending
4/2020/2019-06-08/1099/1113,132827,UEFA_Euro_2020,A,international,UEFA,4,2020,2019-06-08T16:00:00+00:00,FT,included,cohort_A_all_completed,"events,lineups",pending,pending
4/2020/2019-06-08/1101/771,132823,UEFA_Euro_2020,A,international,UEFA,4,2020,2019-06-08T16:00:00+00:00,FT,included,cohort_A_all_completed,"events,lineups",pending,pending
4/2020/2019-06-08/1114/1110,132825,UEFA_Euro_2020,A,international,UEFA,4,2020,2019-06-08T16:00:00+00:00,FT,included,cohort_A_all_completed,"events,lineups",pending,pending
4/2020/2019-06-08/1/1095,132832,UEFA_Euro_2020,A,international,UEFA,4,2020,2019-06-08T18:45:00+00:00,FT,included,cohort_A_all_completed,"events,lineups",pending,pending
4/2020/2019-06-08/777/2,132830,UEFA_Euro_2020,A,international,UEFA,4,2020,2019-06-08T18:45:00+00:00,FT,included,cohort_A_all_completed,"events,lineups",pending,pending
4/2020/2019-06-08/1100/25,132829,UEFA_Euro_2020,A,international,UEFA,4,2020,2019-06-08T18:45:00+00:00,FT,included,cohort_A_all_completed,"events,lineups",pending,pending
4/2020/2019-06-08/1108/1106,132831,UEFA_Euro_2020,A,international,UEFA,4,2020,2019-06-08T18:45:00+00:00,FT,included,cohort_A_all_completed,"events,lineups",pending,pending
4/2020/2019-06-08/1117/768,132833,UEFA_Euro_2020,A,international,UEFA,4,2020,2019-06-08T18:45:00+00:00,FT,included,cohort_A_all_completed,"events,lineups",pending,pending
4/2020/2019-06-10/9/5,132840,UEFA_Euro_2020,A,international,UEFA,4,2020,2019-06-10T18:45:00+00:00,FT,included,cohort_A_all_completed,"events,lineups",pending,pending
4/2020/2019-06-10/14/1097,132837,UEFA_Euro_2020,A,international,UEFA,4,2020,2019-06-10T18:45:00+00:00,FT,included,cohort_A_all_completed,"events,lineups",pending,pending
4/2020/2019-06-10/21/1104,132839,UEFA_Euro_2020,A,international,UEFA,4,2020,2019-06-10T18:45:00+00:00,FT,included,cohort_A_all_completed,"events,lineups",pending,pending
4/2020/2019-06-10/24/1116,132843,UEFA_Euro_2020,A,international,UEFA,4,2020,2019-06-10T18:45:00+00:00,FT,included,cohort_A_all_completed,"events,lineups",pending,pending
4/2020/2019-06-10/770/1109,132834,UEFA_Euro_2020,A,international,UEFA,4,2020,2019-06-10T18:45:00+00:00,FT,included,cohort_A_all_completed,"events,lineups",pending,pending
4/2020/2019-06-10/772/1102,132836,UEFA_Euro_2020,A,international,UEFA,4,2020,2019-06-10T18:45:00+00:00,FT,included,cohort_A_all_completed,"events,lineups",pending,pending
4/2020/2019-06-10/776/1093,132838,UEFA_Euro_2020,A,international,UEFA,4,2020,2019-06-10T18:45:00+00:00,FT,included,cohort_A_all_completed,"events,lineups",pending,pending
4/2020/2019-06-10/1092/1091,132844,UEFA_Euro_2020,A,international,UEFA,4,2020,2019-06-10T18:45:00+00:00,FT,included,cohort_A_all_completed,"events,lineups",pending,pending
4/2020/2019-06-10/1098/1090,132842,UEFA_Euro_2020,A,international,UEFA,4,2020,2019-06-10T18:45:00+00:00,FT,included,cohort_A_all_completed,"events,lineups",pending,pending
4/2020/2019-06-10/1103/1111,132835,UEFA_Euro_2020,A,international,UEFA,4,2020,2019-06-10T18:45:00+00:00,FT,included,cohort_A_all_completed,"events,lineups",pending,pending
4/2020/2019-06-10/1105/775,132845,UEFA_Euro_2020,A,international,UEFA,4,2020,2019-06-10T18:45:00+00:00,FT,included,cohort_A_all_completed,"events,lineups",pending,pending
4/2020/2019-06-10/1112/774,132841,UEFA_Euro_2020,A,international,UEFA,4,2020,2019-06-10T18:45:00+00:00,FT,included,cohort_A_all_completed,"events,lineups",pending,pending
4/2020/2019-06-11/1095/1115,132846,UEFA_Euro_2020,A,international,UEFA,4,2020,2019-06-11T14:00:00+00:00,FT,included,cohort_A_all_completed,"events,lineups",pending,pending
4/2020/2019-06-11/1096/773,132847,UEFA_Euro_2020,A,international,UEFA,4,2020,2019-06-11T16:00:00+00:00,FT,included,cohort_A_all_completed,"events,lineups",pending,pending
4/2020/2019-06-11/1/1108,132855,UEFA_Euro_2020,A,international,UEFA,4,2020,2019-06-11T18:45:00+00:00,FT,included,cohort_A_all_completed,"events,lineups",pending,pending
4/2020/2019-06-11/4/1106,132854,UEFA_Euro_2020,A,international,UEFA,4,2020,2019-06-11T18:45:00+00:00,FT,included,cohort_A_all_completed,"events,lineups",pending,pending
4/2020/2019-06-11/18/777,132851,UEFA_Euro_2020,A,international,UEFA,4,2020,2019-06-11T18:45:00+00:00,FT,included,cohort_A_all_completed,"events,lineups",pending,pending
4/2020/2019-06-11/25/1101,132848,UEFA_Euro_2020,A,international,UEFA,4,2020,2019-06-11T18:45:00+00:00,FT,included,cohort_A_all_completed,"events,lineups",pending,pending
4/2020/2019-06-11/768/1113,132857,UEFA_Euro_2020,A,international,UEFA,4,2020,2019-06-11T18:45:00+00:00,FT,included,cohort_A_all_completed,"events,lineups",pending,pending
4/2020/2019-06-11/769/767,132850,UEFA_Euro_2020,A,international,UEFA,4,2020,2019-06-11T18:45:00+00:00,FT,included,cohort_A_all_completed,"events,lineups",pending,pending
4/2020/2019-06-11/778/1114,132853,UEFA_Euro_2020,A,international,UEFA,4,2020,2019-06-11T18:45:00+00:00,FT,included,cohort_A_all_completed,"events,lineups",pending,pending
4/2020/2019-06-11/1100/771,132849,UEFA_Euro_2020,A,international,UEFA,4,2020,2019-06-11T18:45:00+00:00,FT,included,cohort_A_all_completed,"events,lineups",pending,pending
4/2020/2019-06-11/1107/1099,132856,UEFA_Euro_2020,A,international,UEFA,4,2020,2019-06-11T18:45:00+00:00,FT,included,cohort_A_all_completed,"events,lineups",pending,pending
4/2020/2019-06-11/1110/2,132852,UEFA_Euro_2020,A,international,UEFA,4,2020,2019-06-11T18:45:00+00:00,FT,included,cohort_A_all_completed,"events,lineups",pending,pending
4/2020/2019-06-11/1117/1094,132858,UEFA_Euro_2020,A,international,UEFA,4,2020,2019-06-11T18:45:00+00:00,FT,included,cohort_A_all_completed,"events,lineups",pending,pending
4/2020/2019-09-05/1094/768,132859,UEFA_Euro_2020,A,international,UEFA,4,2020,2019-09-05T16:00:00+00:00,FT,included,cohort_A_all_completed,"events,lineups",pending,pending
4/2020/2019-09-05/774/9,132862,UEFA_Euro_2020,A,international,UEFA,4,2020,2019-09-05T18:45:00+00:00,FT,included,cohort_A_all_completed,"events,lineups",pending,pending
4/2020/2019-09-05/776/15,132860,UEFA_Euro_2020,A,international,UEFA,4,2020,2019-09-05T18:45:00+00:00,FT,included,cohort_A_all_completed,"events,lineups",pending,pending
4/2020/2019-09-05/1090/1112,132863,UEFA_Euro_2020,A,international,UEFA,4,2020,2019-09-05T18:45:00+00:00,FT,included,cohort_A_all_completed,"events,lineups",pending,pending
4/2020/2019-09-05/1093/21,132861,UEFA_Euro_2020,A,international,UEFA,4,2020,2019-09-05T18:45:00+00:00,FT,included,cohort_A_all_completed,"events,lineups",pending,pending
4/2020/2019-09-05/1098/5,132864,UEFA_Euro_2020,A,international,UEFA,4,2020,2019-09-05T18:45:00+00:00,FT,included,cohort_A_all_completed,"events,lineups",pending,pending
4/2020/2019-09-05/1099/1117,132866,UEFA_Euro_2020,A,international,UEFA,4,2020,2019-09-05T18:45:00+00:00,FT,included,cohort_A_all_completed,"events,lineups",pending,pending
4/2020/2019-09-05/1113/1107,132867,UEFA_Euro_2020,A,international,UEFA,4,2020,2019-09-05T18:45:00+00:00,FT,included,cohort_A_all_completed,"events,lineups",pending,pending
4/2020/2019-09-05/1116/1105,132865,UEFA_Euro_2020,A,international,UEFA,4,2020,2019-09-05T18:45:00+00:00,FT,included,cohort_A_all_completed,"events,lineups",pending,pending
4/2020/2019-09-06/1101/1100,132868,UEFA_Euro_2020,A,international,UEFA,4,2020,2019-09-06T16:00:00+00:00,FT,included,cohort_A_all_completed,"events,lineups",pending,pending
4/2020/2019-09-06/1106/1095,132869,UEFA_Euro_2020,A,international,UEFA,4,2020,2019-09-06T16:00:00+00:00,FT,included,cohort_A_all_completed,"events,lineups",pending,pending
4/2020/2019-09-06/25/1118,132870,UEFA_Euro_2020,A,international,UEFA,4,2020,2019-09-06T18:45:00+00:00,FT,included,cohort_A_all_completed,"events,lineups",pending,pending
4/2020/2019-09-06/767/1096,132871,UEFA_Euro_2020,A,international,UEFA,4,2020,2019-09-06T18:45:00+00:00,FT,included,cohort_A_all_completed,"events,lineups",pending,pending
4/2020/2019-09-06/773/3,132872,UEFA_Euro_2020,A,international,UEFA,4,2020,2019-09-06T18:45:00+00:00,FT,included,cohort_A_all_completed,"events,lineups",pending,pending
4/2020/2019-09-06/775/1092,132874,UEFA_Euro_2020,A,international,UEFA,4,2020,2019-09-06T18:45:00+00:00,FT,included,cohort_A_all_completed,"events,lineups",pending,pending
4/2020/2019-09-06/1091/24,132873,UEFA_Euro_2020,A,international,UEFA,4,2020,2019-09-06T18:45:00+00:00,FT,included,cohort_A_all_completed,"events,lineups",pending,pending
4/2020/2019-09-06/1108/4,132875,UEFA_Euro_2020,A,international,UEFA,4,2020,2019-09-06T18:45:00+00:00,FT,included,cohort_A_all_completed,"events,lineups",pending,pending
4/2020/2019-09-06/1115/1,132876,UEFA_Euro_2020,A,international,UEFA,4,2020,2019-09-06T18:45:00+00:00,FT,included,cohort_A_all_completed,"events,lineups",pending,pending
4/2020/2019-09-07/1111/770,132877,UEFA_Euro_2020,A,international,UEFA,4,2020,2019-09-07T13:00:00+00:00,FT,included,cohort_A_all_completed,"events,lineups",pending,pending
4/2020/2019-09-07/10/1103,132878,UEFA_Euro_2020,A,international,UEFA,4,2020,2019-09-07T16:00:00+00:00,FT,included,cohort_A_all_completed,"events,lineups",pending,pending
4/2020/2019-09-07/18/1114,132880,UEFA_Euro_2020,A,international,UEFA,4,2020,2019-09-07T16:00:00+00:00,FT,included,cohort_A_all_completed,"events,lineups",pending,pending
4/2020/2019-09-07/1097/772,132879,UEFA_Euro_2020,A,international,UEFA,4,2020,2019-09-07T16:00:00+00:00,FT,included,cohort_A_all_completed,"events,lineups",pending,pending
4/2020/2019-09-07/2/778,132883,UEFA_Euro_2020,A,international,UEFA,4,2020,2019-09-07T18:45:00+00:00,FT,included,cohort_A_all_completed,"events,lineups",pending,pending
4/2020/2019-09-07/14/27,132881,UEFA_Euro_2020,A,international,UEFA,4,2020,2019-09-07T18:45:00+00:00,FT,included,cohort_A_all_completed,"events,lineups",pending,pending
4/2020/2019-09-07/777/1110,132882,UEFA_Euro_2020,A,international,UEFA,4,2020,2019-09-07T18:45:00+00:00,FT,included,cohort_A_all_completed,"events,lineups",pending,pending
4/2020/2019-09-08/1094/1113,132884,UEFA_Euro_2020,A,international,UEFA,4,2020,2019-09-08T13:00:00+00:00,FT,included,cohort_A_all_completed,"events,lineups",pending,pending
4/2020/2019-09-08/15/1093,132885,UEFA_Euro_2020,A,international,UEFA,4,2020,2019-09-08T16:00:00+00:00,FT,included,cohort_A_all_completed,"events,lineups",pending,pending
4/2020/2019-09-08/774/1112,132887,UEFA_Euro_2020,A,international,UEFA,4,2020,2019-09-08T16:00:00+00:00,FT,included,cohort_A_all_completed,"events,lineups",pending,pending
4/2020/2019-09-08/1104/21,132886,UEFA_Euro_2020,A,international,UEFA,4,2020,2019-09-08T16:00:00+00:00,FT,included,cohort_A_all_completed,"events,lineups",pending,pending
4/2020/2019-09-08/5/1090,132889,UEFA_Euro_2020,A,international,UEFA,4,2020,2019-09-08T18:45:00+00:00,FT,included,cohort_A_all_completed,"events,lineups",pending,pending
4/2020/2019-09-08/9/1098,132888,UEFA_Euro_2020,A,international,UEFA,4,2020,2019-09-08T18:45:00+00:00,FT,included,cohort_A_all_completed,"events,lineups",pending,pending
4/2020/2019-09-08/1099/768,132891,UEFA_Euro_2020,A,international,UEFA,4,2020,2019-09-08T18:45:00+00:00,FT,included,cohort_A_all_completed,"events,lineups",pending,pending
4/2020/2019-09-08/1117/1107,132890,UEFA_Euro_2020,A,international,UEFA,4,2020,2019-09-08T18:45:00+00:00,FT,included,cohort_A_all_completed,"events,lineups",pending,pending
4/2020/2019-09-09/1096/3,132892,UEFA_Euro_2020,A,international,UEFA,4,2020,2019-09-09T16:00:00+00:00,FT,included,cohort_A_all_completed,"events,lineups",pending,pending
4/2020/2019-09-09/4/1095,132901,UEFA_Euro_2020,A,international,UEFA,4,2020,2019-09-09T18:45:00+00:00,FT,included,cohort_A_all_completed,"events,lineups",pending,pending
4/2020/2019-09-09/24/775,132897,UEFA_Euro_2020,A,international,UEFA,4,2020,2019-09-09T18:45:00+00:00,FT,included,cohort_A_all_completed,"events,lineups",pending,pending
4/2020/2019-09-09/769/773,132895,UEFA_Euro_2020,A,international,UEFA,4,2020,2019-09-09T18:45:00+00:00,FT,included,cohort_A_all_completed,"events,lineups",pending,pending
4/2020/2019-09-09/771/25,132893,UEFA_Euro_2020,A,international,UEFA,4,2020,2019-09-09T18:45:00+00:00,FT,included,cohort_A_all_completed,"events,lineups",pending,pending
4/2020/2019-09-09/1091/1116,132896,UEFA_Euro_2020,A,international,UEFA,4,2020,2019-09-09T18:45:00+00:00,FT,included,cohort_A_all_completed,"events,lineups",pending,pending
4/2020/2019-09-09/1092/1105,132898,UEFA_Euro_2020,A,international,UEFA,4,2020,2019-09-09T18:45:00+00:00,FT,included,cohort_A_all_completed,"events,lineups",pending,pending
4/2020/2019-09-09/1101/1118,132894,UEFA_Euro_2020,A,international,UEFA,4,2020,2019-09-09T18:45:00+00:00,FT,included,cohort_A_all_completed,"events,lineups",pending,pending
4/2020/2019-09-09/1108/1,132899,UEFA_Euro_2020,A,international,UEFA,4,2020,2019-09-09T18:45:00+00:00,FT,included,cohort_A_all_completed,"events,lineups",pending,pending
4/2020/2019-09-09/1115/1106,132900,UEFA_Euro_2020,A,international,UEFA,4,2020,2019-09-09T18:45:00+00:00,FT,included,cohort_A_all_completed,"events,lineups",pending,pending
4/2020/2019-09-10/2/1110,132907,UEFA_Euro_2020,A,international,UEFA,4,2020,2019-09-10T18:45:00+00:00,FT,included,cohort_A_all_completed,"events,lineups",pending,pending
4/2020/2019-09-10/10/1111,132903,UEFA_Euro_2020,A,international,UEFA,4,2020,2019-09-10T18:45:00+00:00,FT,included,cohort_A_all_completed,"events,lineups",pending,pending
4/2020/2019-09-10/778/18,132908,UEFA_Euro_2020,A,international,UEFA,4,2020,2019-09-10T18:45:00+00:00,FT,included,cohort_A_all_completed,"events,lineups",pending,pending
4/2020/2019-09-10/1097/27,132905,UEFA_Euro_2020,A,international,UEFA,4,2020,2019-09-10T18:45:00+00:00,FT,included,cohort_A_all_completed,"events,lineups",pending,pending
4/2020/2019-09-10/1102/14,132904,UEFA_Euro_2020,A,international,UEFA,4,2020,2019-09-10T18:45:00+00:00,FT,included,cohort_A_all_completed,"events,lineups",pending,pending
4/2020/2019-09-10/1109/770,132902,UEFA_Euro_2020,A,international,UEFA,4,2020,2019-09-10T18:45:00+00:00,FT,included,cohort_A_all_completed,"events,lineups",pending,pending
4/2020/2019-09-10/1114/777,132906,UEFA_Euro_2020,A,international,UEFA,4,2020,2019-09-10T18:45:00+00:00,FT,included,cohort_A_all_completed,"events,lineups",pending,pending
4/2020/2019-10-10/1095/1106,132909,UEFA_Euro_2020,A,international,UEFA,4,2020,2019-10-10T14:00:00+00:00,FT,included,cohort_A_all_completed,"events,lineups",pending,pending
4/2020/2019-10-10/1100/1101,132910,UEFA_Euro_2020,A,international,UEFA,4,2020,2019-10-10T16:00:00+00:00,FT,included,cohort_A_all_completed,"events,lineups",pending,pending
4/2020/2019-10-10/1/1115,132918,UEFA_Euro_2020,A,international,UEFA,4,2020,2019-10-10T18:45:00+00:00,FT,included,cohort_A_all_completed,"events,lineups",pending,pending
4/2020/2019-10-10/3/769,132913,UEFA_Euro_2020,A,international,UEFA,4,2020,2019-10-10T18:45:00+00:00,FT,included,cohort_A_all_completed,"events,lineups",pending,pending
4/2020/2019-10-10/4/1108,132917,UEFA_Euro_2020,A,international,UEFA,4,2020,2019-10-10T18:45:00+00:00,FT,included,cohort_A_all_completed,"events,lineups",pending,pending
4/2020/2019-10-10/773/767,132912,UEFA_Euro_2020,A,international,UEFA,4,2020,2019-10-10T18:45:00+00:00,FT,included,cohort_A_all_completed,"events,lineups",pending,pending
4/2020/2019-10-10/775/1116,132916,UEFA_Euro_2020,A,international,UEFA,4,2020,2019-10-10T18:45:00+00:00,FT,included,cohort_A_all_completed,"events,lineups",pending,pending
4/2020/2019-10-10/1092/24,132914,UEFA_Euro_2020,A,international,UEFA,4,2020,2019-10-10T18:45:00+00:00,FT,included,cohort_A_all_completed,"events,lineups",pending,pending
4/2020/2019-10-10/1105/1091,132915,UEFA_Euro_2020,A,international,UEFA,4,2020,2019-10-10T18:45:00+00:00,FT,included,cohort_A_all_completed,"events,lineups",pending,pending
4/2020/2019-10-10/1118/771,132911,UEFA_Euro_2020,A,international,UEFA,4,2020,2019-10-10T18:45:00+00:00,FT,included,cohort_A_all_completed,"events,lineups",pending,pending
4/2020/2019-10-11/18/2,132924,UEFA_Euro_2020,A,international,UEFA,4,2020,2019-10-11T18:45:00+00:00,FT,included,cohort_A_all_completed,"events,lineups",pending,pending
4/2020/2019-10-11/27/1102,132922,UEFA_Euro_2020,A,international,UEFA,4,2020,2019-10-11T18:45:00+00:00,FT,included,cohort_A_all_completed,"events,lineups",pending,pending
4/2020/2019-10-11/770/10,132920,UEFA_Euro_2020,A,international,UEFA,4,2020,2019-10-11T18:45:00+00:00,FT,included,cohort_A_all_completed,"events,lineups",pending,pending
4/2020/2019-10-11/772/1097,132921,UEFA_Euro_2020,A,international,UEFA,4,2020,2019-10-11T18:45:00+00:00,FT,included,cohort_A_all_completed,"events,lineups",pending,pending
4/2020/2019-10-11/777/778,132923,UEFA_Euro_2020,A,international,UEFA,4,2020,2019-10-11T18:45:00+00:00,FT,included,cohort_A_all_completed,"events,lineups",pending,pending
4/2020/2019-10-11/1109/1103,132919,UEFA_Euro_2020,A,international,UEFA,4,2020,2019-10-11T18:45:00+00:00,FT,included,cohort_A_all_completed,"events,lineups",pending,pending
4/2020/2019-10-11/1110/1114,132925,UEFA_Euro_2020,A,international,UEFA,4,2020,2019-10-11T18:45:00+00:00,FT,included,cohort_A_all_completed,"events,lineups",pending,pending
4/2020/2019-10-12/1104/776,132926,UEFA_Euro_2020,A,international,UEFA,4,2020,2019-10-12T13:00:00+00:00,FT,included,cohort_A_all_completed,"events,lineups",pending,pending
4/2020/2019-10-12/21/15,132927,UEFA_Euro_2020,A,international,UEFA,4,2020,2019-10-12T16:00:00+00:00,FT,included,cohort_A_all_completed,"events,lineups",pending,pending
4/2020/2019-10-12/1098/774,132928,UEFA_Euro_2020,A,international,UEFA,4,2020,2019-10-12T16:00:00+00:00,FT,included,cohort_A_all_completed,"events,lineups",pending,pending
4/2020/2019-10-12/1113/1099,132929,UEFA_Euro_2020,A,international,UEFA,4,2020,2019-10-12T16:00:00+00:00,FT,included,cohort_A_all_completed,"events,lineups",pending,pending
4/2020/2019-10-12/768/1117,132933,UEFA_Euro_2020,A,international,UEFA,4,2020,2019-10-12T18:45:00+00:00,FT,included,cohort_A_all_completed,"events,lineups",pending,pending
4/2020/2019-10-12/1090/9,132930,UEFA_Euro_2020,A,international,UEFA,4,2020,2019-10-12T18:45:00+00:00,FT,included,cohort_A_all_completed,"events,lineups",pending,pending
4/2020/2019-10-12/1107/1094,132932,UEFA_Euro_2020,A,international,UEFA,4,2020,2019-10-12T18:45:00+00:00,FT,included,cohort_A_all_completed,"events,lineups",pending,pending
4/2020/2019-10-12/1112/5,132931,UEFA_Euro_2020,A,international,UEFA,4,2020,2019-10-12T18:45:00+00:00,FT,included,cohort_A_all_completed,"events,lineups",pending,pending
4/2020/2019-10-13/1095/1,132934,UEFA_Euro_2020,A,international,UEFA,4,2020,2019-10-13T13:00:00+00:00,FT,included,cohort_A_all_completed,"events,lineups",pending,pending
4/2020/2019-10-13/769/1096,132936,UEFA_Euro_2020,A,international,UEFA,4,2020,2019-10-13T16:00:00+00:00,FT,included,cohort_A_all_completed,"events,lineups",pending,pending
4/2020/2019-10-13/1100/1118,132935,UEFA_Euro_2020,A,international,UEFA,4,2020,2019-10-13T16:00:00+00:00,FT,included,cohort_A_all_completed,"events,lineups",pending,pending
4/2020/2019-10-13/1106/4,132938,UEFA_Euro_2020,A,international,UEFA,4,2020,2019-10-13T16:00:00+00:00,FT,included,cohort_A_all_completed,"events,lineups",pending,pending
4/2020/2019-10-13/1108/1115,132937,UEFA_Euro_2020,A,international,UEFA,4,2020,2019-10-13T16:00:00+00:00,FT,included,cohort_A_all_completed,"events,lineups",pending,pending
4/2020/2019-10-13/24/1105,132942,UEFA_Euro_2020,A,international,UEFA,4,2020,2019-10-13T18:45:00+00:00,FT,included,cohort_A_all_completed,"events,lineups",pending,pending
4/2020/2019-10-13/767/3,132940,UEFA_Euro_2020,A,international,UEFA,4,2020,2019-10-13T18:45:00+00:00,FT,included,cohort_A_all_completed,"events,lineups",pending,pending
4/2020/2019-10-13/1091/775,132941,UEFA_Euro_2020,A,international,UEFA,4,2020,2019-10-13T18:45:00+00:00,FT,included,cohort_A_all_completed,"events,lineups",pending,pending
4/2020/2019-10-13/1101/25,132939,UEFA_Euro_2020,A,international,UEFA,4,2020,2019-10-13T18:45:00+00:00,FT,included,cohort_A_all_completed,"events,lineups",pending,pending
4/2020/2019-10-14/2/777,132949,UEFA_Euro_2020,A,international,UEFA,4,2020,2019-10-14T18:45:00+00:00,FT,included,cohort_A_all_completed,"events,lineups",pending,pending
4/2020/2019-10-14/18/1110,132948,UEFA_Euro_2020,A,international,UEFA,4,2020,2019-10-14T18:45:00+00:00,FT,included,cohort_A_all_completed,"events,lineups",pending,pending
4/2020/2019-10-14/772/27,132945,UEFA_Euro_2020,A,international,UEFA,4,2020,2019-10-14T18:45:00+00:00,FT,included,cohort_A_all_completed,"events,lineups",pending,pending
4/2020/2019-10-14/1097/14,132946,UEFA_Euro_2020,A,international,UEFA,4,2020,2019-10-14T18:45:00+00:00,FT,included,cohort_A_all_completed,"events,lineups",pending,pending
4/2020/2019-10-14/1103/10,132944,UEFA_Euro_2020,A,international,UEFA,4,2020,2019-10-14T18:45:00+00:00,FT,included,cohort_A_all_completed,"events,lineups",pending,pending
4/2020/2019-10-14/1111/1109,132943,UEFA_Euro_2020,A,international,UEFA,4,2020,2019-10-14T18:45:00+00:00,FT,included,cohort_A_all_completed,"events,lineups",pending,pending
4/2020/2019-10-14/1114/778,132947,UEFA_Euro_2020,A,international,UEFA,4,2020,2019-10-14T18:45:00+00:00,FT,included,cohort_A_all_completed,"events,lineups",pending,pending
4/2020/2019-10-15/1099/1094,132950,UEFA_Euro_2020,A,international,UEFA,4,2020,2019-10-15T16:00:00+00:00,FT,included,cohort_A_all_completed,"events,lineups",pending,pending
4/2020/2019-10-15/5/9,132953,UEFA_Euro_2020,A,international,UEFA,4,2020,2019-10-15T18:45:00+00:00,FT,included,cohort_A_all_completed,"events,lineups",pending,pending
4/2020/2019-10-15/15/776,132951,UEFA_Euro_2020,A,international,UEFA,4,2020,2019-10-15T18:45:00+00:00,FT,included,cohort_A_all_completed,"events,lineups",pending,pending
4/2020/2019-10-15/774/1090,132954,UEFA_Euro_2020,A,international,UEFA,4,2020,2019-10-15T18:45:00+00:00,FT,included,cohort_A_all_completed,"events,lineups",pending,pending
4/2020/2019-10-15/1093/1104,132952,UEFA_Euro_2020,A,international,UEFA,4,2020,2019-10-15T18:45:00+00:00,FT,included,cohort_A_all_completed,"events,lineups",pending,pending
4/2020/2019-10-15/1098/1112,132955,UEFA_Euro_2020,A,international,UEFA,4,2020,2019-10-15T18:45:00+00:00,FT,included,cohort_A_all_completed,"events,lineups",pending,pending
4/2020/2019-10-15/1107/768,132957,UEFA_Euro_2020,A,international,UEFA,4,2020,2019-10-15T18:45:00+00:00,FT,included,cohort_A_all_completed,"events,lineups",pending,pending
4/2020/2019-10-15/1116/1092,132956,UEFA_Euro_2020,A,international,UEFA,4,2020,2019-10-15T18:45:00+00:00,FT,included,cohort_A_all_completed,"events,lineups",pending,pending
4/2020/2019-10-15/1117/1113,132958,UEFA_Euro_2020,A,international,UEFA,4,2020,2019-10-15T18:45:00+00:00,FT,included,cohort_A_all_completed,"events,lineups",pending,pending
4/2020/2019-11-14/777/18,132959,UEFA_Euro_2020,A,international,UEFA,4,2020,2019-11-14T17:00:00+00:00,FT,included,cohort_A_all_completed,"events,lineups",pending,pending
4/2020/2019-11-14/2/1114,132964,UEFA_Euro_2020,A,international,UEFA,4,2020,2019-11-14T19:45:00+00:00,FT,included,cohort_A_all_completed,"events,lineups",pending,pending
4/2020/2019-11-14/10/1109,132960,UEFA_Euro_2020,A,international,UEFA,4,2020,2019-11-14T19:45:00+00:00,FT,included,cohort_A_all_completed,"events,lineups",pending,pending
4/2020/2019-11-14/14/1102,132962,UEFA_Euro_2020,A,international,UEFA,4,2020,2019-11-14T19:45:00+00:00,FT,included,cohort_A_all_completed,"events,lineups",pending,pending
4/2020/2019-11-14/27/1097,132963,UEFA_Euro_2020,A,international,UEFA,4,2020,2019-11-14T19:45:00+00:00,FT,included,cohort_A_all_completed,"events,lineups",pending,pending
4/2020/2019-11-14/770/1111,132961,UEFA_Euro_2020,A,international,UEFA,4,2020,2019-11-14T19:45:00+00:00,FT,included,cohort_A_all_completed,"events,lineups",pending,pending
4/2020/2019-11-14/778/1110,132965,UEFA_Euro_2020,A,international,UEFA,4,2020,2019-11-14T19:45:00+00:00,FT,included,cohort_A_all_completed,"events,lineups",pending,pending
4/2020/2019-11-15/1090/1098,132972,UEFA_Euro_2020,A,international,UEFA,4,2020,2019-11-15T17:00:00+00:00,FT,included,cohort_A_all_completed,"events,lineups",pending,pending
4/2020/2019-11-15/1094/1117,132967,UEFA_Euro_2020,A,international,UEFA,4,2020,2019-11-15T17:00:00+00:00,FT,included,cohort_A_all_completed,"events,lineups",pending,pending
4/2020/2019-11-15/1099/1107,132966,UEFA_Euro_2020,A,international,UEFA,4,2020,2019-11-15T17:00:00+00:00,FT,included,cohort_A_all_completed,"events,lineups",pending,pending
4/2020/2019-11-15/9/1112,132970,UEFA_Euro_2020,A,international,UEFA,4,2020,2019-11-15T19:45:00+00:00,FT,included,cohort_A_all_completed,"events,lineups",pending,pending
4/2020/2019-11-15/15/1104,132968,UEFA_Euro_2020,A,international,UEFA,4,2020,2019-11-15T19:45:00+00:00,FT,included,cohort_A_all_completed,"events,lineups",pending,pending
4/2020/2019-11-15/21/1093,132969,UEFA_Euro_2020,A,international,UEFA,4,2020,2019-11-15T19:45:00+00:00,FT,included,cohort_A_all_completed,"events,lineups",pending,pending
4/2020/2019-11-15/774/5,132971,UEFA_Euro_2020,A,international,UEFA,4,2020,2019-11-15T19:45:00+00:00,FT,included,cohort_A_all_completed,"events,lineups",pending,pending
4/2020/2019-11-15/1113/768,132973,UEFA_Euro_2020,A,international,UEFA,4,2020,2019-11-15T19:45:00+00:00,FT,included,cohort_A_all_completed,"events,lineups",pending,pending
4/2020/2019-11-16/1106/1108,132974,UEFA_Euro_2020,A,international,UEFA,4,2020,2019-11-16T14:00:00+00:00,FT,included,cohort_A_all_completed,"events,lineups",pending,pending
4/2020/2019-11-16/4/1,132978,UEFA_Euro_2020,A,international,UEFA,4,2020,2019-11-16T17:00:00+00:00,FT,included,cohort_A_all_completed,"events,lineups",pending,pending
4/2020/2019-11-16/1091/1092,132976,UEFA_Euro_2020,A,international,UEFA,4,2020,2019-11-16T17:00:00+00:00,FT,included,cohort_A_all_completed,"events,lineups",pending,pending
4/2020/2019-11-16/1096/767,132975,UEFA_Euro_2020,A,international,UEFA,4,2020,2019-11-16T17:00:00+00:00,FT,included,cohort_A_all_completed,"events,lineups",pending,pending
4/2020/2019-11-16/1115/1095,132977,UEFA_Euro_2020,A,international,UEFA,4,2020,2019-11-16T17:00:00+00:00,FT,included,cohort_A_all_completed,"events,lineups",pending,pending
4/2020/2019-11-16/3/773,132981,UEFA_Euro_2020,A,international,UEFA,4,2020,2019-11-16T19:45:00+00:00,FT,included,cohort_A_all_completed,"events,lineups",pending,pending
4/2020/2019-11-16/25/1100,132980,UEFA_Euro_2020,A,international,UEFA,4,2020,2019-11-16T19:45:00+00:00,FT,included,cohort_A_all_completed,"events,lineups",pending,pending
4/2020/2019-11-16/771/1118,132979,UEFA_Euro_2020,A,international,UEFA,4,2020,2019-11-16T19:45:00+00:00,FT,included,cohort_A_all_completed,"events,lineups",pending,pending
4/2020/2019-11-16/775/1105,132983,UEFA_Euro_2020,A,international,UEFA,4,2020,2019-11-16T19:45:00+00:00,FT,included,cohort_A_all_completed,"events,lineups",pending,pending
4/2020/2019-11-16/1116/24,132982,UEFA_Euro_2020,A,international,UEFA,4,2020,2019-11-16T19:45:00+00:00,FT,included,cohort_A_all_completed,"events,lineups",pending,pending
4/2020/2019-11-17/14/772,132984,UEFA_Euro_2020,A,international,UEFA,4,2020,2019-11-17T14:00:00+00:00,FT,included,cohort_A_all_completed,"events,lineups",pending,pending
4/2020/2019-11-17/1102/27,132985,UEFA_Euro_2020,A,international,UEFA,4,2020,2019-11-17T14:00:00+00:00,FT,included,cohort_A_all_completed,"events,lineups",pending,pending
4/2020/2019-11-17/1103/770,132987,UEFA_Euro_2020,A,international,UEFA,4,2020,2019-11-17T17:00:00+00:00,FT,included,cohort_A_all_completed,"events,lineups",pending,pending
4/2020/2019-11-17/1111/10,132986,UEFA_Euro_2020,A,international,UEFA,4,2020,2019-11-17T17:00:00+00:00,FT,included,cohort_A_all_completed,"events,lineups",pending,pending
4/2020/2019-11-17/778/2,132990,UEFA_Euro_2020,A,international,UEFA,4,2020,2019-11-17T19:45:00+00:00,FT,included,cohort_A_all_completed,"events,lineups",pending,pending
4/2020/2019-11-17/1110/777,132989,UEFA_Euro_2020,A,international,UEFA,4,2020,2019-11-17T19:45:00+00:00,FT,included,cohort_A_all_completed,"events,lineups",pending,pending
4/2020/2019-11-17/1114/18,132988,UEFA_Euro_2020,A,international,UEFA,4,2020,2019-11-17T19:45:00+00:00,FT,included,cohort_A_all_completed,"events,lineups",pending,pending
4/2020/2019-11-18/5/1098,132993,UEFA_Euro_2020,A,international,UEFA,4,2020,2019-11-18T19:45:00+00:00,FT,included,cohort_A_all_completed,"events,lineups",pending,pending
4/2020/2019-11-18/9/774,132994,UEFA_Euro_2020,A,international,UEFA,4,2020,2019-11-18T19:45:00+00:00,FT,included,cohort_A_all_completed,"events,lineups",pending,pending
4/2020/2019-11-18/768/1094,132997,UEFA_Euro_2020,A,international,UEFA,4,2020,2019-11-18T19:45:00+00:00,FT,included,cohort_A_all_completed,"events,lineups",pending,pending
4/2020/2019-11-18/776/21,132991,UEFA_Euro_2020,A,international,UEFA,4,2020,2019-11-18T19:45:00+00:00,FT,included,cohort_A_all_completed,"events,lineups",pending,pending
4/2020/2019-11-18/1093/15,132992,UEFA_Euro_2020,A,international,UEFA,4,2020,2019-11-18T19:45:00+00:00,FT,included,cohort_A_all_completed,"events,lineups",pending,pending
4/2020/2019-11-18/1107/1113,132996,UEFA_Euro_2020,A,international,UEFA,4,2020,2019-11-18T19:45:00+00:00,FT,included,cohort_A_all_completed,"events,lineups",pending,pending
4/2020/2019-11-18/1112/1090,132995,UEFA_Euro_2020,A,international,UEFA,4,2020,2019-11-18T19:45:00+00:00,FT,included,cohort_A_all_completed,"events,lineups",pending,pending
4/2020/2019-11-18/1117/1099,132998,UEFA_Euro_2020,A,international,UEFA,4,2020,2019-11-18T19:45:00+00:00,FT,included,cohort_A_all_completed,"events,lineups",pending,pending
4/2020/2019-11-19/1/1106,133006,UEFA_Euro_2020,A,international,UEFA,4,2020,2019-11-19T19:45:00+00:00,FT,included,cohort_A_all_completed,"events,lineups",pending,pending
4/2020/2019-11-19/24/1091,133003,UEFA_Euro_2020,A,international,UEFA,4,2020,2019-11-19T19:45:00+00:00,FT,included,cohort_A_all_completed,"events,lineups",pending,pending
4/2020/2019-11-19/25/771,133000,UEFA_Euro_2020,A,international,UEFA,4,2020,2019-11-19T19:45:00+00:00,FT,included,cohort_A_all_completed,"events,lineups",pending,pending
4/2020/2019-11-19/767/769,133001,UEFA_Euro_2020,A,international,UEFA,4,2020,2019-11-19T19:45:00+00:00,FT,included,cohort_A_all_completed,"events,lineups",pending,pending
4/2020/2019-11-19/773/1096,133002,UEFA_Euro_2020,A,international,UEFA,4,2020,2019-11-19T19:45:00+00:00,FT,included,cohort_A_all_completed,"events,lineups",pending,pending
4/2020/2019-11-19/1092/775,133004,UEFA_Euro_2020,A,international,UEFA,4,2020,2019-11-19T19:45:00+00:00,FT,included,cohort_A_all_completed,"events,lineups",pending,pending
4/2020/2019-11-19/1105/1116,133005,UEFA_Euro_2020,A,international,UEFA,4,2020,2019-11-19T19:45:00+00:00,FT,included,cohort_A_all_completed,"events,lineups",pending,pending
4/2020/2019-11-19/1108/1095,133008,UEFA_Euro_2020,A,international,UEFA,4,2020,2019-11-19T19:45:00+00:00,FT,included,cohort_A_all_completed,"events,lineups",pending,pending
4/2020/2019-11-19/1115/4,133007,UEFA_Euro_2020,A,international,UEFA,4,2020,2019-11-19T19:45:00+00:00,FT,included,cohort_A_all_completed,"events,lineups",pending,pending
4/2020/2019-11-19/1118/1101,132999,UEFA_Euro_2020,A,international,UEFA,4,2020,2019-11-19T19:45:00+00:00,FT,included,cohort_A_all_completed,"events,lineups",pending,pending
4/2020/2020-10-08/1104/1100,569448,UEFA_Euro_2020,A,international,UEFA,4,2020,2020-10-08T16:00:00+00:00,FT,included,cohort_A_all_completed,"events,lineups",pending,pending
4/2020/2020-10-08/18/774,569454,UEFA_Euro_2020,A,international,UEFA,4,2020,2020-10-08T18:45:00+00:00,FT,included,cohort_A_all_completed,"events,lineups",pending,pending
4/2020/2020-10-08/773/776,569453,UEFA_Euro_2020,A,international,UEFA,4,2020,2020-10-08T18:45:00+00:00,PEN,included,cohort_A_all_completed,"events,lineups",pending,pending
4/2020/2020-10-08/1090/14,569451,UEFA_Euro_2020,A,international,UEFA,4,2020,2020-10-08T18:45:00+00:00,AET,included,cohort_A_all_completed,"events,lineups",pending,pending
4/2020/2020-10-08/1103/769,569455,UEFA_Euro_2020,A,international,UEFA,4,2020,2020-10-08T18:45:00+00:00,FT,included,cohort_A_all_completed,"events,lineups",pending,pending
4/2020/2020-10-08/1105/1111,569449,UEFA_Euro_2020,A,international,UEFA,4,2020,2020-10-08T18:45:00+00:00,FT,included,cohort_A_all_completed,"events,lineups",pending,pending
4/2020/2020-10-08/1108/1116,569450,UEFA_Euro_2020,A,international,UEFA,4,2020,2020-10-08T18:45:00+00:00,PEN,included,cohort_A_all_completed,"events,lineups",pending,pending
4/2020/2020-10-08/1113/771,569452,UEFA_Euro_2020,A,international,UEFA,4,2020,2020-10-08T18:45:00+00:00,PEN,included,cohort_A_all_completed,"events,lineups",pending,pending
4/2020/2020-11-12/1104/1105,640594,UEFA_Euro_2020,A,international,UEFA,4,2020,2020-11-12T17:00:00+00:00,FT,included,cohort_A_all_completed,"events,lineups",pending,pending
4/2020/2020-11-12/14/1108,640595,UEFA_Euro_2020,A,international,UEFA,4,2020,2020-11-12T19:45:00+00:00,PEN,included,cohort_A_all_completed,"events,lineups",pending,pending
4/2020/2020-11-12/769/18,640597,UEFA_Euro_2020,A,international,UEFA,4,2020,2020-11-12T19:45:00+00:00,FT,included,cohort_A_all_completed,"events,lineups",pending,pending
4/2020/2020-11-12/771/773,640596,UEFA_Euro_2020,A,international,UEFA,4,2020,2020-11-12T19:45:00+00:00,AET,included,cohort_A_all_completed,"events,lineups",pending,pending
4/2020/2021-06-11/777/768,657674,UEFA_Euro_2020,A,international,UEFA,4,2020,2021-06-11T19:00:00+00:00,FT,included,cohort_A_all_completed,"events,lineups",pending,pending
4/2020/2021-06-12/767/15,657675,UEFA_Euro_2020,A,international,UEFA,4,2020,2021-06-12T13:00:00+00:00,FT,included,cohort_A_all_completed,"events,lineups",pending,pending
4/2020/2021-06-12/21/1099,657676,UEFA_Euro_2020,A,international,UEFA,4,2020,2021-06-12T16:00:00+00:00,FT,included,cohort_A_all_completed,"events,lineups",pending,pending
4/2020/2021-06-12/1/4,657677,UEFA_Euro_2020,A,international,UEFA,4,2020,2021-06-12T19:00:00+00:00,FT,included,cohort_A_all_completed,"events,lineups",pending,pending
4/2020/2021-06-13/10/3,657678,UEFA_Euro_2020,A,international,UEFA,4,2020,2021-06-13T13:00:00+00:00,FT,included,cohort_A_all_completed,"events,lineups",pending,pending
4/2020/2021-06-13/775/1105,657679,UEFA_Euro_2020,A,international,UEFA,4,2020,2021-06-13T16:00:00+00:00,FT,included,cohort_A_all_completed,"events,lineups",pending,pending
4/2020/2021-06-13/1118/772,657680,UEFA_Euro_2020,A,international,UEFA,4,2020,2021-06-13T19:00:00+00:00,FT,included,cohort_A_all_completed,"events,lineups",pending,pending
4/2020/2021-06-14/1108/770,657681,UEFA_Euro_2020,A,international,UEFA,4,2020,2021-06-14T13:00:00+00:00,FT,included,cohort_A_all_completed,"events,lineups",pending,pending
4/2020/2021-06-14/24/773,657682,UEFA_Euro_2020,A,international,UEFA,4,2020,2021-06-14T16:00:00+00:00,FT,included,cohort_A_all_completed,"events,lineups",pending,pending
4/2020/2021-06-14/9/5,657683,UEFA_Euro_2020,A,international,UEFA,4,2020,2021-06-14T19:00:00+00:00,FT,included,cohort_A_all_completed,"events,lineups",pending,pending
4/2020/2021-06-15/769/27,657684,UEFA_Euro_2020,A,international,UEFA,4,2020,2021-06-15T16:00:00+00:00,FT,included,cohort_A_all_completed,"events,lineups",pending,pending
4/2020/2021-06-15/2/25,657685,UEFA_Euro_2020,A,international,UEFA,4,2020,2021-06-15T19:00:00+00:00,FT,included,cohort_A_all_completed,"events,lineups",pending,pending
4/2020/2021-06-16/1099/4,657686,UEFA_Euro_2020,A,international,UEFA,4,2020,2021-06-16T13:00:00+00:00,FT,included,cohort_A_all_completed,"events,lineups",pending,pending
4/2020/2021-06-16/777/767,657687,UEFA_Euro_2020,A,international,UEFA,4,2020,2021-06-16T16:00:00+00:00,FT,included,cohort_A_all_completed,"events,lineups",pending,pending
4/2020/2021-06-16/768/15,657688,UEFA_Euro_2020,A,international,UEFA,4,2020,2021-06-16T19:00:00+00:00,FT,included,cohort_A_all_completed,"events,lineups",pending,pending
4/2020/2021-06-17/772/1105,657689,UEFA_Euro_2020,A,international,UEFA,4,2020,2021-06-17T13:00:00+00:00,FT,included,cohort_A_all_completed,"events,lineups",pending,pending
4/2020/2021-06-17/21/1,657690,UEFA_Euro_2020,A,international,UEFA,4,2020,2021-06-17T16:00:00+00:00,FT,included,cohort_A_all_completed,"events,lineups",pending,pending
4/2020/2021-06-17/1118/775,657691,UEFA_Euro_2020,A,international,UEFA,4,2020,2021-06-17T19:00:00+00:00,FT,included,cohort_A_all_completed,"events,lineups",pending,pending
4/2020/2021-06-18/5/773,657692,UEFA_Euro_2020,A,international,UEFA,4,2020,2021-06-18T13:00:00+00:00,FT,included,cohort_A_all_completed,"events,lineups",pending,pending
4/2020/2021-06-18/3/770,657693,UEFA_Euro_2020,A,international,UEFA,4,2020,2021-06-18T16:00:00+00:00,FT,included,cohort_A_all_completed,"events,lineups",pending,pending
4/2020/2021-06-18/10/1108,657694,UEFA_Euro_2020,A,international,UEFA,4,2020,2021-06-18T19:00:00+00:00,FT,included,cohort_A_all_completed,"events,lineups",pending,pending
4/2020/2021-06-19/769/2,657695,UEFA_Euro_2020,A,international,UEFA,4,2020,2021-06-19T13:00:00+00:00,FT,included,cohort_A_all_completed,"events,lineups",pending,pending
4/2020/2021-06-19/27/25,657696,UEFA_Euro_2020,A,international,UEFA,4,2020,2021-06-19T16:00:00+00:00,FT,included,cohort_A_all_completed,"events,lineups",pending,pending
4/2020/2021-06-19/9/24,657697,UEFA_Euro_2020,A,international,UEFA,4,2020,2021-06-19T19:00:00+00:00,FT,included,cohort_A_all_completed,"events,lineups",pending,pending
4/2020/2021-06-20/15/777,657698,UEFA_Euro_2020,A,international,UEFA,4,2020,2021-06-20T16:00:00+00:00,FT,included,cohort_A_all_completed,"events,lineups",pending,pending
4/2020/2021-06-20/768/767,657699,UEFA_Euro_2020,A,international,UEFA,4,2020,2021-06-20T16:00:00+00:00,FT,included,cohort_A_all_completed,"events,lineups",pending,pending
4/2020/2021-06-21/772/775,657700,UEFA_Euro_2020,A,international,UEFA,4,2020,2021-06-21T16:00:00+00:00,FT,included,cohort_A_all_completed,"events,lineups",pending,pending
4/2020/2021-06-21/1105/1118,657701,UEFA_Euro_2020,A,international,UEFA,4,2020,2021-06-21T16:00:00+00:00,FT,included,cohort_A_all_completed,"events,lineups",pending,pending
4/2020/2021-06-21/4/21,657702,UEFA_Euro_2020,A,international,UEFA,4,2020,2021-06-21T19:00:00+00:00,FT,included,cohort_A_all_completed,"events,lineups",pending,pending
4/2020/2021-06-21/1099/1,657703,UEFA_Euro_2020,A,international,UEFA,4,2020,2021-06-21T19:00:00+00:00,FT,included,cohort_A_all_completed,"events,lineups",pending,pending
4/2020/2021-06-22/3/1108,657704,UEFA_Euro_2020,A,international,UEFA,4,2020,2021-06-22T19:00:00+00:00,FT,included,cohort_A_all_completed,"events,lineups",pending,pending
4/2020/2021-06-22/770/10,657705,UEFA_Euro_2020,A,international,UEFA,4,2020,2021-06-22T19:00:00+00:00,FT,included,cohort_A_all_completed,"events,lineups",pending,pending
4/2020/2021-06-23/5/24,657706,UEFA_Euro_2020,A,international,UEFA,4,2020,2021-06-23T16:00:00+00:00,FT,included,cohort_A_all_completed,"events,lineups",pending,pending
4/2020/2021-06-23/773/9,657707,UEFA_Euro_2020,A,international,UEFA,4,2020,2021-06-23T16:00:00+00:00,FT,included,cohort_A_all_completed,"events,lineups",pending,pending
4/2020/2021-06-23/25/769,657709,UEFA_Euro_2020,A,international,UEFA,4,2020,2021-06-23T19:00:00+00:00,FT,included,cohort_A_all_completed,"events,lineups",pending,pending
4/2020/2021-06-23/27/2,657708,UEFA_Euro_2020,A,international,UEFA,4,2020,2021-06-23T19:00:00+00:00,FT,included,cohort_A_all_completed,"events,lineups",pending,pending
4/2020/2021-06-26/767/21,713160,UEFA_Euro_2020,A,international,UEFA,4,2020,2021-06-26T16:00:00+00:00,FT,included,cohort_A_all_completed,"events,lineups",pending,pending
4/2020/2021-06-26/768/775,713161,UEFA_Euro_2020,A,international,UEFA,4,2020,2021-06-26T19:00:00+00:00,AET,included,cohort_A_all_completed,"events,lineups",pending,pending
4/2020/2021-06-27/1118/770,713471,UEFA_Euro_2020,A,international,UEFA,4,2020,2021-06-27T16:00:00+00:00,FT,included,cohort_A_all_completed,"events,lineups",pending,pending
4/2020/2021-06-27/1/27,713473,UEFA_Euro_2020,A,international,UEFA,4,2020,2021-06-27T19:00:00+00:00,FT,included,cohort_A_all_completed,"events,lineups",pending,pending
4/2020/2021-06-28/3/9,713472,UEFA_Euro_2020,A,international,UEFA,4,2020,2021-06-28T16:00:00+00:00,AET,included,cohort_A_all_completed,"events,lineups",pending,pending
4/2020/2021-06-28/2/15,713474,UEFA_Euro_2020,A,international,UEFA,4,2020,2021-06-28T19:00:00+00:00,PEN,included,cohort_A_all_completed,"events,lineups",pending,pending
4/2020/2021-06-29/10/25,713475,UEFA_Euro_2020,A,international,UEFA,4,2020,2021-06-29T16:00:00+00:00,FT,included,cohort_A_all_completed,"events,lineups",pending,pending
4/2020/2021-06-29/5/772,713476,UEFA_Euro_2020,A,international,UEFA,4,2020,2021-06-29T19:00:00+00:00,AET,included,cohort_A_all_completed,"events,lineups",pending,pending
4/2020/2021-07-02/15/9,718243,UEFA_Euro_2020,A,international,UEFA,4,2020,2021-07-02T16:00:00+00:00,PEN,included,cohort_A_all_completed,"events,lineups",pending,pending
4/2020/2021-07-02/1/768,718242,UEFA_Euro_2020,A,international,UEFA,4,2020,2021-07-02T19:00:00+00:00,FT,included,cohort_A_all_completed,"events,lineups",pending,pending
4/2020/2021-07-03/770/21,718186,UEFA_Euro_2020,A,international,UEFA,4,2020,2021-07-03T16:00:00+00:00,FT,included,cohort_A_all_completed,"events,lineups",pending,pending
4/2020/2021-07-03/772/10,718252,UEFA_Euro_2020,A,international,UEFA,4,2020,2021-07-03T19:00:00+00:00,FT,included,cohort_A_all_completed,"events,lineups",pending,pending
4/2020/2021-07-06/768/9,721122,UEFA_Euro_2020,A,international,UEFA,4,2020,2021-07-06T19:00:00+00:00,PEN,included,cohort_A_all_completed,"events,lineups",pending,pending
4/2020/2021-07-07/10/21,721123,UEFA_Euro_2020,A,international,UEFA,4,2020,2021-07-07T19:00:00+00:00,AET,included,cohort_A_all_completed,"events,lineups",pending,pending
4/2020/2021-07-11/768/10,723370,UEFA_Euro_2020,A,international,UEFA,4,2020,2021-07-11T19:00:00+00:00,PEN,included,cohort_A_all_completed,"events,lineups",pending,pending
4/2024/2024-06-14/25/1108,1145509,UEFA_Euro_2024,A,international,UEFA,4,2024,2024-06-14T19:00:00+00:00,FT,included,cohort_A_all_completed,"events,lineups",pending,pending
4/2024/2024-06-15/769/15,1145510,UEFA_Euro_2024,A,international,UEFA,4,2024,2024-06-15T13:00:00+00:00,FT,included,cohort_A_all_completed,"events,lineups",pending,pending
4/2024/2024-06-15/9/3,1145511,UEFA_Euro_2024,A,international,UEFA,4,2024,2024-06-15T16:00:00+00:00,FT,included,cohort_A_all_completed,"events,lineups",pending,pending
4/2024/2024-06-15/768/778,1145512,UEFA_Euro_2024,A,international,UEFA,4,2024,2024-06-15T19:00:00+00:00,FT,included,cohort_A_all_completed,"events,lineups",pending,pending
4/2024/2024-06-16/24/1118,1189846,UEFA_Euro_2024,A,international,UEFA,4,2024,2024-06-16T13:00:00+00:00,FT,included,cohort_A_all_completed,"events,lineups",pending,pending
4/2024/2024-06-16/1091/21,1145513,UEFA_Euro_2024,A,international,UEFA,4,2024,2024-06-16T16:00:00+00:00,FT,included,cohort_A_all_completed,"events,lineups",pending,pending
4/2024/2024-06-16/14/10,1145514,UEFA_Euro_2024,A,international,UEFA,4,2024,2024-06-16T19:00:00+00:00,FT,included,cohort_A_all_completed,"events,lineups",pending,pending
4/2024/2024-06-17/774/772,1189847,UEFA_Euro_2024,A,international,UEFA,4,2024,2024-06-17T13:00:00+00:00,FT,included,cohort_A_all_completed,"events,lineups",pending,pending
4/2024/2024-06-17/1/773,1145516,UEFA_Euro_2024,A,international,UEFA,4,2024,2024-06-17T16:00:00+00:00,FT,included,cohort_A_all_completed,"events,lineups",pending,pending
4/2024/2024-06-17/775/2,1145515,UEFA_Euro_2024,A,international,UEFA,4,2024,2024-06-17T19:00:00+00:00,FT,included,cohort_A_all_completed,"events,lineups",pending,pending
4/2024/2024-06-18/777/1104,1189848,UEFA_Euro_2024,A,international,UEFA,4,2024,2024-06-18T16:00:00+00:00,FT,included,cohort_A_all_completed,"events,lineups",pending,pending
4/2024/2024-06-18/27/770,1145517,UEFA_Euro_2024,A,international,UEFA,4,2024,2024-06-18T19:00:00+00:00,FT,included,cohort_A_all_completed,"events,lineups",pending,pending
4/2024/2024-06-19/3/778,1145520,UEFA_Euro_2024,A,international,UEFA,4,2024,2024-06-19T13:00:00+00:00,FT,included,cohort_A_all_completed,"events,lineups",pending,pending
4/2024/2024-06-19/25/769,1145519,UEFA_Euro_2024,A,international,UEFA,4,2024,2024-06-19T16:00:00+00:00,FT,included,cohort_A_all_completed,"events,lineups",pending,pending
4/2024/2024-06-19/1108/15,1145518,UEFA_Euro_2024,A,international,UEFA,4,2024,2024-06-19T19:00:00+00:00,FT,included,cohort_A_all_completed,"events,lineups",pending,pending
4/2024/2024-06-20/1091/14,1145523,UEFA_Euro_2024,A,international,UEFA,4,2024,2024-06-20T13:00:00+00:00,FT,included,cohort_A_all_completed,"events,lineups",pending,pending
4/2024/2024-06-20/21/10,1145522,UEFA_Euro_2024,A,international,UEFA,4,2024,2024-06-20T16:00:00+00:00,FT,included,cohort_A_all_completed,"events,lineups",pending,pending
4/2024/2024-06-20/9/768,1145521,UEFA_Euro_2024,A,international,UEFA,4,2024,2024-06-20T19:00:00+00:00,FT,included,cohort_A_all_completed,"events,lineups",pending,pending
4/2024/2024-06-21/773/772,1189849,UEFA_Euro_2024,A,international,UEFA,4,2024,2024-06-21T13:00:00+00:00,FT,included,cohort_A_all_completed,"events,lineups",pending,pending
4/2024/2024-06-21/24/775,1189850,UEFA_Euro_2024,A,international,UEFA,4,2024,2024-06-21T16:00:00+00:00,FT,included,cohort_A_all_completed,"events,lineups",pending,pending
4/2024/2024-06-21/1118/2,1145524,UEFA_Euro_2024,A,international,UEFA,4,2024,2024-06-21T19:00:00+00:00,FT,included,cohort_A_all_completed,"events,lineups",pending,pending
4/2024/2024-06-22/1104/770,1189851,UEFA_Euro_2024,A,international,UEFA,4,2024,2024-06-22T13:00:00+00:00,FT,included,cohort_A_all_completed,"events,lineups",pending,pending
4/2024/2024-06-22/777/27,1145526,UEFA_Euro_2024,A,international,UEFA,4,2024,2024-06-22T16:00:00+00:00,FT,included,cohort_A_all_completed,"events,lineups",pending,pending
4/2024/2024-06-22/1/774,1145525,UEFA_Euro_2024,A,international,UEFA,4,2024,2024-06-22T19:00:00+00:00,FT,included,cohort_A_all_completed,"events,lineups",pending,pending
4/2024/2024-06-23/15/25,1145527,UEFA_Euro_2024,A,international,UEFA,4,2024,2024-06-23T19:00:00+00:00,FT,included,cohort_A_all_completed,"events,lineups",pending,pending
4/2024/2024-06-23/1108/769,1145528,UEFA_Euro_2024,A,international,UEFA,4,2024,2024-06-23T19:00:00+00:00,FT,included,cohort_A_all_completed,"events,lineups",pending,pending
4/2024/2024-06-24/3/768,1145529,UEFA_Euro_2024,A,international,UEFA,4,2024,2024-06-24T19:00:00+00:00,FT,included,cohort_A_all_completed,"events,lineups",pending,pending
4/2024/2024-06-24/778/9,1145530,UEFA_Euro_2024,A,international,UEFA,4,2024,2024-06-24T19:00:00+00:00,FT,included,cohort_A_all_completed,"events,lineups",pending,pending
4/2024/2024-06-25/2/24,1189852,UEFA_Euro_2024,A,international,UEFA,4,2024,2024-06-25T16:00:00+00:00,FT,included,cohort_A_all_completed,"events,lineups",pending,pending
4/2024/2024-06-25/1118/775,1145533,UEFA_Euro_2024,A,international,UEFA,4,2024,2024-06-25T16:00:00+00:00,FT,included,cohort_A_all_completed,"events,lineups",pending,pending
4/2024/2024-06-25/10/1091,1145531,UEFA_Euro_2024,A,international,UEFA,4,2024,2024-06-25T19:00:00+00:00,FT,included,cohort_A_all_completed,"events,lineups",pending,pending
4/2024/2024-06-25/21/14,1145532,UEFA_Euro_2024,A,international,UEFA,4,2024,2024-06-25T19:00:00+00:00,FT,included,cohort_A_all_completed,"events,lineups",pending,pending
4/2024/2024-06-26/772/1,1189853,UEFA_Euro_2024,A,international,UEFA,4,2024,2024-06-26T16:00:00+00:00,FT,included,cohort_A_all_completed,"events,lineups",pending,pending
4/2024/2024-06-26/773/774,1145534,UEFA_Euro_2024,A,international,UEFA,4,2024,2024-06-26T16:00:00+00:00,FT,included,cohort_A_all_completed,"events,lineups",pending,pending
4/2024/2024-06-26/770/777,1145535,UEFA_Euro_2024,A,international,UEFA,4,2024,2024-06-26T19:00:00+00:00,FT,included,cohort_A_all_completed,"events,lineups",pending,pending
4/2024/2024-06-26/1104/27,1189854,UEFA_Euro_2024,A,international,UEFA,4,2024,2024-06-26T19:00:00+00:00,FT,included,cohort_A_all_completed,"events,lineups",pending,pending
4/2024/2024-06-29/15/768,1212958,UEFA_Euro_2024,A,international,UEFA,4,2024,2024-06-29T16:00:00+00:00,FT,included,cohort_A_all_completed,"events,lineups",pending,pending
4/2024/2024-06-29/25/21,1214156,UEFA_Euro_2024,A,international,UEFA,4,2024,2024-06-29T19:00:00+00:00,FT,included,cohort_A_all_completed,"events,lineups",pending,pending
4/2024/2024-06-30/10/773,1215074,UEFA_Euro_2024,A,international,UEFA,4,2024,2024-06-30T16:00:00+00:00,AET,included,cohort_A_all_completed,"events,lineups",pending,pending
4/2024/2024-06-30/9/1104,1215075,UEFA_Euro_2024,A,international,UEFA,4,2024,2024-06-30T19:00:00+00:00,FT,included,cohort_A_all_completed,"events,lineups",pending,pending
4/2024/2024-07-01/2/1,1215073,UEFA_Euro_2024,A,international,UEFA,4,2024,2024-07-01T16:00:00+00:00,FT,included,cohort_A_all_completed,"events,lineups",pending,pending
4/2024/2024-07-01/27/1091,1215076,UEFA_Euro_2024,A,international,UEFA,4,2024,2024-07-01T19:00:00+00:00,PEN,included,cohort_A_all_completed,"events,lineups",pending,pending
4/2024/2024-07-02/774/1118,1215077,UEFA_Euro_2024,A,international,UEFA,4,2024,2024-07-02T16:00:00+00:00,FT,included,cohort_A_all_completed,"events,lineups",pending,pending
4/2024/2024-07-02/775/777,1215078,UEFA_Euro_2024,A,international,UEFA,4,2024,2024-07-02T19:00:00+00:00,FT,included,cohort_A_all_completed,"events,lineups",pending,pending
4/2024/2024-07-05/9/25,1219688,UEFA_Euro_2024,A,international,UEFA,4,2024,2024-07-05T16:00:00+00:00,AET,included,cohort_A_all_completed,"events,lineups",pending,pending
4/2024/2024-07-05/27/2,1219959,UEFA_Euro_2024,A,international,UEFA,4,2024,2024-07-05T19:00:00+00:00,PEN,included,cohort_A_all_completed,"events,lineups",pending,pending
4/2024/2024-07-06/10/15,1219689,UEFA_Euro_2024,A,international,UEFA,4,2024,2024-07-06T16:00:00+00:00,PEN,included,cohort_A_all_completed,"events,lineups",pending,pending
4/2024/2024-07-06/1118/777,1220308,UEFA_Euro_2024,A,international,UEFA,4,2024,2024-07-06T19:00:00+00:00,FT,included,cohort_A_all_completed,"events,lineups",pending,pending
4/2024/2024-07-09/9/2,1225853,UEFA_Euro_2024,A,international,UEFA,4,2024,2024-07-09T19:00:00+00:00,FT,included,cohort_A_all_completed,"events,lineups",pending,pending
4/2024/2024-07-10/1118/10,1227539,UEFA_Euro_2024,A,international,UEFA,4,2024,2024-07-10T19:00:00+00:00,FT,included,cohort_A_all_completed,"events,lineups",pending,pending
4/2024/2024-07-14/9/10,1232551,UEFA_Euro_2024,A,international,UEFA,4,2024,2024-07-14T19:00:00+00:00,FT,included,cohort_A_all_completed,"events,lineups",pending,pending
39/2023/2023-08-11/44/50,1035037,EPL_2023,B,club,England,39,2023,2023-08-11T19:00:00+00:00,FT,included,cohort_B_rotation_date_order,"events,lineups",pending,pending
140/2023/2023-08-11/723/728,1037952,LaLiga_2023,B,club,Spain,140,2023,2023-08-11T17:30:00+00:00,FT,included,cohort_B_rotation_date_order,"events,lineups",pending,pending
135/2023/2023-08-19/511/504,1052254,SerieA_2023,B,club,Italy,135,2023,2023-08-19T16:30:00+00:00,FT,included,cohort_B_rotation_date_order,"events,lineups",pending,pending
78/2023/2023-08-18/162/157,1048881,Bundesliga_2023,B,club,Germany,78,2023,2023-08-18T18:30:00+00:00,FT,included,cohort_B_rotation_date_order,"events,lineups",pending,pending
61/2023/2023-08-11/84/79,1044885,Ligue1_2023,B,club,France,61,2023,2023-08-11T19:00:00+00:00,FT,included,cohort_B_rotation_date_order,"events,lineups",pending,pending
39/2023/2023-08-12/42/65,1035038,EPL_2023,B,club,England,39,2023,2023-08-12T11:30:00+00:00,FT,included,cohort_B_rotation_date_order,"events,lineups",pending,pending
140/2023/2023-08-11/536/532,1037956,LaLiga_2023,B,club,Spain,140,2023,2023-08-11T20:00:00+00:00,FT,included,cohort_B_rotation_date_order,"events,lineups",pending,pending
135/2023/2023-08-19/512/492,1052255,SerieA_2023,B,club,Italy,135,2023,2023-08-19T16:30:00+00:00,FT,included,cohort_B_rotation_date_order,"events,lineups",pending,pending
78/2023/2023-08-19/161/180,1048886,Bundesliga_2023,B,club,Germany,78,2023,2023-08-19T13:30:00+00:00,FT,included,cohort_B_rotation_date_order,"events,lineups",pending,pending
61/2023/2023-08-12/81/93,1044884,Ligue1_2023,B,club,France,61,2023,2023-08-12T15:00:00+00:00,FT,included,cohort_B_rotation_date_order,"events,lineups",pending,pending
39/2023/2023-08-12/35/48,1035039,EPL_2023,B,club,England,39,2023,2023-08-12T14:00:00+00:00,FT,included,cohort_B_rotation_date_order,"events,lineups",pending,pending
140/2023/2023-08-12/548/547,1037960,LaLiga_2023,B,club,Spain,140,2023,2023-08-12T15:00:00+00:00,FT,included,cohort_B_rotation_date_order,"events,lineups",pending,pending
135/2023/2023-08-19/495/502,1052256,SerieA_2023,B,club,Italy,135,2023,2023-08-19T18:45:00+00:00,FT,included,cohort_B_rotation_date_order,"events,lineups",pending,pending
78/2023/2023-08-19/167/160,1048887,Bundesliga_2023,B,club,Germany,78,2023,2023-08-19T13:30:00+00:00,FT,included,cohort_B_rotation_date_order,"events,lineups",pending,pending
61/2023/2023-08-12/85/97,1044881,Ligue1_2023,B,club,France,61,2023,2023-08-12T19:00:00+00:00,FT,included,cohort_B_rotation_date_order,"events,lineups",pending,pending
39/2023/2023-08-12/45/36,1035041,EPL_2023,B,club,England,39,2023,2023-08-12T14:00:00+00:00,FT,included,cohort_B_rotation_date_order,"events,lineups",pending,pending
140/2023/2023-08-12/534/798,1037957,LaLiga_2023,B,club,Spain,140,2023,2023-08-12T17:30:00+00:00,FT,included,cohort_B_rotation_date_order,"events,lineups",pending,pending
135/2023/2023-08-19/505/1579,1052257,SerieA_2023,B,club,Italy,135,2023,2023-08-19T18:45:00+00:00,FT,included,cohort_B_rotation_date_order,"events,lineups",pending,pending
78/2023/2023-08-19/168/173,1048884,Bundesliga_2023,B,club,Germany,78,2023,2023-08-19T13:30:00+00:00,FT,included,cohort_B_rotation_date_order,"events,lineups",pending,pending
61/2023/2023-08-13/106/116,1044889,Ligue1_2023,B,club,France,61,2023,2023-08-13T11:00:00+00:00,FT,included,cohort_B_rotation_date_order,"events,lineups",pending,pending
39/2023/2023-08-12/51/1359,1035040,EPL_2023,B,club,England,39,2023,2023-08-12T14:00:00+00:00,FT,included,cohort_B_rotation_date_order,"events,lineups",pending,pending
140/2023/2023-08-12/531/541,1037953,LaLiga_2023,B,club,Spain,140,2023,2023-08-12T19:30:00+00:00,FT,included,cohort_B_rotation_date_order,"events,lineups",pending,pending
135/2023/2023-08-20/488/499,1052260,SerieA_2023,B,club,Italy,135,2023,2023-08-20T16:30:00+00:00,FT,included,cohort_B_rotation_date_order,"events,lineups",pending,pending
78/2023/2023-08-19/170/163,1048888,Bundesliga_2023,B,club,Germany,78,2023,2023-08-19T13:30:00+00:00,FT,included,cohort_B_rotation_date_order,"events,lineups",pending,pending
61/2023/2023-08-13/82/111,1044888,Ligue1_2023,B,club,France,61,2023,2023-08-13T13:00:00+00:00,FT,included,cohort_B_rotation_date_order,"events,lineups",pending,pending
39/2023/2023-08-12/62/52,1035042,EPL_2023,B,club,England,39,2023,2023-08-12T14:00:00+00:00,FT,included,cohort_B_rotation_date_order,"events,lineups",pending,pending
140/2023/2023-08-13/538/727,1037955,LaLiga_2023,B,club,Spain,140,2023,2023-08-13T15:00:00+00:00,FT,included,cohort_B_rotation_date_order,"events,lineups",pending,pending
135/2023/2023-08-20/497/514,1052259,SerieA_2023,B,club,Italy,135,2023,2023-08-20T16:30:00+00:00,FT,included,cohort_B_rotation_date_order,"events,lineups",pending,pending
78/2023/2023-08-19/172/176,1048889,Bundesliga_2023,B,club,Germany,78,2023,2023-08-19T13:30:00+00:00,FT,included,cohort_B_rotation_date_order,"events,lineups",pending,pending
61/2023/2023-08-13/83/96,1044887,Ligue1_2023,B,club,France,61,2023,2023-08-13T13:00:00+00:00,FT,included,cohort_B_rotation_date_order,"events,lineups",pending,pending
39/2023/2023-08-12/34/66,1035043,EPL_2023,B,club,England,39,2023,2023-08-12T16:30:00+00:00,FT,included,cohort_B_rotation_date_order,"events,lineups",pending,pending
140/2023/2023-08-13/533/543,1037959,LaLiga_2023,B,club,Spain,140,2023,2023-08-13T17:30:00+00:00,FT,included,cohort_B_rotation_date_order,"events,lineups",pending,pending
135/2023/2023-08-20/494/496,1052262,SerieA_2023,B,club,Italy,135,2023,2023-08-20T18:45:00+00:00,FT,included,cohort_B_rotation_date_order,"events,lineups",pending,pending
78/2023/2023-08-19/165/192,1048882,Bundesliga_2023,B,club,Germany,78,2023,2023-08-19T16:30:00+00:00,FT,included,cohort_B_rotation_date_order,"events,lineups",pending,pending
61/2023/2023-08-13/99/91,1044886,Ligue1_2023,B,club,France,61,2023,2023-08-13T13:00:00+00:00,FT,included,cohort_B_rotation_date_order,"events,lineups",pending,pending
39/2023/2023-08-13/55/47,1035044,EPL_2023,B,club,England,39,2023,2023-08-13T13:00:00+00:00,FT,included,cohort_B_rotation_date_order,"events,lineups",pending,pending
140/2023/2023-08-13/546/529,1037958,LaLiga_2023,B,club,Spain,140,2023,2023-08-13T19:30:00+00:00,FT,included,cohort_B_rotation_date_order,"events,lineups",pending,pending
135/2023/2023-08-20/867/487,1052258,SerieA_2023,B,club,Italy,135,2023,2023-08-20T18:45:00+00:00,FT,included,cohort_B_rotation_date_order,"events,lineups",pending,pending
78/2023/2023-08-20/182/164,1048883,Bundesliga_2023,B,club,Germany,78,2023,2023-08-20T13:30:00+00:00,FT,included,cohort_B_rotation_date_order,"events,lineups",pending,pending
61/2023/2023-08-13/94/112,1044883,Ligue1_2023,B,club,France,61,2023,2023-08-13T15:05:00+00:00,FT,included,cohort_B_rotation_date_order,"events,lineups",pending,pending
39/2023/2023-08-13/49/40,1035045,EPL_2023,B,club,England,39,2023,2023-08-13T15:30:00+00:00,FT,included,cohort_B_rotation_date_order,"events,lineups",pending,pending
140/2023/2023-08-14/724/542,1037961,LaLiga_2023,B,club,Spain,140,2023,2023-08-14T17:30:00+00:00,FT,included,cohort_B_rotation_date_order,"events,lineups",pending,pending
135/2023/2023-08-21/503/490,1052261,SerieA_2023,B,club,Italy,135,2023,2023-08-21T16:30:00+00:00,FT,included,cohort_B_rotation_date_order,"events,lineups",pending,pending
78/2023/2023-08-20/169/181,1048885,Bundesliga_2023,B,club,Germany,78,2023,2023-08-20T15:30:00+00:00,FT,included,cohort_B_rotation_date_order,"events,lineups",pending,pending
61/2023/2023-08-13/95/80,1044882,Ligue1_2023,B,club,France,61,2023,2023-08-13T18:45:00+00:00,FT,included,cohort_B_rotation_date_order,"events,lineups",pending,pending
39/2023/2023-08-14/33/39,1035046,EPL_2023,B,club,England,39,2023,2023-08-14T19:00:00+00:00,FT,included,cohort_B_rotation_date_order,"events,lineups",pending,pending
140/2023/2023-08-14/530/715,1037954,LaLiga_2023,B,club,Spain,140,2023,2023-08-14T19:30:00+00:00,FT,included,cohort_B_rotation_date_order,"events,lineups",pending,pending
135/2023/2023-08-21/500/489,1052253,SerieA_2023,B,club,Italy,135,2023,2023-08-21T18:45:00+00:00,FT,included,cohort_B_rotation_date_order,"events,lineups",pending,pending
78/2023/2023-08-25/173/172,1048891,Bundesliga_2023,B,club,Germany,78,2023,2023-08-25T18:30:00+00:00,FT,included,cohort_B_rotation_date_order,"events,lineups",pending,pending
61/2023/2023-08-18/112/81,1044898,Ligue1_2023,B,club,France,61,2023,2023-08-18T19:00:00+00:00,FT,included,cohort_B_rotation_date_order,"events,lineups",pending,pending
39/2023/2023-08-18/65/62,1035053,EPL_2023,B,club,England,39,2023,2023-08-18T18:45:00+00:00,FT,included,cohort_B_rotation_date_order,"events,lineups",pending,pending
140/2023/2023-08-18/798/533,1037964,LaLiga_2023,B,club,Spain,140,2023,2023-08-18T17:30:00+00:00,FT,included,cohort_B_rotation_date_order,"events,lineups",pending,pending
135/2023/2023-08-26/512/499,1052265,SerieA_2023,B,club,Italy,135,2023,2023-08-26T16:30:00+00:00,FT,included,cohort_B_rotation_date_order,"events,lineups",pending,pending
78/2023/2023-08-26/160/162,1048892,Bundesliga_2023,B,club,Germany,78,2023,2023-08-26T13:30:00+00:00,FT,included,cohort_B_rotation_date_order,"events,lineups",pending,pending
61/2023/2023-08-19/80/82,1044894,Ligue1_2023,B,club,France,61,2023,2023-08-19T17:00:00+00:00,FT,included,cohort_B_rotation_date_order,"events,lineups",pending,pending
39/2023/2023-08-19/36/55,1035049,EPL_2023,B,club,England,39,2023,2023-08-19T14:00:00+00:00,FT,included,cohort_B_rotation_date_order,"events,lineups",pending,pending
140/2023/2023-08-18/532/534,1037971,LaLiga_2023,B,club,Spain,140,2023,2023-08-18T19:30:00+00:00,FT,included,cohort_B_rotation_date_order,"events,lineups",pending,pending
135/2023/2023-08-26/1579/511,1052270,SerieA_2023,B,club,Italy,135,2023,2023-08-26T16:30:00+00:00,FT,included,cohort_B_rotation_date_order,"events,lineups",pending,pending
78/2023/2023-08-26/176/165,1048896,Bundesliga_2023,B,club,Germany,78,2023,2023-08-26T13:30:00+00:00,FT,included,cohort_B_rotation_date_order,"events,lineups",pending,pending
61/2023/2023-08-19/96/85,1044890,Ligue1_2023,B,club,France,61,2023,2023-08-19T19:00:00+00:00,FT,included,cohort_B_rotation_date_order,"events,lineups",pending,pending
39/2023/2023-08-19/39/51,1035056,EPL_2023,B,club,England,39,2023,2023-08-19T14:00:00+00:00,FT,included,cohort_B_rotation_date_order,"events,lineups",pending,pending
140/2023/2023-08-19/548/538,1037969,LaLiga_2023,B,club,Spain,140,2023,2023-08-19T15:00:00+00:00,FT,included,cohort_B_rotation_date_order,"events,lineups",pending,pending
135/2023/2023-08-26/489/503,1052269,SerieA_2023,B,club,Italy,135,2023,2023-08-26T18:45:00+00:00,FT,included,cohort_B_rotation_date_order,"events,lineups",pending,pending
78/2023/2023-08-26/180/167,1048897,Bundesliga_2023,B,club,Germany,78,2023,2023-08-26T13:30:00+00:00,FT,included,cohort_B_rotation_date_order,"events,lineups",pending,pending
61/2023/2023-08-20/79/83,1044893,Ligue1_2023,B,club,France,61,2023,2023-08-20T11:00:00+00:00,FT,included,cohort_B_rotation_date_order,"events,lineups",pending,pending
39/2023/2023-08-19/40/35,1035050,EPL_2023,B,club,England,39,2023,2023-08-19T14:00:00+00:00,FT,included,cohort_B_rotation_date_order,"events,lineups",pending,pending
140/2023/2023-08-19/723/541,1037962,LaLiga_2023,B,club,Spain,140,2023,2023-08-19T17:30:00+00:00,FT,included,cohort_B_rotation_date_order,"events,lineups",pending,pending
135/2023/2023-08-26/504/497,1052266,SerieA_2023,B,club,Italy,135,2023,2023-08-26T18:45:00+00:00,FT,included,cohort_B_rotation_date_order,"events,lineups",pending,pending
78/2023/2023-08-26/181/182,1048898,Bundesliga_2023,B,club,Germany,78,2023,2023-08-26T13:30:00+00:00,FT,included,cohort_B_rotation_date_order,"events,lineups",pending,pending
61/2023/2023-08-20/93/99,1044895,Ligue1_2023,B,club,France,61,2023,2023-08-20T13:00:00+00:00,FT,included,cohort_B_rotation_date_order,"events,lineups",pending,pending
39/2023/2023-08-19/47/33,1035054,EPL_2023,B,club,England,39,2023,2023-08-19T16:30:00+00:00,FT,included,cohort_B_rotation_date_order,"events,lineups",pending,pending
140/2023/2023-08-19/727/531,1037967,LaLiga_2023,B,club,Spain,140,2023,2023-08-19T19:30:00+00:00,FT,included,cohort_B_rotation_date_order,"events,lineups",pending,pending
135/2023/2023-08-27/496/500,1052267,SerieA_2023,B,club,Italy,135,2023,2023-08-27T16:30:00+00:00,FT,included,cohort_B_rotation_date_order,"events,lineups",pending,pending
78/2023/2023-08-26/192/161,1048895,Bundesliga_2023,B,club,Germany,78,2023,2023-08-26T13:30:00+00:00,FT,included,cohort_B_rotation_date_order,"events,lineups",pending,pending
61/2023/2023-08-20/97/84,1044891,Ligue1_2023,B,club,France,61,2023,2023-08-20T13:00:00+00:00,FT,included,cohort_B_rotation_date_order,"events,lineups",pending,pending
39/2023/2023-08-19/50/34,1035052,EPL_2023,B,club,England,39,2023,2023-08-19T19:00:00+00:00,FT,included,cohort_B_rotation_date_order,"events,lineups",pending,pending
140/2023/2023-08-20/547/546,1037970,LaLiga_2023,B,club,Spain,140,2023,2023-08-20T17:00:00+00:00,FT,included,cohort_B_rotation_date_order,"events,lineups",pending,pending
135/2023/2023-08-27/502/867,1052264,SerieA_2023,B,club,Italy,135,2023,2023-08-27T16:30:00+00:00,FT,included,cohort_B_rotation_date_order,"events,lineups",pending,pending
78/2023/2023-08-26/163/168,1048894,Bundesliga_2023,B,club,Germany,78,2023,2023-08-26T16:30:00+00:00,FT,included,cohort_B_rotation_date_order,"events,lineups",pending,pending
61/2023/2023-08-20/111/106,1044897,Ligue1_2023,B,club,France,61,2023,2023-08-20T13:00:00+00:00,FT,included,cohort_B_rotation_date_order,"events,lineups",pending,pending
39/2023/2023-08-20/66/45,1035047,EPL_2023,B,club,England,39,2023,2023-08-20T13:00:00+00:00,FT,included,cohort_B_rotation_date_order,"events,lineups",pending,pending
140/2023/2023-08-20/529/724,1037963,LaLiga_2023,B,club,Spain,140,2023,2023-08-20T17:30:00+00:00,FT,included,cohort_B_rotation_date_order,"events,lineups",pending,pending
135/2023/2023-08-27/487/495,1052268,SerieA_2023,B,club,Italy,135,2023,2023-08-27T18:45:00+00:00,FT,included,cohort_B_rotation_date_order,"events,lineups",pending,pending
78/2023/2023-08-27/164/169,1048893,Bundesliga_2023,B,club,Germany,78,2023,2023-08-27T13:30:00+00:00,FT,included,cohort_B_rotation_date_order,"events,lineups",pending,pending
61/2023/2023-08-20/91/95,1044892,Ligue1_2023,B,club,France,61,2023,2023-08-20T17:00:00+00:00,FT,included,cohort_B_rotation_date_order,"events,lineups",pending,pending
39/2023/2023-08-20/48/49,1035055,EPL_2023,B,club,England,39,2023,2023-08-20T15:30:00+00:00,FT,included,cohort_B_rotation_date_order,"events,lineups",pending,pending
140/2023/2023-08-20/543/530,1037968,LaLiga_2023,B,club,Spain,140,2023,2023-08-20T19:30:00+00:00,FT,included,cohort_B_rotation_date_order,"events,lineups",pending,pending
135/2023/2023-08-27/492/488,1052271,SerieA_2023,B,club,Italy,135,2023,2023-08-27T18:45:00+00:00,FT,included,cohort_B_rotation_date_order,"events,lineups",pending,pending
78/2023/2023-08-27/157/170,1048890,Bundesliga_2023,B,club,Germany,78,2023,2023-08-27T15:30:00+00:00,FT,included,cohort_B_rotation_date_order,"events,lineups",pending,pending
61/2023/2023-08-20/116/94,1044896,Ligue1_2023,B,club,France,61,2023,2023-08-20T18:45:00+00:00,FT,included,cohort_B_rotation_date_order,"events,lineups",pending,pending
39/2023/2023-08-21/52/42,1035048,EPL_2023,B,club,England,39,2023,2023-08-21T19:00:00+00:00,FT,included,cohort_B_rotation_date_order,"events,lineups",pending,pending
140/2023/2023-08-21/542/536,1037966,LaLiga_2023,B,club,Spain,140,2023,2023-08-21T17:00:00+00:00,FT,included,cohort_B_rotation_date_order,"events,lineups",pending,pending
135/2023/2023-08-28/514/494,1052272,SerieA_2023,B,club,Italy,135,2023,2023-08-28T16:30:00+00:00,FT,included,cohort_B_rotation_date_order,"events,lineups",pending,pending
78/2023/2023-09-01/165/180,1048899,Bundesliga_2023,B,club,Germany,78,2023,2023-09-01T18:30:00+00:00,FT,included,cohort_B_rotation_date_order,"events,lineups",pending,pending
61/2023/2023-08-25/83/91,1044906,Ligue1_2023,B,club,France,61,2023,2023-08-25T19:00:00+00:00,FT,included,cohort_B_rotation_date_order,"events,lineups",pending,pending
39/2023/2023-08-25/49/1359,1035062,EPL_2023,B,club,England,39,2023,2023-08-25T19:00:00+00:00,FT,included,cohort_B_rotation_date_order,"events,lineups",pending,pending
140/2023/2023-08-21/715/728,1037965,LaLiga_2023,B,club,Spain,140,2023,2023-08-21T19:30:00+00:00,FT,included,cohort_B_rotation_date_order,"events,lineups",pending,pending
135/2023/2023-08-28/490/505,1052263,SerieA_2023,B,club,Italy,135,2023,2023-08-28T18:45:00+00:00,FT,included,cohort_B_rotation_date_order,"events,lineups",pending,pending
78/2023/2023-09-02/162/164,1048905,Bundesliga_2023,B,club,Germany,78,2023,2023-09-02T13:30:00+00:00,FT,included,cohort_B_rotation_date_order,"events,lineups",pending,pending
61/2023/2023-08-26/81/106,1044902,Ligue1_2023,B,club,France,61,2023,2023-08-26T17:00:00+00:00,FT,included,cohort_B_rotation_date_order,"events,lineups",pending,pending
39/2023/2023-08-26/35/47,1035057,EPL_2023,B,club,England,39,2023,2023-08-26T11:30:00+00:00,FT,included,cohort_B_rotation_date_order,"events,lineups",pending,pending
140/2023/2023-08-25/534/548,1037975,LaLiga_2023,B,club,Spain,140,2023,2023-08-25T17:30:00+00:00,FT,included,cohort_B_rotation_date_order,"events,lineups",pending,pending
135/2023/2023-09-01/488/504,1052280,SerieA_2023,B,club,Italy,135,2023,2023-09-01T16:30:00+00:00,FT,included,cohort_B_rotation_date_order,"events,lineups",pending,pending
78/2023/2023-09-02/167/161,1048904,Bundesliga_2023,B,club,Germany,78,2023,2023-09-02T13:30:00+00:00,FT,included,cohort_B_rotation_date_order,"events,lineups",pending,pending
61/2023/2023-08-26/85/116,1044899,Ligue1_2023,B,club,France,61,2023,2023-08-26T19:00:00+00:00,FT,included,cohort_B_rotation_date_order,"events,lineups",pending,pending
39/2023/2023-08-26/33/65,1035064,EPL_2023,B,club,England,39,2023,2023-08-26T14:00:00+00:00,FT,included,cohort_B_rotation_date_order,"events,lineups",pending,pending
140/2023/2023-08-25/538/541,1037973,LaLiga_2023,B,club,Spain,140,2023,2023-08-25T19:30:00+00:00,FT,included,cohort_B_rotation_date_order,"events,lineups",pending,pending
135/2023/2023-09-01/497/489,1052279,SerieA_2023,B,club,Italy,135,2023,2023-09-01T18:45:00+00:00,FT,included,cohort_B_rotation_date_order,"events,lineups",pending,pending
78/2023/2023-09-02/168/181,1048901,Bundesliga_2023,B,club,Germany,78,2023,2023-09-02T13:30:00+00:00,FT,included,cohort_B_rotation_date_order,"events,lineups",pending,pending
61/2023/2023-08-27/94/111,1044901,Ligue1_2023,B,club,France,61,2023,2023-08-27T11:00:00+00:00,FT,included,cohort_B_rotation_date_order,"events,lineups",pending,pending
39/2023/2023-08-26/42/36,1035058,EPL_2023,B,club,England,39,2023,2023-08-26T14:00:00+00:00,FT,included,cohort_B_rotation_date_order,"events,lineups",pending,pending
140/2023/2023-08-26/724/723,1037976,LaLiga_2023,B,club,Spain,140,2023,2023-08-26T17:00:00+00:00,FT,included,cohort_B_rotation_date_order,"events,lineups",pending,pending
135/2023/2023-09-02/494/512,1052282,SerieA_2023,B,club,Italy,135,2023,2023-09-02T16:30:00+00:00,FT,included,cohort_B_rotation_date_order,"events,lineups",pending,pending
78/2023/2023-09-02/170/176,1048906,Bundesliga_2023,B,club,Germany,78,2023,2023-09-02T13:30:00+00:00,FT,included,cohort_B_rotation_date_order,"events,lineups",pending,pending
61/2023/2023-08-27/82/93,1044907,Ligue1_2023,B,club,France,61,2023,2023-08-27T13:00:00+00:00,FT,included,cohort_B_rotation_date_order,"events,lineups",pending,pending
39/2023/2023-08-26/45/39,1035063,EPL_2023,B,club,England,39,2023,2023-08-26T14:00:00+00:00,FT,included,cohort_B_rotation_date_order,"events,lineups",pending,pending
140/2023/2023-08-26/715/798,1037974,LaLiga_2023,B,club,Spain,140,2023,2023-08-26T17:30:00+00:00,FT,included,cohort_B_rotation_date_order,"events,lineups",pending,pending
135/2023/2023-09-02/500/490,1052274,SerieA_2023,B,club,Italy,135,2023,2023-09-02T16:30:00+00:00,FT,included,cohort_B_rotation_date_order,"events,lineups",pending,pending
78/2023/2023-09-02/172/160,1048907,Bundesliga_2023,B,club,Germany,78,2023,2023-09-02T13:30:00+00:00,FT,included,cohort_B_rotation_date_order,"events,lineups",pending,pending
61/2023/2023-08-27/95/96,1044900,Ligue1_2023,B,club,France,61,2023,2023-08-27T13:00:00+00:00,FT,included,cohort_B_rotation_date_order,"events,lineups",pending,pending
39/2023/2023-08-26/55/52,1035059,EPL_2023,B,club,England,39,2023,2023-08-26T14:00:00+00:00,FT,included,cohort_B_rotation_date_order,"events,lineups",pending,pending
140/2023/2023-08-26/536/547,1037979,LaLiga_2023,B,club,Spain,140,2023,2023-08-26T19:30:00+00:00,FT,included,cohort_B_rotation_date_order,"events,lineups",pending,pending
135/2023/2023-09-02/492/487,1052278,SerieA_2023,B,club,Italy,135,2023,2023-09-02T18:45:00+00:00,FT,included,cohort_B_rotation_date_order,"events,lineups",pending,pending
78/2023/2023-09-02/163/157,1048903,Bundesliga_2023,B,club,Germany,78,2023,2023-09-02T16:30:00+00:00,FT,included,cohort_B_rotation_date_order,"events,lineups",pending,pending
61/2023/2023-08-27/99/112,1044905,Ligue1_2023,B,club,France,61,2023,2023-08-27T13:00:00+00:00,FT,included,cohort_B_rotation_date_order,"events,lineups",pending,pending
39/2023/2023-08-26/51/48,1035060,EPL_2023,B,club,England,39,2023,2023-08-26T16:30:00+00:00,FT,included,cohort_B_rotation_date_order,"events,lineups",pending,pending
140/2023/2023-08-27/533/529,1037978,LaLiga_2023,B,club,Spain,140,2023,2023-08-27T15:30:00+00:00,FT,included,cohort_B_rotation_date_order,"events,lineups",pending,pending
135/2023/2023-09-02/499/1579,1052273,SerieA_2023,B,club,Italy,135,2023,2023-09-02T18:45:00+00:00,FT,included,cohort_B_rotation_date_order,"events,lineups",pending,pending
78/2023/2023-09-03/169/192,1048902,Bundesliga_2023,B,club,Germany,78,2023,2023-09-03T13:30:00+00:00,FT,included,cohort_B_rotation_date_order,"events,lineups",pending,pending
61/2023/2023-08-27/97/79,1044903,Ligue1_2023,B,club,France,61,2023,2023-08-27T15:05:00+00:00,FT,included,cohort_B_rotation_date_order,"events,lineups",pending,pending
39/2023/2023-08-27/44/66,1035061,EPL_2023,B,club,England,39,2023,2023-08-27T13:00:00+00:00,FT,included,cohort_B_rotation_date_order,"events,lineups",pending,pending
140/2023/2023-08-27/532/727,1037980,LaLiga_2023,B,club,Spain,140,2023,2023-08-27T17:30:00+00:00,FT,included,cohort_B_rotation_date_order,"events,lineups",pending,pending
135/2023/2023-09-03/503/495,1052281,SerieA_2023,B,club,Italy,135,2023,2023-09-03T16:30:00+00:00,FT,included,cohort_B_rotation_date_order,"events,lineups",pending,pending
78/2023/2023-09-03/182/173,1048900,Bundesliga_2023,B,club,Germany,78,2023,2023-09-03T15:30:00+00:00,FT,included,cohort_B_rotation_date_order,"events,lineups",pending,pending
61/2023/2023-08-27/84/80,1044904,Ligue1_2023,B,club,France,61,2023,2023-08-27T18:45:00+00:00,FT,included,cohort_B_rotation_date_order,"events,lineups",pending,pending
39/2023/2023-08-27/62/50,1035066,EPL_2023,B,club,England,39,2023,2023-08-27T13:00:00+00:00,FT,included,cohort_B_rotation_date_order,"events,lineups",pending,pending
140/2023/2023-08-27/531/543,1037972,LaLiga_2023,B,club,Spain,140,2023,2023-08-27T19:30:00+00:00,FT,included,cohort_B_rotation_date_order,"events,lineups",pending,pending
135/2023/2023-09-03/505/502,1052276,SerieA_2023,B,club,Italy,135,2023,2023-09-03T16:30:00+00:00,FT,included,cohort_B_rotation_date_order,"events,lineups",pending,pending
78/2023/2023-09-15/157/168,1048908,Bundesliga_2023,B,club,Germany,78,2023,2023-09-15T18:30:00+00:00,FT,included,cohort_B_rotation_date_order,"events,lineups",pending,pending
61/2023/2023-09-01/83/81,1044913,Ligue1_2023,B,club,France,61,2023,2023-09-01T19:00:00+00:00,FT,included,cohort_B_rotation_date_order,"events,lineups",pending,pending
39/2023/2023-08-27/34/40,1035065,EPL_2023,B,club,England,39,2023,2023-08-27T15:30:00+00:00,FT,included,cohort_B_rotation_date_order,"events,lineups",pending,pending
140/2023/2023-08-28/546/542,1037981,LaLiga_2023,B,club,Spain,140,2023,2023-08-28T17:30:00+00:00,FT,included,cohort_B_rotation_date_order,"events,lineups",pending,pending
135/2023/2023-09-03/511/496,1052275,SerieA_2023,B,club,Italy,135,2023,2023-09-03T18:45:00+00:00,FT,included,cohort_B_rotation_date_order,"events,lineups",pending,pending
78/2023/2023-09-16/160/165,1048910,Bundesliga_2023,B,club,Germany,78,2023,2023-09-16T13:30:00+00:00,FT,included,cohort_B_rotation_date_order,"events,lineups",pending,pending
61/2023/2023-09-02/106/94,1044916,Ligue1_2023,B,club,France,61,2023,2023-09-02T15:00:00+00:00,FT,included,cohort_B_rotation_date_order,"events,lineups",pending,pending
39/2023/2023-09-01/1359/48,1035074,EPL_2023,B,club,England,39,2023,2023-09-01T19:00:00+00:00,FT,included,cohort_B_rotation_date_order,"events,lineups",pending,pending
140/2023/2023-08-28/728/530,1037977,LaLiga_2023,B,club,Spain,140,2023,2023-08-28T19:30:00+00:00,FT,included,cohort_B_rotation_date_order,"events,lineups",pending,pending
135/2023/2023-09-03/867/514,1052277,SerieA_2023,B,club,Italy,135,2023,2023-09-03T18:45:00+00:00,FT,included,cohort_B_rotation_date_order,"events,lineups",pending,pending
78/2023/2023-09-16/161/182,1048911,Bundesliga_2023,B,club,Germany,78,2023,2023-09-16T13:30:00+00:00,FT,included,cohort_B_rotation_date_order,"events,lineups",pending,pending
61/2023/2023-09-02/91/116,1044909,Ligue1_2023,B,club,France,61,2023,2023-09-02T19:00:00+00:00,FT,included,cohort_B_rotation_date_order,"events,lineups",pending,pending
39/2023/2023-09-02/62/45,1035076,EPL_2023,B,club,England,39,2023,2023-09-02T11:30:00+00:00,FT,included,cohort_B_rotation_date_order,"events,lineups",pending,pending
140/2023/2023-09-01/724/533,1037985,LaLiga_2023,B,club,Spain,140,2023,2023-09-01T17:30:00+00:00,FT,included,cohort_B_rotation_date_order,"events,lineups",pending,pending
135/2023/2023-09-16/496/487,1052289,SerieA_2023,B,club,Italy,135,2023,2023-09-16T13:00:00+00:00,FT,included,cohort_B_rotation_date_order,"events,lineups",pending,pending
78/2023/2023-09-16/164/172,1048912,Bundesliga_2023,B,club,Germany,78,2023,2023-09-16T13:30:00+00:00,FT,included,cohort_B_rotation_date_order,"events,lineups",pending,pending
61/2023/2023-09-03/96/99,1044908,Ligue1_2023,B,club,France,61,2023,2023-09-03T11:00:00+00:00,FT,included,cohort_B_rotation_date_order,"events,lineups",pending,pending
39/2023/2023-09-02/44/47,1035070,EPL_2023,B,club,England,39,2023,2023-09-02T14:00:00+00:00,FT,included,cohort_B_rotation_date_order,"events,lineups",pending,pending
140/2023/2023-09-01/723/538,1037982,LaLiga_2023,B,club,Spain,140,2023,2023-09-01T20:00:00+00:00,FT,included,cohort_B_rotation_date_order,"events,lineups",pending,pending
135/2023/2023-09-16/505/489,1052288,SerieA_2023,B,club,Italy,135,2023,2023-09-16T16:00:00+00:00,FT,included,cohort_B_rotation_date_order,"events,lineups",pending,pending
78/2023/2023-09-16/173/170,1048909,Bundesliga_2023,B,club,Germany,78,2023,2023-09-16T13:30:00+00:00,FT,included,cohort_B_rotation_date_order,"events,lineups",pending,pending
61/2023/2023-09-03/79/82,1044910,Ligue1_2023,B,club,France,61,2023,2023-09-03T13:00:00+00:00,FT,included,cohort_B_rotation_date_order,"events,lineups",pending,pending
39/2023/2023-09-02/49/65,1035071,EPL_2023,B,club,England,39,2023,2023-09-02T14:00:00+00:00,FT,included,cohort_B_rotation_date_order,"events,lineups",pending,pending
140/2023/2023-09-02/548/715,1037991,LaLiga_2023,B,club,Spain,140,2023,2023-09-02T12:00:00+00:00,FT,included,cohort_B_rotation_date_order,"events,lineups",pending,pending
135/2023/2023-09-16/495/492,1052286,SerieA_2023,B,club,Italy,135,2023,2023-09-16T18:45:00+00:00,FT,included,cohort_B_rotation_date_order,"events,lineups",pending,pending
78/2023/2023-09-16/192/167,1048913,Bundesliga_2023,B,club,Germany,78,2023,2023-09-16T13:30:00+00:00,FT,included,cohort_B_rotation_date_order,"events,lineups",pending,pending
61/2023/2023-09-03/111/97,1044914,Ligue1_2023,B,club,France,61,2023,2023-09-03T13:00:00+00:00,FT,included,cohort_B_rotation_date_order,"events,lineups",pending,pending
39/2023/2023-09-02/50/36,1035075,EPL_2023,B,club,England,39,2023,2023-09-02T14:00:00+00:00,FT,included,cohort_B_rotation_date_order,"events,lineups",pending,pending
140/2023/2023-09-02/541/546,1037990,LaLiga_2023,B,club,Spain,140,2023,2023-09-02T14:15:00+00:00,FT,included,cohort_B_rotation_date_order,"events,lineups",pending,pending
135/2023/2023-09-17/490/494,1052283,SerieA_2023,B,club,Italy,135,2023,2023-09-17T10:30:00+00:00,FT,included,cohort_B_rotation_date_order,"events,lineups",pending,pending
78/2023/2023-09-16/176/169,1048914,Bundesliga_2023,B,club,Germany,78,2023,2023-09-16T16:30:00+00:00,FT,included,cohort_B_rotation_date_order,"events,lineups",pending,pending
61/2023/2023-09-03/112/93,1044915,Ligue1_2023,B,club,France,61,2023,2023-09-03T13:00:00+00:00,FT,included,cohort_B_rotation_date_order,"events,lineups",pending,pending
39/2023/2023-09-02/55/35,1035068,EPL_2023,B,club,England,39,2023,2023-09-02T14:00:00+00:00,FT,included,cohort_B_rotation_date_order,"events,lineups",pending,pending
140/2023/2023-09-02/542/532,1037987,LaLiga_2023,B,club,Spain,140,2023,2023-09-02T16:30:00+00:00,FT,included,cohort_B_rotation_date_order,"events,lineups",pending,pending
135/2023/2023-09-17/512/488,1052285,SerieA_2023,B,club,Italy,135,2023,2023-09-17T13:00:00+00:00,FT,included,cohort_B_rotation_date_order,"events,lineups",pending,pending
78/2023/2023-09-17/180/162,1048915,Bundesliga_2023,B,club,Germany,78,2023,2023-09-17T13:30:00+00:00,FT,included,cohort_B_rotation_date_order,"events,lineups",pending,pending
61/2023/2023-09-03/84/95,1044912,Ligue1_2023,B,club,France,61,2023,2023-09-03T15:05:00+00:00,FT,included,cohort_B_rotation_date_order,"events,lineups",pending,pending
39/2023/2023-09-02/51/34,1035069,EPL_2023,B,club,England,39,2023,2023-09-02T16:30:00+00:00,FT,included,cohort_B_rotation_date_order,"events,lineups",pending,pending
140/2023/2023-09-02/543/728,1037984,LaLiga_2023,B,club,Spain,140,2023,2023-09-02T19:00:00+00:00,FT,included,cohort_B_rotation_date_order,"events,lineups",pending,pending
135/2023/2023-09-17/1579/867,1052290,SerieA_2023,B,club,Italy,135,2023,2023-09-17T13:00:00+00:00,FT,included,cohort_B_rotation_date_order,"events,lineups",pending,pending
78/2023/2023-09-17/181/163,1048916,Bundesliga_2023,B,club,Germany,78,2023,2023-09-17T15:30:00+00:00,FT,included,cohort_B_rotation_date_order,"events,lineups",pending,pending
61/2023/2023-09-03/80/85,1044911,Ligue1_2023,B,club,France,61,2023,2023-09-03T18:45:00+00:00,FT,included,cohort_B_rotation_date_order,"events,lineups",pending,pending
39/2023/2023-09-03/40/66,1035073,EPL_2023,B,club,England,39,2023,2023-09-03T13:00:00+00:00,FT,included,cohort_B_rotation_date_order,"events,lineups",pending,pending
140/2023/2023-09-03/547/534,1037986,LaLiga_2023,B,club,Spain,140,2023,2023-09-03T12:00:00+00:00,FT,included,cohort_B_rotation_date_order,"events,lineups",pending,pending
135/2023/2023-09-17/502/499,1052284,SerieA_2023,B,club,Italy,135,2023,2023-09-17T16:00:00+00:00,FT,included,cohort_B_rotation_date_order,"events,lineups",pending,pending
78/2023/2023-09-22/172/181,1048925,Bundesliga_2023,B,club,Germany,78,2023,2023-09-22T18:30:00+00:00,FT,included,cohort_B_rotation_date_order,"events,lineups",pending,pending
61/2023/2023-09-15/85/84,1044917,Ligue1_2023,B,club,France,61,2023,2023-09-15T19:00:00+00:00,FT,included,cohort_B_rotation_date_order,"events,lineups",pending,pending
39/2023/2023-09-03/52/39,1035072,EPL_2023,B,club,England,39,2023,2023-09-03T13:00:00+00:00,FT,included,cohort_B_rotation_date_order,"events,lineups",pending,pending
140/2023/2023-09-03/798/531,1037988,LaLiga_2023,B,club,Spain,140,2023,2023-09-03T14:15:00+00:00,FT,included,cohort_B_rotation_date_order,"events,lineups",pending,pending
135/2023/2023-09-17/497/511,1052291,SerieA_2023,B,club,Italy,135,2023,2023-09-17T18:45:00+00:00,FT,included,cohort_B_rotation_date_order,"events,lineups",pending,pending
78/2023/2023-09-23/157/176,1048917,Bundesliga_2023,B,club,Germany,78,2023,2023-09-23T13:30:00+00:00,FT,included,cohort_B_rotation_date_order,"events,lineups",pending,pending
61/2023/2023-09-16/94/79,1044919,Ligue1_2023,B,club,France,61,2023,2023-09-16T15:00:00+00:00,FT,included,cohort_B_rotation_date_order,"events,lineups",pending,pending
39/2023/2023-09-03/42/33,1035067,EPL_2023,B,club,England,39,2023,2023-09-03T15:30:00+00:00,FT,included,cohort_B_rotation_date_order,"events,lineups",pending,pending
140/2023/2023-09-03/727/529,1037989,LaLiga_2023,B,club,Spain,140,2023,2023-09-03T19:00:00+00:00,FT,included,cohort_B_rotation_date_order,"events,lineups",pending,pending
135/2023/2023-09-18/514/503,1052292,SerieA_2023,B,club,Italy,135,2023,2023-09-18T16:30:00+00:00,FT,included,cohort_B_rotation_date_order,"events,lineups",pending,pending
78/2023/2023-09-23/163/173,1048922,Bundesliga_2023,B,club,Germany,78,2023,2023-09-23T13:30:00+00:00,FT,included,cohort_B_rotation_date_order,"events,lineups",pending,pending
61/2023/2023-09-16/116/112,1044925,Ligue1_2023,B,club,France,61,2023,2023-09-16T19:00:00+00:00,FT,included,cohort_B_rotation_date_order,"events,lineups",pending,pending
39/2023/2023-09-16/39/40,1035086,EPL_2023,B,club,England,39,2023,2023-09-16T11:30:00+00:00,FT,included,cohort_B_rotation_date_order,"events,lineups",pending,pending
140/2023/2023-09-15/728/542,1038001,LaLiga_2023,B,club,Spain,140,2023,2023-09-15T19:00:00+00:00,FT,included,cohort_B_rotation_date_order,"events,lineups",pending,pending
135/2023/2023-09-18/504/500,1052287,SerieA_2023,B,club,Italy,135,2023,2023-09-18T18:45:00+00:00,FT,included,cohort_B_rotation_date_order,"events,lineups",pending,pending
78/2023/2023-09-23/165/161,1048918,Bundesliga_2023,B,club,Germany,78,2023,2023-09-23T13:30:00+00:00,FT,included,cohort_B_rotation_date_order,"events,lineups",pending,pending
61/2023/2023-09-17/97/91,1044921,Ligue1_2023,B,club,France,61,2023,2023-09-17T11:00:00+00:00,FT,included,cohort_B_rotation_date_order,"events,lineups",pending,pending
39/2023/2023-09-16/33/51,1035081,EPL_2023,B,club,England,39,2023,2023-09-16T14:00:00+00:00,FT,included,cohort_B_rotation_date_order,"events,lineups",pending,pending
140/2023/2023-09-16/531/724,1037992,LaLiga_2023,B,club,Spain,140,2023,2023-09-16T12:00:00+00:00,FT,included,cohort_B_rotation_date_order,"events,lineups",pending,pending
135/2023/2023-09-22/514/512,1052299,SerieA_2023,B,club,Italy,135,2023,2023-09-22T16:30:00+00:00,FT,included,cohort_B_rotation_date_order,"events,lineups",pending,pending
78/2023/2023-09-23/170/164,1048924,Bundesliga_2023,B,club,Germany,78,2023,2023-09-23T13:30:00+00:00,FT,included,cohort_B_rotation_date_order,"events,lineups",pending,pending
61/2023/2023-09-17/93/106,1044924,Ligue1_2023,B,club,France,61,2023,2023-09-17T13:00:00+00:00,FT,included,cohort_B_rotation_date_order,"events,lineups",pending,pending
39/2023/2023-09-16/36/1359,1035080,EPL_2023,B,club,England,39,2023,2023-09-16T14:00:00+00:00,FT,included,cohort_B_rotation_date_order,"events,lineups",pending,pending
140/2023/2023-09-16/532/530,1037998,LaLiga_2023,B,club,Spain,140,2023,2023-09-16T14:15:00+00:00,FT,included,cohort_B_rotation_date_order,"events,lineups",pending,pending
135/2023/2023-09-22/867/495,1052297,SerieA_2023,B,club,Italy,135,2023,2023-09-22T18:45:00+00:00,FT,included,cohort_B_rotation_date_order,"events,lineups",pending,pending
78/2023/2023-09-23/182/167,1048919,Bundesliga_2023,B,club,Germany,78,2023,2023-09-23T13:30:00+00:00,FT,included,cohort_B_rotation_date_order,"events,lineups",pending,pending
61/2023/2023-09-17/95/82,1044918,Ligue1_2023,B,club,France,61,2023,2023-09-17T13:00:00+00:00,FT,included,cohort_B_rotation_date_order,"events,lineups",pending,pending
39/2023/2023-09-16/47/62,1035084,EPL_2023,B,club,England,39,2023,2023-09-16T14:00:00+00:00,FT,included,cohort_B_rotation_date_order,"events,lineups",pending,pending
140/2023/2023-09-16/538/798,1037994,LaLiga_2023,B,club,Spain,140,2023,2023-09-16T16:30:00+00:00,FT,included,cohort_B_rotation_date_order,"events,lineups",pending,pending
135/2023/2023-09-23/489/504,1052298,SerieA_2023,B,club,Italy,135,2023,2023-09-23T13:00:00+00:00,FT,included,cohort_B_rotation_date_order,"events,lineups",pending,pending
78/2023/2023-09-23/162/192,1048923,Bundesliga_2023,B,club,Germany,78,2023,2023-09-23T16:30:00+00:00,FT,included,cohort_B_rotation_date_order,"events,lineups",pending,pending
61/2023/2023-09-17/99/83,1044923,Ligue1_2023,B,club,France,61,2023,2023-09-17T13:00:00+00:00,FT,included,cohort_B_rotation_date_order,"events,lineups",pending,pending
39/2023/2023-09-16/48/50,1035085,EPL_2023,B,club,England,39,2023,2023-09-16T14:00:00+00:00,FT,included,cohort_B_rotation_date_order,"events,lineups",pending,pending
140/2023/2023-09-16/529/543,1037993,LaLiga_2023,B,club,Spain,140,2023,2023-09-16T19:00:00+00:00,FT,included,cohort_B_rotation_date_order,"events,lineups",pending,pending
135/2023/2023-09-23/488/496,1052300,SerieA_2023,B,club,Italy,135,2023,2023-09-23T16:00:00+00:00,FT,included,cohort_B_rotation_date_order,"events,lineups",pending,pending
78/2023/2023-09-24/168/180,1048920,Bundesliga_2023,B,club,Germany,78,2023,2023-09-24T13:30:00+00:00,FT,included,cohort_B_rotation_date_order,"events,lineups",pending,pending
61/2023/2023-09-17/81/96,1044920,Ligue1_2023,B,club,France,61,2023,2023-09-17T15:05:00+00:00,FT,included,cohort_B_rotation_date_order,"events,lineups",pending,pending
39/2023/2023-09-16/66/52,1035078,EPL_2023,B,club,England,39,2023,2023-09-16T14:00:00+00:00,FT,included,cohort_B_rotation_date_order,"events,lineups",pending,pending
140/2023/2023-09-17/546/727,1037995,LaLiga_2023,B,club,Spain,140,2023,2023-09-17T12:00:00+00:00,FT,included,cohort_B_rotation_date_order,"events,lineups",pending,pending
135/2023/2023-09-23/487/1579,1052296,SerieA_2023,B,club,Italy,135,2023,2023-09-23T18:45:00+00:00,FT,included,cohort_B_rotation_date_order,"events,lineups",pending,pending
78/2023/2023-09-24/169/160,1048921,Bundesliga_2023,B,club,Germany,78,2023,2023-09-24T15:30:00+00:00,FT,included,cohort_B_rotation_date_order,"events,lineups",pending,pending
61/2023/2023-09-17/80/111,1044922,Ligue1_2023,B,club,France,61,2023,2023-09-17T18:45:00+00:00,FT,included,cohort_B_rotation_date_order,"events,lineups",pending,pending
39/2023/2023-09-16/34/55,1035082,EPL_2023,B,club,England,39,2023,2023-09-16T16:30:00+00:00,FT,included,cohort_B_rotation_date_order,"events,lineups",pending,pending
140/2023/2023-09-17/533/723,1037997,LaLiga_2023,B,club,Spain,140,2023,2023-09-17T14:15:00+00:00,FT,included,cohort_B_rotation_date_order,"events,lineups",pending,pending
135/2023/2023-09-24/511/505,1052295,SerieA_2023,B,club,Italy,135,2023,2023-09-24T10:30:00+00:00,FT,included,cohort_B_rotation_date_order,"events,lineups",pending,pending
78/2023/2023-09-29/167/165,1048931,Bundesliga_2023,B,club,Germany,78,2023,2023-09-29T18:30:00+00:00,FT,included,cohort_B_rotation_date_order,"events,lineups",pending,pending
61/2023/2023-09-22/91/84,1044927,Ligue1_2023,B,club,France,61,2023,2023-09-22T19:00:00+00:00,FT,included,cohort_B_rotation_date_order,"events,lineups",pending,pending
39/2023/2023-09-17/35/49,1035077,EPL_2023,B,club,England,39,2023,2023-09-17T13:00:00+00:00,FT,included,cohort_B_rotation_date_order,"events,lineups",pending,pending
140/2023/2023-09-17/536/534,1038000,LaLiga_2023,B,club,Spain,140,2023,2023-09-17T16:30:00+00:00,FT,included,cohort_B_rotation_date_order,"events,lineups",pending,pending
135/2023/2023-09-24/494/502,1052302,SerieA_2023,B,club,Italy,135,2023,2023-09-24T13:00:00+00:00,FT,included,cohort_B_rotation_date_order,"events,lineups",pending,pending
78/2023/2023-09-30/161/169,1048928,Bundesliga_2023,B,club,Germany,78,2023,2023-09-30T13:30:00+00:00,FT,included,cohort_B_rotation_date_order,"events,lineups",pending,pending
61/2023/2023-09-23/83/97,1044930,Ligue1_2023,B,club,France,61,2023,2023-09-23T15:00:00+00:00,FT,included,cohort_B_rotation_date_order,"events,lineups",pending,pending
39/2023/2023-09-17/45/42,1035079,EPL_2023,B,club,England,39,2023,2023-09-17T15:30:00+00:00,FT,included,cohort_B_rotation_date_order,"events,lineups",pending,pending
140/2023/2023-09-17/541/548,1037996,LaLiga_2023,B,club,Spain,140,2023,2023-09-17T19:00:00+00:00,FT,included,cohort_B_rotation_date_order,"events,lineups",pending,pending
135/2023/2023-09-24/499/490,1052293,SerieA_2023,B,club,Italy,135,2023,2023-09-24T13:00:00+00:00,FT,included,cohort_B_rotation_date_order,"events,lineups",pending,pending
78/2023/2023-09-30/164/168,1048929,Bundesliga_2023,B,club,Germany,78,2023,2023-09-30T13:30:00+00:00,FT,included,cohort_B_rotation_date_order,"events,lineups",pending,pending
61/2023/2023-09-23/106/80,1044934,Ligue1_2023,B,club,France,61,2023,2023-09-23T19:00:00+00:00,FT,included,cohort_B_rotation_date_order,"events,lineups",pending,pending
39/2023/2023-09-18/65/44,1035083,EPL_2023,B,club,England,39,2023,2023-09-18T18:45:00+00:00,FT,included,cohort_B_rotation_date_order,"events,lineups",pending,pending
140/2023/2023-09-18/715/547,1037999,LaLiga_2023,B,club,Spain,140,2023,2023-09-18T19:00:00+00:00,FT,included,cohort_B_rotation_date_order,"events,lineups",pending,pending
135/2023/2023-09-24/500/492,1052294,SerieA_2023,B,club,Italy,135,2023,2023-09-24T16:00:00+00:00,FT,included,cohort_B_rotation_date_order,"events,lineups",pending,pending
78/2023/2023-09-30/176/163,1048932,Bundesliga_2023,B,club,Germany,78,2023,2023-09-30T13:30:00+00:00,FT,included,cohort_B_rotation_date_order,"events,lineups",pending,pending
61/2023/2023-09-24/112/95,1044932,Ligue1_2023,B,club,France,61,2023,2023-09-24T11:00:00+00:00,FT,included,cohort_B_rotation_date_order,"events,lineups",pending,pending
39/2023/2023-09-23/50/65,1035095,EPL_2023,B,club,England,39,2023,2023-09-23T14:00:00+00:00,FT,included,cohort_B_rotation_date_order,"events,lineups",pending,pending
140/2023/2023-09-22/542/531,1038009,LaLiga_2023,B,club,Spain,140,2023,2023-09-22T19:00:00+00:00,FT,included,cohort_B_rotation_date_order,"events,lineups",pending,pending
135/2023/2023-09-24/503/497,1052301,SerieA_2023,B,club,Italy,135,2023,2023-09-24T18:45:00+00:00,FT,included,cohort_B_rotation_date_order,"events,lineups",pending,pending
78/2023/2023-09-30/180/182,1048933,Bundesliga_2023,B,club,Germany,78,2023,2023-09-30T13:30:00+00:00,FT,included,cohort_B_rotation_date_order,"events,lineups",pending,pending
61/2023/2023-09-24/111/99,1044931,Ligue1_2023,B,club,France,61,2023,2023-09-24T13:00:00+00:00,FT,included,cohort_B_rotation_date_order,"events,lineups",pending,pending
39/2023/2023-09-23/52/36,1035092,EPL_2023,B,club,England,39,2023,2023-09-23T14:00:00+00:00,FT,included,cohort_B_rotation_date_order,"events,lineups",pending,pending
140/2023/2023-09-23/547/798,1038006,LaLiga_2023,B,club,Spain,140,2023,2023-09-23T12:00:00+00:00,FT,included,cohort_B_rotation_date_order,"events,lineups",pending,pending
135/2023/2023-09-26/496/867,1052309,SerieA_2023,B,club,Italy,135,2023,2023-09-26T18:45:00+00:00,FT,included,cohort_B_rotation_date_order,"events,lineups",pending,pending
78/2023/2023-09-30/192/172,1048930,Bundesliga_2023,B,club,Germany,78,2023,2023-09-30T13:30:00+00:00,FT,included,cohort_B_rotation_date_order,"events,lineups",pending,pending
61/2023/2023-09-24/116/96,1044929,Ligue1_2023,B,club,France,61,2023,2023-09-24T13:00:00+00:00,FT,included,cohort_B_rotation_date_order,"events,lineups",pending,pending
39/2023/2023-09-23/1359/39,1035094,EPL_2023,B,club,England,39,2023,2023-09-23T14:00:00+00:00,FT,included,cohort_B_rotation_date_order,"events,lineups",pending,pending
140/2023/2023-09-23/727/536,1038007,LaLiga_2023,B,club,Spain,140,2023,2023-09-23T14:15:00+00:00,FT,included,cohort_B_rotation_date_order,"events,lineups",pending,pending
135/2023/2023-09-27/490/489,1052303,SerieA_2023,B,club,Italy,135,2023,2023-09-27T16:30:00+00:00,FT,included,cohort_B_rotation_date_order,"events,lineups",pending,pending
78/2023/2023-09-30/173/157,1048926,Bundesliga_2023,B,club,Germany,78,2023,2023-09-30T16:30:00+00:00,FT,included,cohort_B_rotation_date_order,"events,lineups",pending,pending
61/2023/2023-09-24/82/94,1044933,Ligue1_2023,B,club,France,61,2023,2023-09-24T15:05:00+00:00,FT,included,cohort_B_rotation_date_order,"events,lineups",pending,pending
39/2023/2023-09-23/55/45,1035088,EPL_2023,B,club,England,39,2023,2023-09-23T16:30:00+00:00,FT,included,cohort_B_rotation_date_order,"events,lineups",pending,pending
140/2023/2023-09-23/529/538,1038004,LaLiga_2023,B,club,Spain,140,2023,2023-09-23T16:30:00+00:00,FT,included,cohort_B_rotation_date_order,"events,lineups",pending,pending
135/2023/2023-09-27/504/499,1052307,SerieA_2023,B,club,Italy,135,2023,2023-09-27T16:30:00+00:00,FT,included,cohort_B_rotation_date_order,"events,lineups",pending,pending
78/2023/2023-10-01/181/162,1048934,Bundesliga_2023,B,club,Germany,78,2023,2023-10-01T13:30:00+00:00,FT,included,cohort_B_rotation_date_order,"events,lineups",pending,pending
61/2023/2023-09-24/85/81,1044926,Ligue1_2023,B,club,France,61,2023,2023-09-24T18:45:00+00:00,FT,included,cohort_B_rotation_date_order,"events,lineups",pending,pending
39/2023/2023-09-23/44/33,1035090,EPL_2023,B,club,England,39,2023,2023-09-23T19:00:00+00:00,FT,included,cohort_B_rotation_date_order,"events,lineups",pending,pending
140/2023/2023-09-23/723/532,1038002,LaLiga_2023,B,club,Spain,140,2023,2023-09-23T19:00:00+00:00,FT,included,cohort_B_rotation_date_order,"events,lineups",pending,pending
135/2023/2023-09-27/511/514,1052304,SerieA_2023,B,club,Italy,135,2023,2023-09-27T16:30:00+00:00,FT,included,cohort_B_rotation_date_order,"events,lineups",pending,pending
78/2023/2023-10-01/160/170,1048927,Bundesliga_2023,B,club,Germany,78,2023,2023-10-01T15:30:00+00:00,FT,included,cohort_B_rotation_date_order,"events,lineups",pending,pending
61/2023/2023-09-26/79/93,1044928,Ligue1_2023,B,club,France,61,2023,2023-09-26T19:00:00+00:00,FT,included,cohort_B_rotation_date_order,"events,lineups",pending,pending
39/2023/2023-09-24/40/48,1035093,EPL_2023,B,club,England,39,2023,2023-09-24T13:00:00+00:00,FT,included,cohort_B_rotation_date_order,"events,lineups",pending,pending
140/2023/2023-09-24/548/546,1038010,LaLiga_2023,B,club,Spain,140,2023,2023-09-24T12:00:00+00:00,FT,included,cohort_B_rotation_date_order,"events,lineups",pending,pending
135/2023/2023-09-27/487/503,1052310,SerieA_2023,B,club,Italy,135,2023,2023-09-27T18:45:00+00:00,FT,included,cohort_B_rotation_date_order,"events,lineups",pending,pending
78/2023/2023-10-06/163/164,1048940,Bundesliga_2023,B,club,Germany,78,2023,2023-10-06T18:30:00+00:00,FT,included,cohort_B_rotation_date_order,"events,lineups",pending,pending
61/2023/2023-09-29/95/116,1044935,Ligue1_2023,B,club,France,61,2023,2023-09-29T19:00:00+00:00,FT,included,cohort_B_rotation_date_order,"events,lineups",pending,pending
39/2023/2023-09-24/42/47,1035087,EPL_2023,B,club,England,39,2023,2023-09-24T13:00:00+00:00,FT,included,cohort_B_rotation_date_order,"events,lineups",pending,pending
140/2023/2023-09-24/728/533,1038008,LaLiga_2023,B,club,Spain,140,2023,2023-09-24T14:15:00+00:00,FT,included,cohort_B_rotation_date_order,"events,lineups",pending,pending
135/2023/2023-09-27/492/494,1052312,SerieA_2023,B,club,Italy,135,2023,2023-09-27T18:45:00+00:00,FT,included,cohort_B_rotation_date_order,"events,lineups",pending,pending
78/2023/2023-10-07/165/182,1048936,Bundesliga_2023,B,club,Germany,78,2023,2023-10-07T13:30:00+00:00,FT,included,cohort_B_rotation_date_order,"events,lineups",pending,pending
61/2023/2023-09-30/99/85,1044941,Ligue1_2023,B,club,France,61,2023,2023-09-30T15:00:00+00:00,FT,included,cohort_B_rotation_date_order,"events,lineups",pending,pending
39/2023/2023-09-24/49/66,1035091,EPL_2023,B,club,England,39,2023,2023-09-24T13:00:00+00:00,FT,included,cohort_B_rotation_date_order,"events,lineups",pending,pending
140/2023/2023-09-24/534/715,1038011,LaLiga_2023,B,club,Spain,140,2023,2023-09-24T16:30:00+00:00,FT,included,cohort_B_rotation_date_order,"events,lineups",pending,pending
135/2023/2023-09-27/505/488,1052308,SerieA_2023,B,club,Italy,135,2023,2023-09-27T18:45:00+00:00,FT,included,cohort_B_rotation_date_order,"events,lineups",pending,pending
78/2023/2023-10-07/170/181,1048942,Bundesliga_2023,B,club,Germany,78,2023,2023-10-07T13:30:00+00:00,FT,included,cohort_B_rotation_date_order,"events,lineups",pending,pending
61/2023/2023-09-30/91/81,1044939,Ligue1_2023,B,club,France,61,2023,2023-09-30T19:00:00+00:00,FT,included,cohort_B_rotation_date_order,"events,lineups",pending,pending
39/2023/2023-09-24/51/35,1035089,EPL_2023,B,club,England,39,2023,2023-09-24T13:00:00+00:00,FT,included,cohort_B_rotation_date_order,"events,lineups",pending,pending
140/2023/2023-09-24/543/724,1038005,LaLiga_2023,B,club,Spain,140,2023,2023-09-24T16:30:00+00:00,FT,included,cohort_B_rotation_date_order,"events,lineups",pending,pending
135/2023/2023-09-28/512/502,1052305,SerieA_2023,B,club,Italy,135,2023,2023-09-28T16:30:00+00:00,FT,included,cohort_B_rotation_date_order,"events,lineups",pending,pending
78/2023/2023-10-07/172/161,1048943,Bundesliga_2023,B,club,Germany,78,2023,2023-10-07T13:30:00+00:00,FT,included,cohort_B_rotation_date_order,"events,lineups",pending,pending
61/2023/2023-10-01/93/80,1044942,Ligue1_2023,B,club,France,61,2023,2023-10-01T11:00:00+00:00,FT,included,cohort_B_rotation_date_order,"events,lineups",pending,pending
39/2023/2023-09-24/62/34,1035096,EPL_2023,B,club,England,39,2023,2023-09-24T15:30:00+00:00,FT,included,cohort_B_rotation_date_order,"events,lineups",pending,pending
140/2023/2023-09-24/530/541,1038003,LaLiga_2023,B,club,Spain,140,2023,2023-09-24T19:00:00+00:00,FT,included,cohort_B_rotation_date_order,"events,lineups",pending,pending
135/2023/2023-09-28/1579/500,1052311,SerieA_2023,B,club,Italy,135,2023,2023-09-28T16:30:00+00:00,FT,included,cohort_B_rotation_date_order,"events,lineups",pending,pending
78/2023/2023-10-07/173/176,1048937,Bundesliga_2023,B,club,Germany,78,2023,2023-10-07T13:30:00+00:00,FT,included,cohort_B_rotation_date_order,"events,lineups",pending,pending
61/2023/2023-10-01/84/106,1044940,Ligue1_2023,B,club,France,61,2023,2023-10-01T13:00:00+00:00,FT,included,cohort_B_rotation_date_order,"events,lineups",pending,pending
39/2023/2023-09-30/66/51,1035098,EPL_2023,B,club,England,39,2023,2023-09-30T11:30:00+00:00,FT,included,cohort_B_rotation_date_order,"events,lineups",pending,pending
140/2023/2023-09-26/536/723,1038014,LaLiga_2023,B,club,Spain,140,2023,2023-09-26T17:00:00+00:00,FT,included,cohort_B_rotation_date_order,"events,lineups",pending,pending
135/2023/2023-09-28/495/497,1052306,SerieA_2023,B,club,Italy,135,2023,2023-09-28T18:45:00+00:00,FT,included,cohort_B_rotation_date_order,"events,lineups",pending,pending
78/2023/2023-10-07/162/167,1048941,Bundesliga_2023,B,club,Germany,78,2023,2023-10-07T16:30:00+00:00,FT,included,cohort_B_rotation_date_order,"events,lineups",pending,pending
61/2023/2023-10-01/96/112,1044937,Ligue1_2023,B,club,France,61,2023,2023-10-01T13:00:00+00:00,FT,included,cohort_B_rotation_date_order,"events,lineups",pending,pending
39/2023/2023-09-30/33/52,1035101,EPL_2023,B,club,England,39,2023,2023-09-30T14:00:00+00:00,FT,included,cohort_B_rotation_date_order,"events,lineups",pending,pending
140/2023/2023-09-26/798/529,1038016,LaLiga_2023,B,club,Spain,140,2023,2023-09-26T19:30:00+00:00,FT,included,cohort_B_rotation_date_order,"events,lineups",pending,pending
135/2023/2023-09-30/867/492,1052316,SerieA_2023,B,club,Italy,135,2023,2023-09-30T13:00:00+00:00,FT,included,cohort_B_rotation_date_order,"events,lineups",pending,pending
78/2023/2023-10-08/168/192,1048938,Bundesliga_2023,B,club,Germany,78,2023,2023-10-08T13:30:00+00:00,FT,included,cohort_B_rotation_date_order,"events,lineups",pending,pending
61/2023/2023-10-01/111/79,1044943,Ligue1_2023,B,club,France,61,2023,2023-10-01T13:00:00+00:00,FT,included,cohort_B_rotation_date_order,"events,lineups",pending,pending
39/2023/2023-09-30/34/44,1035102,EPL_2023,B,club,England,39,2023,2023-09-30T14:00:00+00:00,FT,included,cohort_B_rotation_date_order,"events,lineups",pending,pending
140/2023/2023-09-27/531/546,1038012,LaLiga_2023,B,club,Spain,140,2023,2023-09-27T17:00:00+00:00,FT,included,cohort_B_rotation_date_order,"events,lineups",pending,pending
135/2023/2023-09-30/489/487,1052317,SerieA_2023,B,club,Italy,135,2023,2023-09-30T16:00:00+00:00,FT,included,cohort_B_rotation_date_order,"events,lineups",pending,pending
78/2023/2023-10-08/157/160,1048935,Bundesliga_2023,B,club,Germany,78,2023,2023-10-08T15:30:00+00:00,FT,included,cohort_B_rotation_date_order,"events,lineups",pending,pending
61/2023/2023-10-01/97/82,1044938,Ligue1_2023,B,club,France,61,2023,2023-10-01T15:05:00+00:00,FT,included,cohort_B_rotation_date_order,"events,lineups",pending,pending
39/2023/2023-09-30/35/42,1035097,EPL_2023,B,club,England,39,2023,2023-09-30T14:00:00+00:00,FT,included,cohort_B_rotation_date_order,"events,lineups",pending,pending
140/2023/2023-09-27/533/547,1038018,LaLiga_2023,B,club,Spain,140,2023,2023-09-27T17:00:00+00:00,FT,included,cohort_B_rotation_date_order,"events,lineups",pending,pending
135/2023/2023-09-30/514/505,1052319,SerieA_2023,B,club,Italy,135,2023,2023-09-30T18:45:00+00:00,FT,included,cohort_B_rotation_date_order,"events,lineups",pending,pending
78/2023/2023-10-08/169/180,1048939,Bundesliga_2023,B,club,Germany,78,2023,2023-10-08T17:30:00+00:00,FT,included,cohort_B_rotation_date_order,"events,lineups",pending,pending
61/2023/2023-10-01/94/83,1044936,Ligue1_2023,B,club,France,61,2023,2023-10-01T18:45:00+00:00,FT,included,cohort_B_rotation_date_order,"events,lineups",pending,pending
39/2023/2023-09-30/39/50,1035106,EPL_2023,B,club,England,39,2023,2023-09-30T14:00:00+00:00,FT,included,cohort_B_rotation_date_order,"events,lineups",pending,pending
140/2023/2023-09-27/541/534,1038020,LaLiga_2023,B,club,Spain,140,2023,2023-09-27T17:00:00+00:00,FT,included,cohort_B_rotation_date_order,"events,lineups",pending,pending
135/2023/2023-10-01/500/511,1052314,SerieA_2023,B,club,Italy,135,2023,2023-10-01T10:30:00+00:00,FT,included,cohort_B_rotation_date_order,"events,lineups",pending,pending
78/2023/2023-10-20/165/162,1048944,Bundesliga_2023,B,club,Germany,78,2023,2023-10-20T18:30:00+00:00,FT,included,cohort_B_rotation_date_order,"events,lineups",pending,pending
61/2023/2023-10-06/95/83,1044944,Ligue1_2023,B,club,France,61,2023,2023-10-06T19:00:00+00:00,FT,included,cohort_B_rotation_date_order,"events,lineups",pending,pending
39/2023/2023-09-30/45/1359,1035099,EPL_2023,B,club,England,39,2023,2023-09-30T14:00:00+00:00,FT,included,cohort_B_rotation_date_order,"events,lineups",pending,pending
140/2023/2023-09-27/532/548,1038019,LaLiga_2023,B,club,Spain,140,2023,2023-09-27T19:30:00+00:00,FT,included,cohort_B_rotation_date_order,"events,lineups",pending,pending
135/2023/2023-10-01/494/495,1052322,SerieA_2023,B,club,Italy,135,2023,2023-10-01T13:00:00+00:00,FT,included,cohort_B_rotation_date_order,"events,lineups",pending,pending
78/2023/2023-10-21/160/176,1048946,Bundesliga_2023,B,club,Germany,78,2023,2023-10-21T13:30:00+00:00,FT,included,cohort_B_rotation_date_order,"events,lineups",pending,pending
61/2023/2023-10-07/112/84,1044950,Ligue1_2023,B,club,France,61,2023,2023-10-07T15:00:00+00:00,FT,included,cohort_B_rotation_date_order,"events,lineups",pending,pending
39/2023/2023-09-30/48/62,1035105,EPL_2023,B,club,England,39,2023,2023-09-30T14:00:00+00:00,FT,included,cohort_B_rotation_date_order,"events,lineups",pending,pending
140/2023/2023-09-27/724/728,1038013,LaLiga_2023,B,club,Spain,140,2023,2023-09-27T19:30:00+00:00,FT,included,cohort_B_rotation_date_order,"events,lineups",pending,pending
135/2023/2023-10-01/499/496,1052313,SerieA_2023,B,club,Italy,135,2023,2023-10-01T16:00:00+00:00,FT,included,cohort_B_rotation_date_order,"events,lineups",pending,pending
78/2023/2023-10-21/161/168,1048947,Bundesliga_2023,B,club,Germany,78,2023,2023-10-21T13:30:00+00:00,FT,included,cohort_B_rotation_date_order,"events,lineups",pending,pending
61/2023/2023-10-07/93/91,1044948,Ligue1_2023,B,club,France,61,2023,2023-10-07T19:00:00+00:00,FT,included,cohort_B_rotation_date_order,"events,lineups",pending,pending
39/2023/2023-09-30/47/40,1035104,EPL_2023,B,club,England,39,2023,2023-09-30T16:30:00+00:00,FT,included,cohort_B_rotation_date_order,"events,lineups",pending,pending
140/2023/2023-09-28/538/542,1038021,LaLiga_2023,B,club,Spain,140,2023,2023-09-28T17:00:00+00:00,FT,included,cohort_B_rotation_date_order,"events,lineups",pending,pending
135/2023/2023-10-01/497/512,1052318,SerieA_2023,B,club,Italy,135,2023,2023-10-01T18:45:00+00:00,FT,included,cohort_B_rotation_date_order,"events,lineups",pending,pending
78/2023/2023-10-21/167/169,1048950,Bundesliga_2023,B,club,Germany,78,2023,2023-10-21T13:30:00+00:00,FT,included,cohort_B_rotation_date_order,"events,lineups",pending,pending
61/2023/2023-10-08/81/111,1044946,Ligue1_2023,B,club,France,61,2023,2023-10-08T11:00:00+00:00,FT,included,cohort_B_rotation_date_order,"events,lineups",pending,pending
39/2023/2023-10-01/65/55,1035103,EPL_2023,B,club,England,39,2023,2023-10-01T13:00:00+00:00,FT,included,cohort_B_rotation_date_order,"events,lineups",pending,pending
140/2023/2023-09-28/715/543,1038017,LaLiga_2023,B,club,Spain,140,2023,2023-09-28T17:00:00+00:00,FT,included,cohort_B_rotation_date_order,"events,lineups",pending,pending
135/2023/2023-10-02/488/1579,1052320,SerieA_2023,B,club,Italy,135,2023,2023-10-02T16:30:00+00:00,FT,included,cohort_B_rotation_date_order,"events,lineups",pending,pending
78/2023/2023-10-21/181/173,1048952,Bundesliga_2023,B,club,Germany,78,2023,2023-10-21T13:30:00+00:00,FT,included,cohort_B_rotation_date_order,"events,lineups",pending,pending
61/2023/2023-10-08/80/97,1044947,Ligue1_2023,B,club,France,61,2023,2023-10-08T13:00:00+00:00,FT,included,cohort_B_rotation_date_order,"events,lineups",pending,pending
39/2023/2023-10-02/36/49,1035100,EPL_2023,B,club,England,39,2023,2023-10-02T19:00:00+00:00,FT,included,cohort_B_rotation_date_order,"events,lineups",pending,pending
140/2023/2023-09-28/727/530,1038015,LaLiga_2023,B,club,Spain,140,2023,2023-09-28T19:30:00+00:00,FT,included,cohort_B_rotation_date_order,"events,lineups",pending,pending
135/2023/2023-10-02/503/504,1052321,SerieA_2023,B,club,Italy,135,2023,2023-10-02T16:30:00+00:00,FT,included,cohort_B_rotation_date_order,"events,lineups",pending,pending
78/2023/2023-10-21/182/172,1048945,Bundesliga_2023,B,club,Germany,78,2023,2023-10-21T13:30:00+00:00,FT,included,cohort_B_rotation_date_order,"events,lineups",pending,pending
61/2023/2023-10-08/106/96,1044952,Ligue1_2023,B,club,France,61,2023,2023-10-08T13:00:00+00:00,FT,included,cohort_B_rotation_date_order,"events,lineups",pending,pending
39/2023/2023-10-03/1359/44,1035051,EPL_2023,B,club,England,39,2023,2023-10-03T18:30:00+00:00,FT,included,cohort_B_rotation_date_order,"events,lineups",pending,pending
140/2023/2023-09-29/529/536,1038024,LaLiga_2023,B,club,Spain,140,2023,2023-09-29T19:00:00+00:00,FT,included,cohort_B_rotation_date_order,"events,lineups",pending,pending
135/2023/2023-10-02/502/490,1052315,SerieA_2023,B,club,Italy,135,2023,2023-10-02T18:45:00+00:00,FT,included,cohort_B_rotation_date_order,"events,lineups",pending,pending
78/2023/2023-10-21/164/157,1048948,Bundesliga_2023,B,club,Germany,78,2023,2023-10-21T16:30:00+00:00,FT,included,cohort_B_rotation_date_order,"events,lineups",pending,pending
61/2023/2023-10-08/116/79,1044949,Ligue1_2023,B,club,France,61,2023,2023-10-08T15:05:00+00:00,FT,included,cohort_B_rotation_date_order,"events,lineups",pending,pending
39/2023/2023-10-07/1359/47,1035113,EPL_2023,B,club,England,39,2023,2023-10-07T11:30:00+00:00,FT,included,cohort_B_rotation_date_order,"events,lineups",pending,pending
140/2023/2023-09-30/546/533,1038026,LaLiga_2023,B,club,Spain,140,2023,2023-09-30T12:00:00+00:00,FT,included,cohort_B_rotation_date_order,"events,lineups",pending,pending
135/2023/2023-10-06/511/494,1052324,SerieA_2023,B,club,Italy,135,2023,2023-10-06T16:30:00+00:00,FT,included,cohort_B_rotation_date_order,"events,lineups",pending,pending
78/2023/2023-10-22/192/163,1048949,Bundesliga_2023,B,club,Germany,78,2023,2023-10-22T13:30:00+00:00,FT,included,cohort_B_rotation_date_order,"events,lineups",pending,pending
61/2023/2023-10-08/94/85,1044945,Ligue1_2023,B,club,France,61,2023,2023-10-08T18:45:00+00:00,FT,included,cohort_B_rotation_date_order,"events,lineups",pending,pending
39/2023/2023-10-07/33/55,1035114,EPL_2023,B,club,England,39,2023,2023-10-07T14:00:00+00:00,FT,included,cohort_B_rotation_date_order,"events,lineups",pending,pending
140/2023/2023-09-30/728/798,1038031,LaLiga_2023,B,club,Spain,140,2023,2023-09-30T14:15:00+00:00,FT,included,cohort_B_rotation_date_order,"events,lineups",pending,pending
135/2023/2023-10-06/867/488,1052330,SerieA_2023,B,club,Italy,135,2023,2023-10-06T18:45:00+00:00,FT,included,cohort_B_rotation_date_order,"events,lineups",pending,pending
78/2023/2023-10-22/180/170,1048951,Bundesliga_2023,B,club,Germany,78,2023,2023-10-22T15:30:00+00:00,FT,included,cohort_B_rotation_date_order,"events,lineups",pending,pending
61/2023/2023-10-20/111/116,1044961,Ligue1_2023,B,club,France,61,2023,2023-10-20T19:00:00+00:00,FT,included,cohort_B_rotation_date_order,"events,lineups",pending,pending
39/2023/2023-10-07/36/62,1035112,EPL_2023,B,club,England,39,2023,2023-10-07T14:00:00+00:00,FT,included,cohort_B_rotation_date_order,"events,lineups",pending,pending
140/2023/2023-09-30/547/541,1038027,LaLiga_2023,B,club,Spain,140,2023,2023-09-30T16:30:00+00:00,FT,included,cohort_B_rotation_date_order,"events,lineups",pending,pending
135/2023/2023-10-07/505/500,1052327,SerieA_2023,B,club,Italy,135,2023,2023-10-07T13:00:00+00:00,FT,included,cohort_B_rotation_date_order,"events,lineups",pending,pending
78/2023/2023-10-27/176/164,1048959,Bundesliga_2023,B,club,Germany,78,2023,2023-10-27T18:30:00+00:00,FT,included,cohort_B_rotation_date_order,"events,lineups",pending,pending
61/2023/2023-10-21/85/95,1044953,Ligue1_2023,B,club,France,61,2023,2023-10-21T15:00:00+00:00,FT,included,cohort_B_rotation_date_order,"events,lineups",pending,pending
39/2023/2023-10-07/44/49,1035109,EPL_2023,B,club,England,39,2023,2023-10-07T14:00:00+00:00,FT,included,cohort_B_rotation_date_order,"events,lineups",pending,pending
140/2023/2023-09-30/548/531,1038029,LaLiga_2023,B,club,Spain,140,2023,2023-09-30T19:00:00+00:00,FT,included,cohort_B_rotation_date_order,"events,lineups",pending,pending
135/2023/2023-10-07/496/503,1052328,SerieA_2023,B,club,Italy,135,2023,2023-10-07T16:00:00+00:00,FT,included,cohort_B_rotation_date_order,"events,lineups",pending,pending
78/2023/2023-10-28/157/181,1048953,Bundesliga_2023,B,club,Germany,78,2023,2023-10-28T13:30:00+00:00,FT,included,cohort_B_rotation_date_order,"events,lineups",pending,pending
61/2023/2023-10-21/84/81,1044959,Ligue1_2023,B,club,France,61,2023,2023-10-21T19:00:00+00:00,FT,included,cohort_B_rotation_date_order,"events,lineups",pending,pending
39/2023/2023-10-07/45/35,1035111,EPL_2023,B,club,England,39,2023,2023-10-07T14:00:00+00:00,FT,included,cohort_B_rotation_date_order,"events,lineups",pending,pending
140/2023/2023-10-01/723/715,1038022,LaLiga_2023,B,club,Spain,140,2023,2023-10-01T12:00:00+00:00,FT,included,cohort_B_rotation_date_order,"events,lineups",pending,pending
135/2023/2023-10-07/495/489,1052326,SerieA_2023,B,club,Italy,135,2023,2023-10-07T18:45:00+00:00,FT,included,cohort_B_rotation_date_order,"events,lineups",pending,pending
78/2023/2023-10-28/162/182,1048958,Bundesliga_2023,B,club,Germany,78,2023,2023-10-28T13:30:00+00:00,FT,included,cohort_B_rotation_date_order,"events,lineups",pending,pending
61/2023/2023-10-22/97/94,1044955,Ligue1_2023,B,club,France,61,2023,2023-10-22T11:00:00+00:00,FT,included,cohort_B_rotation_date_order,"events,lineups",pending,pending
39/2023/2023-10-07/52/65,1035110,EPL_2023,B,club,England,39,2023,2023-10-07T16:30:00+00:00,FT,included,cohort_B_rotation_date_order,"events,lineups",pending,pending
140/2023/2023-10-01/542/727,1038028,LaLiga_2023,B,club,Spain,140,2023,2023-10-01T14:15:00+00:00,FT,included,cohort_B_rotation_date_order,"events,lineups",pending,pending
135/2023/2023-10-08/1579/514,1052331,SerieA_2023,B,club,Italy,135,2023,2023-10-08T10:30:00+00:00,FT,included,cohort_B_rotation_date_order,"events,lineups",pending,pending
78/2023/2023-10-28/163/180,1048957,Bundesliga_2023,B,club,Germany,78,2023,2023-10-28T13:30:00+00:00,FT,included,cohort_B_rotation_date_order,"events,lineups",pending,pending
61/2023/2023-10-22/79/106,1044957,Ligue1_2023,B,club,France,61,2023,2023-10-22T13:00:00+00:00,FT,included,cohort_B_rotation_date_order,"events,lineups",pending,pending
39/2023/2023-10-08/39/66,1035116,EPL_2023,B,club,England,39,2023,2023-10-08T13:00:00+00:00,FT,included,cohort_B_rotation_date_order,"events,lineups",pending,pending
140/2023/2023-10-01/530/724,1038023,LaLiga_2023,B,club,Spain,140,2023,2023-10-01T19:00:00+00:00,FT,included,cohort_B_rotation_date_order,"events,lineups",pending,pending
135/2023/2023-10-08/487/499,1052329,SerieA_2023,B,club,Italy,135,2023,2023-10-08T13:00:00+00:00,FT,included,cohort_B_rotation_date_order,"events,lineups",pending,pending
78/2023/2023-10-28/170/161,1048960,Bundesliga_2023,B,club,Germany,78,2023,2023-10-28T13:30:00+00:00,FT,included,cohort_B_rotation_date_order,"events,lineups",pending,pending
61/2023/2023-10-22/83/82,1044960,Ligue1_2023,B,club,France,61,2023,2023-10-22T13:00:00+00:00,FT,included,cohort_B_rotation_date_order,"events,lineups",pending,pending
39/2023/2023-10-08/48/34,1035115,EPL_2023,B,club,England,39,2023,2023-10-08T13:00:00+00:00,FT,included,cohort_B_rotation_date_order,"events,lineups",pending,pending
140/2023/2023-10-01/543/532,1038025,LaLiga_2023,B,club,Spain,140,2023,2023-10-01T19:00:00+00:00,FT,included,cohort_B_rotation_date_order,"events,lineups",pending,pending
135/2023/2023-10-08/512/504,1052325,SerieA_2023,B,club,Italy,135,2023,2023-10-08T13:00:00+00:00,FT,included,cohort_B_rotation_date_order,"events,lineups",pending,pending
78/2023/2023-10-28/172/167,1048961,Bundesliga_2023,B,club,Germany,78,2023,2023-10-28T13:30:00+00:00,FT,included,cohort_B_rotation_date_order,"events,lineups",pending,pending
61/2023/2023-10-22/96/93,1044954,Ligue1_2023,B,club,France,61,2023,2023-10-22T13:00:00+00:00,FT,included,cohort_B_rotation_date_order,"events,lineups",pending,pending
39/2023/2023-10-08/51/40,1035108,EPL_2023,B,club,England,39,2023,2023-10-08T13:00:00+00:00,FT,included,cohort_B_rotation_date_order,"events,lineups",pending,pending
140/2023/2023-10-02/534/538,1038030,LaLiga_2023,B,club,Spain,140,2023,2023-10-02T19:00:00+00:00,FT,included,cohort_B_rotation_date_order,"events,lineups",pending,pending
135/2023/2023-10-08/490/497,1052323,SerieA_2023,B,club,Italy,135,2023,2023-10-08T16:00:00+00:00,FT,included,cohort_B_rotation_date_order,"events,lineups",pending,pending
78/2023/2023-10-28/173/192,1048954,Bundesliga_2023,B,club,Germany,78,2023,2023-10-28T16:30:00+00:00,FT,included,cohort_B_rotation_date_order,"events,lineups",pending,pending
61/2023/2023-10-22/91/112,1044956,Ligue1_2023,B,club,France,61,2023,2023-10-22T15:05:00+00:00,FT,included,cohort_B_rotation_date_order,"events,lineups",pending,pending
39/2023/2023-10-08/42/50,1035107,EPL_2023,B,club,England,39,2023,2023-10-08T15:30:00+00:00,FT,included,cohort_B_rotation_date_order,"events,lineups",pending,pending
140/2023/2023-10-06/531/723,1038037,LaLiga_2023,B,club,Spain,140,2023,2023-10-06T19:00:00+00:00,FT,included,cohort_B_rotation_date_order,"events,lineups",pending,pending
135/2023/2023-10-08/492/502,1052332,SerieA_2023,B,club,Italy,135,2023,2023-10-08T18:45:00+00:00,FT,included,cohort_B_rotation_date_order,"events,lineups",pending,pending
78/2023/2023-10-29/169/165,1048956,Bundesliga_2023,B,club,Germany,78,2023,2023-10-29T14:30:00+00:00,FT,included,cohort_B_rotation_date_order,"events,lineups",pending,pending
61/2023/2023-10-22/80/99,1044958,Ligue1_2023,B,club,France,61,2023,2023-10-22T18:45:00+00:00,FT,included,cohort_B_rotation_date_order,"events,lineups",pending,pending
39/2023/2023-10-21/40/45,1035121,EPL_2023,B,club,England,39,2023,2023-10-21T11:30:00+00:00,FT,included,cohort_B_rotation_date_order,"events,lineups",pending,pending
140/2023/2023-10-07/724/547,1038033,LaLiga_2023,B,club,Spain,140,2023,2023-10-07T12:00:00+00:00,FT,included,cohort_B_rotation_date_order,"events,lineups",pending,pending
135/2023/2023-10-21/504/492,1052336,SerieA_2023,B,club,Italy,135,2023,2023-10-21T13:00:00+00:00,FT,included,cohort_B_rotation_date_order,"events,lineups",pending,pending
78/2023/2023-10-29/168/160,1048955,Bundesliga_2023,B,club,Germany,78,2023,2023-10-29T16:30:00+00:00,FT,included,cohort_B_rotation_date_order,"events,lineups",pending,pending
61/2023/2023-10-27/99/84,1044965,Ligue1_2023,B,club,France,61,2023,2023-10-27T19:00:00+00:00,FT,included,cohort_B_rotation_date_order,"events,lineups",pending,pending
39/2023/2023-10-21/34/52,1035123,EPL_2023,B,club,England,39,2023,2023-10-21T14:00:00+00:00,FT,included,cohort_B_rotation_date_order,"events,lineups",pending,pending
140/2023/2023-10-07/541/727,1038039,LaLiga_2023,B,club,Spain,140,2023,2023-10-07T14:15:00+00:00,FT,included,cohort_B_rotation_date_order,"events,lineups",pending,pending
135/2023/2023-10-21/503/505,1052341,SerieA_2023,B,club,Italy,135,2023,2023-10-21T16:00:00+00:00,FT,included,cohort_B_rotation_date_order,"events,lineups",pending,pending
78/2023/2023-11-03/181/176,1048970,Bundesliga_2023,B,club,Germany,78,2023,2023-11-03T19:30:00+00:00,FT,included,cohort_B_rotation_date_order,"events,lineups",pending,pending
61/2023/2023-10-28/93/97,1044966,Ligue1_2023,B,club,France,61,2023,2023-10-28T15:00:00+00:00,FT,included,cohort_B_rotation_date_order,"events,lineups",pending,pending
39/2023/2023-10-21/35/39,1035117,EPL_2023,B,club,England,39,2023,2023-10-21T14:00:00+00:00,FT,included,cohort_B_rotation_date_order,"events,lineups",pending,pending
140/2023/2023-10-07/798/532,1038035,LaLiga_2023,B,club,Spain,140,2023,2023-10-07T16:30:00+00:00,FT,included,cohort_B_rotation_date_order,"events,lineups",pending,pending
135/2023/2023-10-21/488/487,1052340,SerieA_2023,B,club,Italy,135,2023,2023-10-21T18:45:00+00:00,FT,included,cohort_B_rotation_date_order,"events,lineups",pending,pending
78/2023/2023-11-04/160/163,1048964,Bundesliga_2023,B,club,Germany,78,2023,2023-11-04T14:30:00+00:00,FT,included,cohort_B_rotation_date_order,"events,lineups",pending,pending
61/2023/2023-10-28/116/83,1044967,Ligue1_2023,B,club,France,61,2023,2023-10-28T19:00:00+00:00,FT,included,cohort_B_rotation_date_order,"events,lineups",pending,pending
39/2023/2023-10-21/50/51,1035122,EPL_2023,B,club,England,39,2023,2023-10-21T14:00:00+00:00,FT,included,cohort_B_rotation_date_order,"events,lineups",pending,pending
140/2023/2023-10-07/536/728,1038040,LaLiga_2023,B,club,Spain,140,2023,2023-10-07T19:00:00+00:00,FT,included,cohort_B_rotation_date_order,"events,lineups",pending,pending
135/2023/2023-10-22/497/1579,1052338,SerieA_2023,B,club,Italy,135,2023,2023-10-22T10:30:00+00:00,FT,included,cohort_B_rotation_date_order,"events,lineups",pending,pending
78/2023/2023-11-04/164/173,1048966,Bundesliga_2023,B,club,Germany,78,2023,2023-11-04T14:30:00+00:00,FT,included,cohort_B_rotation_date_order,"events,lineups",pending,pending
61/2023/2023-10-29/106/85,1044970,Ligue1_2023,B,club,France,61,2023,2023-10-29T12:00:00+00:00,FT,included,cohort_B_rotation_date_order,"events,lineups",pending,pending
39/2023/2023-10-21/55/44,1035119,EPL_2023,B,club,England,39,2023,2023-10-21T14:00:00+00:00,FT,included,cohort_B_rotation_date_order,"events,lineups",pending,pending
140/2023/2023-10-08/533/534,1038041,LaLiga_2023,B,club,Spain,140,2023,2023-10-08T12:00:00+00:00,FT,included,cohort_B_rotation_date_order,"events,lineups",pending,pending
135/2023/2023-10-22/500/512,1052334,SerieA_2023,B,club,Italy,135,2023,2023-10-22T13:00:00+00:00,FT,included,cohort_B_rotation_date_order,"events,lineups",pending,pending
78/2023/2023-11-04/167/168,1048968,Bundesliga_2023,B,club,Germany,78,2023,2023-11-04T14:30:00+00:00,FT,included,cohort_B_rotation_date_order,"events,lineups",pending,pending
61/2023/2023-10-29/79/91,1044964,Ligue1_2023,B,club,France,61,2023,2023-10-29T14:00:00+00:00,FT,included,cohort_B_rotation_date_order,"events,lineups",pending,pending
39/2023/2023-10-21/65/1359,1035124,EPL_2023,B,club,England,39,2023,2023-10-21T14:00:00+00:00,FT,included,cohort_B_rotation_date_order,"events,lineups",pending,pending
140/2023/2023-10-08/530/548,1038032,LaLiga_2023,B,club,Spain,140,2023,2023-10-08T14:15:00+00:00,FT,included,cohort_B_rotation_date_order,"events,lineups",pending,pending
135/2023/2023-10-22/514/490,1052339,SerieA_2023,B,club,Italy,135,2023,2023-10-22T13:00:00+00:00,FT,included,cohort_B_rotation_date_order,"events,lineups",pending,pending
78/2023/2023-11-04/182/169,1048963,Bundesliga_2023,B,club,Germany,78,2023,2023-11-04T14:30:00+00:00,FT,included,cohort_B_rotation_date_order,"events,lineups",pending,pending
61/2023/2023-10-29/82/96,1044969,Ligue1_2023,B,club,France,61,2023,2023-10-29T14:00:00+00:00,FT,included,cohort_B_rotation_date_order,"events,lineups",pending,pending
39/2023/2023-10-21/49/42,1035120,EPL_2023,B,club,England,39,2023,2023-10-21T16:30:00+00:00,FT,included,cohort_B_rotation_date_order,"events,lineups",pending,pending
140/2023/2023-10-08/538/546,1038034,LaLiga_2023,B,club,Spain,140,2023,2023-10-08T16:30:00+00:00,FT,included,cohort_B_rotation_date_order,"events,lineups",pending,pending
135/2023/2023-10-22/499/495,1052333,SerieA_2023,B,club,Italy,135,2023,2023-10-22T16:00:00+00:00,FT,included,cohort_B_rotation_date_order,"events,lineups",pending,pending
78/2023/2023-11-04/192/170,1048967,Bundesliga_2023,B,club,Germany,78,2023,2023-11-04T14:30:00+00:00,FT,included,cohort_B_rotation_date_order,"events,lineups",pending,pending
61/2023/2023-10-29/112/111,1044968,Ligue1_2023,B,club,France,61,2023,2023-10-29T14:00:00+00:00,FT,included,cohort_B_rotation_date_order,"events,lineups",pending,pending
39/2023/2023-10-21/62/33,1035125,EPL_2023,B,club,England,39,2023,2023-10-21T19:00:00+00:00,FT,included,cohort_B_rotation_date_order,"events,lineups",pending,pending
140/2023/2023-10-08/542/543,1038036,LaLiga_2023,B,club,Spain,140,2023,2023-10-08T16:30:00+00:00,FT,included,cohort_B_rotation_date_order,"events,lineups",pending,pending
135/2023/2023-10-22/489/496,1052337,SerieA_2023,B,club,Italy,135,2023,2023-10-22T18:45:00+00:00,FT,included,cohort_B_rotation_date_order,"events,lineups",pending,pending
78/2023/2023-11-04/165/157,1048962,Bundesliga_2023,B,club,Germany,78,2023,2023-11-04T17:30:00+00:00,FT,included,cohort_B_rotation_date_order,"events,lineups",pending,pending
61/2023/2023-10-29/94/95,1044962,Ligue1_2023,B,club,France,61,2023,2023-10-29T16:05:00+00:00,FT,included,cohort_B_rotation_date_order,"events,lineups",pending,pending
39/2023/2023-10-22/66/48,1035118,EPL_2023,B,club,England,39,2023,2023-10-22T15:30:00+00:00,FT,included,cohort_B_rotation_date_order,"events,lineups",pending,pending
140/2023/2023-10-08/715/529,1038038,LaLiga_2023,B,club,Spain,140,2023,2023-10-08T19:00:00+00:00,FT,included,cohort_B_rotation_date_order,"events,lineups",pending,pending
135/2023/2023-10-23/494/867,1052342,SerieA_2023,B,club,Italy,135,2023,2023-10-23T16:30:00+00:00,FT,included,cohort_B_rotation_date_order,"events,lineups",pending,pending
78/2023/2023-11-05/161/162,1048965,Bundesliga_2023,B,club,Germany,78,2023,2023-11-05T14:30:00+00:00,FT,included,cohort_B_rotation_date_order,"events,lineups",pending,pending
61/2023/2023-11-03/85/82,1044971,Ligue1_2023,B,club,France,61,2023,2023-11-03T20:00:00+00:00,FT,included,cohort_B_rotation_date_order,"events,lineups",pending,pending
39/2023/2023-10-23/47/36,1035126,EPL_2023,B,club,England,39,2023,2023-10-23T19:00:00+00:00,FT,included,cohort_B_rotation_date_order,"events,lineups",pending,pending
140/2023/2023-10-20/727/715,1038050,LaLiga_2023,B,club,Spain,140,2023,2023-10-20T19:00:00+00:00,FT,included,cohort_B_rotation_date_order,"events,lineups",pending,pending
135/2023/2023-10-23/502/511,1052335,SerieA_2023,B,club,Italy,135,2023,2023-10-23T18:45:00+00:00,FT,included,cohort_B_rotation_date_order,"events,lineups",pending,pending
78/2023/2023-11-05/180/172,1048969,Bundesliga_2023,B,club,Germany,78,2023,2023-11-05T16:30:00+00:00,FT,included,cohort_B_rotation_date_order,"events,lineups",pending,pending
61/2023/2023-11-04/97/116,1044975,Ligue1_2023,B,club,France,61,2023,2023-11-04T16:00:00+00:00,FT,included,cohort_B_rotation_date_order,"events,lineups",pending,pending
39/2023/2023-10-27/52/47,1035132,EPL_2023,B,club,England,39,2023,2023-10-27T19:00:00+00:00,FT,included,cohort_B_rotation_date_order,"events,lineups",pending,pending
140/2023/2023-10-21/548/798,1038048,LaLiga_2023,B,club,Spain,140,2023,2023-10-21T12:00:00+00:00,FT,included,cohort_B_rotation_date_order,"events,lineups",pending,pending
135/2023/2023-10-27/495/514,1052345,SerieA_2023,B,club,Italy,135,2023,2023-10-27T18:45:00+00:00,FT,included,cohort_B_rotation_date_order,"events,lineups",pending,pending
78/2023/2023-11-10/163/161,1048974,Bundesliga_2023,B,club,Germany,78,2023,2023-11-10T19:30:00+00:00,FT,included,cohort_B_rotation_date_order,"events,lineups",pending,pending
61/2023/2023-11-04/81/79,1044974,Ligue1_2023,B,club,France,61,2023,2023-11-04T20:00:00+00:00,FT,included,cohort_B_rotation_date_order,"events,lineups",pending,pending
39/2023/2023-10-28/49/55,1035131,EPL_2023,B,club,England,39,2023,2023-10-28T11:30:00+00:00,FT,included,cohort_B_rotation_date_order,"events,lineups",pending,pending
140/2023/2023-10-21/546/543,1038046,LaLiga_2023,B,club,Spain,140,2023,2023-10-21T14:15:00+00:00,FT,included,cohort_B_rotation_date_order,"events,lineups",pending,pending
135/2023/2023-10-28/488/500,1052352,SerieA_2023,B,club,Italy,135,2023,2023-10-28T13:00:00+00:00,FT,included,cohort_B_rotation_date_order,"events,lineups",pending,pending
78/2023/2023-11-11/157/180,1048971,Bundesliga_2023,B,club,Germany,78,2023,2023-11-11T14:30:00+00:00,FT,included,cohort_B_rotation_date_order,"events,lineups",pending,pending
61/2023/2023-11-05/80/112,1044977,Ligue1_2023,B,club,France,61,2023,2023-11-05T12:00:00+00:00,FT,included,cohort_B_rotation_date_order,"events,lineups",pending,pending
39/2023/2023-10-28/35/44,1035127,EPL_2023,B,club,England,39,2023,2023-10-28T14:00:00+00:00,FT,included,cohort_B_rotation_date_order,"events,lineups",pending,pending
140/2023/2023-10-21/536/541,1038049,LaLiga_2023,B,club,Spain,140,2023,2023-10-21T16:30:00+00:00,FT,included,cohort_B_rotation_date_order,"events,lineups",pending,pending
135/2023/2023-10-28/867/503,1052349,SerieA_2023,B,club,Italy,135,2023,2023-10-28T16:00:00+00:00,FT,included,cohort_B_rotation_date_order,"events,lineups",pending,pending
78/2023/2023-11-11/170/167,1048977,Bundesliga_2023,B,club,Germany,78,2023,2023-11-11T14:30:00+00:00,FT,included,cohort_B_rotation_date_order,"events,lineups",pending,pending
61/2023/2023-11-05/83/93,1044979,Ligue1_2023,B,club,France,61,2023,2023-11-05T14:00:00+00:00,FT,included,cohort_B_rotation_date_order,"events,lineups",pending,pending
39/2023/2023-10-28/42/62,1035128,EPL_2023,B,club,England,39,2023,2023-10-28T14:00:00+00:00,FT,included,cohort_B_rotation_date_order,"events,lineups",pending,pending
140/2023/2023-10-21/538/530,1038045,LaLiga_2023,B,club,Spain,140,2023,2023-10-21T19:00:00+00:00,FT,included,cohort_B_rotation_date_order,"events,lineups",pending,pending
135/2023/2023-10-28/496/504,1052347,SerieA_2023,B,club,Italy,135,2023,2023-10-28T18:45:00+00:00,FT,included,cohort_B_rotation_date_order,"events,lineups",pending,pending
78/2023/2023-11-11/172/165,1048978,Bundesliga_2023,B,club,Germany,78,2023,2023-11-11T14:30:00+00:00,FT,included,cohort_B_rotation_date_order,"events,lineups",pending,pending
61/2023/2023-11-05/95/99,1044972,Ligue1_2023,B,club,France,61,2023,2023-11-05T14:00:00+00:00,FT,included,cohort_B_rotation_date_order,"events,lineups",pending,pending
39/2023/2023-10-28/39/34,1035136,EPL_2023,B,club,England,39,2023,2023-10-28T16:30:00+00:00,FT,included,cohort_B_rotation_date_order,"events,lineups",pending,pending
140/2023/2023-10-22/534/728,1038042,LaLiga_2023,B,club,Spain,140,2023,2023-10-22T12:00:00+00:00,FT,included,cohort_B_rotation_date_order,"events,lineups",pending,pending
135/2023/2023-10-29/490/512,1052343,SerieA_2023,B,club,Italy,135,2023,2023-10-29T11:30:00+00:00,FT,included,cohort_B_rotation_date_order,"events,lineups",pending,pending
78/2023/2023-11-11/181/164,1048979,Bundesliga_2023,B,club,Germany,78,2023,2023-11-11T14:30:00+00:00,FT,included,cohort_B_rotation_date_order,"events,lineups",pending,pending
61/2023/2023-11-05/96/111,1044973,Ligue1_2023,B,club,France,61,2023,2023-11-05T14:00:00+00:00,FT,included,cohort_B_rotation_date_order,"events,lineups",pending,pending
39/2023/2023-10-29/48/45,1035135,EPL_2023,B,club,England,39,2023,2023-10-29T13:00:00+00:00,FT,included,cohort_B_rotation_date_order,"events,lineups",pending,pending
140/2023/2023-10-22/547/723,1038043,LaLiga_2023,B,club,Spain,140,2023,2023-10-22T14:15:00+00:00,FT,included,cohort_B_rotation_date_order,"events,lineups",pending,pending
135/2023/2023-10-29/1579/494,1052350,SerieA_2023,B,club,Italy,135,2023,2023-10-29T14:00:00+00:00,FT,included,cohort_B_rotation_date_order,"events,lineups",pending,pending
78/2023/2023-11-11/176/192,1048976,Bundesliga_2023,B,club,Germany,78,2023,2023-11-11T17:30:00+00:00,FT,included,cohort_B_rotation_date_order,"events,lineups",pending,pending
61/2023/2023-11-05/91/106,1044976,Ligue1_2023,B,club,France,61,2023,2023-11-05T16:05:00+00:00,FT,included,cohort_B_rotation_date_order,"events,lineups",pending,pending
39/2023/2023-10-29/40/65,1035133,EPL_2023,B,club,England,39,2023,2023-10-29T14:00:00+00:00,FT,included,cohort_B_rotation_date_order,"events,lineups",pending,pending
140/2023/2023-10-22/533/542,1038051,LaLiga_2023,B,club,Spain,140,2023,2023-10-22T16:30:00+00:00,FT,included,cohort_B_rotation_date_order,"events,lineups",pending,pending
135/2023/2023-10-29/505/497,1052346,SerieA_2023,B,club,Italy,135,2023,2023-10-29T17:00:00+00:00,FT,included,cohort_B_rotation_date_order,"events,lineups",pending,pending
78/2023/2023-11-12/168/182,1048973,Bundesliga_2023,B,club,Germany,78,2023,2023-11-12T14:30:00+00:00,FT,included,cohort_B_rotation_date_order,"events,lineups",pending,pending
61/2023/2023-11-05/84/94,1044978,Ligue1_2023,B,club,France,61,2023,2023-11-05T19:45:00+00:00,FT,included,cohort_B_rotation_date_order,"events,lineups",pending,pending
39/2023/2023-10-29/51/36,1035130,EPL_2023,B,club,England,39,2023,2023-10-29T14:00:00+00:00,FT,included,cohort_B_rotation_date_order,"events,lineups",pending,pending
140/2023/2023-10-22/529/531,1038044,LaLiga_2023,B,club,Spain,140,2023,2023-10-22T19:00:00+00:00,FT,included,cohort_B_rotation_date_order,"events,lineups",pending,pending
135/2023/2023-10-29/492/489,1052351,SerieA_2023,B,club,Italy,135,2023,2023-10-29T19:45:00+00:00,FT,included,cohort_B_rotation_date_order,"events,lineups",pending,pending
78/2023/2023-11-12/162/169,1048975,Bundesliga_2023,B,club,Germany,78,2023,2023-11-12T16:30:00+00:00,FT,included,cohort_B_rotation_date_order,"events,lineups",pending,pending
61/2023/2023-11-10/82/84,1044987,Ligue1_2023,B,club,France,61,2023,2023-11-10T20:00:00+00:00,FT,included,cohort_B_rotation_date_order,"events,lineups",pending,pending
39/2023/2023-10-29/66/1359,1035129,EPL_2023,B,club,England,39,2023,2023-10-29T14:00:00+00:00,FT,included,cohort_B_rotation_date_order,"events,lineups",pending,pending
140/2023/2023-10-23/532/724,1038047,LaLiga_2023,B,club,Spain,140,2023,2023-10-23T19:00:00+00:00,FT,included,cohort_B_rotation_date_order,"events,lineups",pending,pending
135/2023/2023-10-30/511/499,1052344,SerieA_2023,B,club,Italy,135,2023,2023-10-30T17:30:00+00:00,FT,included,cohort_B_rotation_date_order,"events,lineups",pending,pending
78/2023/2023-11-12/173/160,1048972,Bundesliga_2023,B,club,Germany,78,2023,2023-11-12T18:30:00+00:00,FT,included,cohort_B_rotation_date_order,"events,lineups",pending,pending
61/2023/2023-11-11/93/85,1044983,Ligue1_2023,B,club,France,61,2023,2023-11-11T16:00:00+00:00,FT,included,cohort_B_rotation_date_order,"events,lineups",pending,pending
39/2023/2023-10-29/33/50,1035134,EPL_2023,B,club,England,39,2023,2023-10-29T15:30:00+00:00,FT,included,cohort_B_rotation_date_order,"events,lineups",pending,pending
140/2023/2023-10-27/547/538,1038059,LaLiga_2023,B,club,Spain,140,2023,2023-10-27T19:00:00+00:00,FT,included,cohort_B_rotation_date_order,"events,lineups",pending,pending
135/2023/2023-10-30/487/502,1052348,SerieA_2023,B,club,Italy,135,2023,2023-10-30T19:45:00+00:00,FT,included,cohort_B_rotation_date_order,"events,lineups",pending,pending
78/2023/2023-11-24/192/157,1048985,Bundesliga_2023,B,club,Germany,78,2023,2023-11-24T19:30:00+00:00,FT,included,cohort_B_rotation_date_order,"events,lineups",pending,pending
61/2023/2023-11-11/111/91,1044985,Ligue1_2023,B,club,France,61,2023,2023-11-11T20:00:00+00:00,FT,included,cohort_B_rotation_date_order,"events,lineups",pending,pending
39/2023/2023-11-04/36/33,1035140,EPL_2023,B,club,England,39,2023,2023-11-04T12:30:00+00:00,FT,included,cohort_B_rotation_date_order,"events,lineups",pending,pending
140/2023/2023-10-28/723/534,1038052,LaLiga_2023,B,club,Spain,140,2023,2023-10-28T12:00:00+00:00,FT,included,cohort_B_rotation_date_order,"events,lineups",pending,pending
135/2023/2023-11-03/500/487,1052354,SerieA_2023,B,club,Italy,135,2023,2023-11-03T19:45:00+00:00,FT,included,cohort_B_rotation_date_order,"events,lineups",pending,pending
78/2023/2023-11-25/160/181,1048982,Bundesliga_2023,B,club,Germany,78,2023,2023-11-25T14:30:00+00:00,FT,included,cohort_B_rotation_date_order,"events,lineups",pending,pending
61/2023/2023-11-12/79/96,1044981,Ligue1_2023,B,club,France,61,2023,2023-11-12T14:00:00+00:00,FT,included,cohort_B_rotation_date_order,"events,lineups",pending,pending
39/2023/2023-11-04/44/52,1035138,EPL_2023,B,club,England,39,2023,2023-11-04T15:00:00+00:00,FT,included,cohort_B_rotation_date_order,"events,lineups",pending,pending
140/2023/2023-10-28/529/541,1038054,LaLiga_2023,B,club,Spain,140,2023,2023-10-28T14:15:00+00:00,FT,included,cohort_B_rotation_date_order,"events,lineups",pending,pending
135/2023/2023-11-04/514/492,1052361,SerieA_2023,B,club,Italy,135,2023,2023-11-04T14:00:00+00:00,FT,included,cohort_B_rotation_date_order,"events,lineups",pending,pending
78/2023/2023-11-25/161/173,1048984,Bundesliga_2023,B,club,Germany,78,2023,2023-11-25T14:30:00+00:00,FT,included,cohort_B_rotation_date_order,"events,lineups",pending,pending
61/2023/2023-11-12/99/97,1044982,Ligue1_2023,B,club,France,61,2023,2023-11-12T14:00:00+00:00,FT,included,cohort_B_rotation_date_order,"events,lineups",pending,pending
39/2023/2023-11-04/45/51,1035139,EPL_2023,B,club,England,39,2023,2023-11-04T15:00:00+00:00,FT,included,cohort_B_rotation_date_order,"events,lineups",pending,pending
140/2023/2023-10-28/798/546,1038060,LaLiga_2023,B,club,Spain,140,2023,2023-10-28T16:30:00+00:00,FT,included,cohort_B_rotation_date_order,"events,lineups",pending,pending
135/2023/2023-11-04/499/505,1052353,SerieA_2023,B,club,Italy,135,2023,2023-11-04T17:00:00+00:00,FT,included,cohort_B_rotation_date_order,"events,lineups",pending,pending
78/2023/2023-11-25/162/168,1048987,Bundesliga_2023,B,club,Germany,78,2023,2023-11-25T14:30:00+00:00,FT,included,cohort_B_rotation_date_order,"events,lineups",pending,pending
61/2023/2023-11-12/112/83,1044986,Ligue1_2023,B,club,France,61,2023,2023-11-12T14:00:00+00:00,FT,included,cohort_B_rotation_date_order,"events,lineups",pending,pending
39/2023/2023-11-04/50/35,1035142,EPL_2023,B,club,England,39,2023,2023-11-04T15:00:00+00:00,FT,included,cohort_B_rotation_date_order,"events,lineups",pending,pending
140/2023/2023-10-28/724/536,1038056,LaLiga_2023,B,club,Spain,140,2023,2023-10-28T19:00:00+00:00,FT,included,cohort_B_rotation_date_order,"events,lineups",pending,pending
135/2023/2023-11-04/489/494,1052359,SerieA_2023,B,club,Italy,135,2023,2023-11-04T19:45:00+00:00,FT,included,cohort_B_rotation_date_order,"events,lineups",pending,pending
78/2023/2023-11-25/165/163,1048980,Bundesliga_2023,B,club,Germany,78,2023,2023-11-25T14:30:00+00:00,FT,included,cohort_B_rotation_date_order,"events,lineups",pending,pending
61/2023/2023-11-12/94/80,1044980,Ligue1_2023,B,club,France,61,2023,2023-11-12T16:05:00+00:00,FT,included,cohort_B_rotation_date_order,"events,lineups",pending,pending
39/2023/2023-11-04/55/48,1035137,EPL_2023,B,club,England,39,2023,2023-11-04T15:00:00+00:00,FT,included,cohort_B_rotation_date_order,"events,lineups",pending,pending
140/2023/2023-10-29/543/727,1038055,LaLiga_2023,B,club,Spain,140,2023,2023-10-29T13:00:00+00:00,FT,included,cohort_B_rotation_date_order,"events,lineups",pending,pending
135/2023/2023-11-05/504/1579,1052358,SerieA_2023,B,club,Italy,135,2023,2023-11-05T11:30:00+00:00,FT,included,cohort_B_rotation_date_order,"events,lineups",pending,pending
78/2023/2023-11-25/182/170,1048981,Bundesliga_2023,B,club,Germany,78,2023,2023-11-25T14:30:00+00:00,FT,included,cohort_B_rotation_date_order,"events,lineups",pending,pending
61/2023/2023-11-12/116/81,1044984,Ligue1_2023,B,club,France,61,2023,2023-11-12T19:45:00+00:00,FT,included,cohort_B_rotation_date_order,"events,lineups",pending,pending
39/2023/2023-11-04/62/39,1035145,EPL_2023,B,club,England,39,2023,2023-11-04T15:00:00+00:00,FT,included,cohort_B_rotation_date_order,"events,lineups",pending,pending
140/2023/2023-10-29/728/548,1038057,LaLiga_2023,B,club,Spain,140,2023,2023-10-29T15:15:00+00:00,FT,included,cohort_B_rotation_date_order,"events,lineups",pending,pending
135/2023/2023-11-05/490/495,1052355,SerieA_2023,B,club,Italy,135,2023,2023-11-05T14:00:00+00:00,FT,included,cohort_B_rotation_date_order,"events,lineups",pending,pending
78/2023/2023-11-25/169/172,1048983,Bundesliga_2023,B,club,Germany,78,2023,2023-11-25T17:30:00+00:00,FT,included,cohort_B_rotation_date_order,"events,lineups",pending,pending
61/2023/2023-11-24/85/91,1044989,Ligue1_2023,B,club,France,61,2023,2023-11-24T20:00:00+00:00,FT,included,cohort_B_rotation_date_order,"events,lineups",pending,pending
39/2023/2023-11-04/34/42,1035143,EPL_2023,B,club,England,39,2023,2023-11-04T17:30:00+00:00,FT,included,cohort_B_rotation_date_order,"events,lineups",pending,pending
140/2023/2023-10-29/531/532,1038053,LaLiga_2023,B,club,Spain,140,2023,2023-10-29T17:30:00+00:00,FT,included,cohort_B_rotation_date_order,"events,lineups",pending,pending
135/2023/2023-11-05/497/867,1052360,SerieA_2023,B,club,Italy,135,2023,2023-11-05T17:00:00+00:00,FT,included,cohort_B_rotation_date_order,"events,lineups",pending,pending
78/2023/2023-11-26/180/176,1048988,Bundesliga_2023,B,club,Germany,78,2023,2023-11-26T14:30:00+00:00,FT,included,cohort_B_rotation_date_order,"events,lineups",pending,pending
61/2023/2023-11-25/99/116,1044995,Ligue1_2023,B,club,France,61,2023,2023-11-25T16:00:00+00:00,FT,included,cohort_B_rotation_date_order,"events,lineups",pending,pending
39/2023/2023-11-05/65/66,1035144,EPL_2023,B,club,England,39,2023,2023-11-05T14:00:00+00:00,FT,included,cohort_B_rotation_date_order,"events,lineups",pending,pending
140/2023/2023-10-29/530/542,1038061,LaLiga_2023,B,club,Spain,140,2023,2023-10-29T20:00:00+00:00,FT,included,cohort_B_rotation_date_order,"events,lineups",pending,pending
135/2023/2023-11-05/502/496,1052356,SerieA_2023,B,club,Italy,135,2023,2023-11-05T19:45:00+00:00,FT,included,cohort_B_rotation_date_order,"events,lineups",pending,pending
78/2023/2023-11-26/167/164,1048986,Bundesliga_2023,B,club,Germany,78,2023,2023-11-26T16:30:00+00:00,FT,included,cohort_B_rotation_date_order,"events,lineups",pending,pending
61/2023/2023-11-25/95/81,1044990,Ligue1_2023,B,club,France,61,2023,2023-11-25T20:00:00+00:00,FT,included,cohort_B_rotation_date_order,"events,lineups",pending,pending
39/2023/2023-11-05/1359/40,1035141,EPL_2023,B,club,England,39,2023,2023-11-05T16:30:00+00:00,FT,included,cohort_B_rotation_date_order,"events,lineups",pending,pending
140/2023/2023-10-30/715/533,1038058,LaLiga_2023,B,club,Spain,140,2023,2023-10-30T20:00:00+00:00,FT,included,cohort_B_rotation_date_order,"events,lineups",pending,pending
135/2023/2023-11-06/512/511,1052357,SerieA_2023,B,club,Italy,135,2023,2023-11-06T17:30:00+00:00,FT,included,cohort_B_rotation_date_order,"events,lineups",pending,pending
78/2023/2023-12-01/181/192,1048997,Bundesliga_2023,B,club,Germany,78,2023,2023-12-01T19:30:00+00:00,FT,included,cohort_B_rotation_date_order,"events,lineups",pending,pending
61/2023/2023-11-26/84/96,1044994,Ligue1_2023,B,club,France,61,2023,2023-11-26T12:00:00+00:00,FT,included,cohort_B_rotation_date_order,"events,lineups",pending,pending
39/2023/2023-11-06/47/49,1035146,EPL_2023,B,club,England,39,2023,2023-11-06T20:00:00+00:00,FT,included,cohort_B_rotation_date_order,"events,lineups",pending,pending
140/2023/2023-11-03/534/530,1038066,LaLiga_2023,B,club,Spain,140,2023,2023-11-03T20:00:00+00:00,FT,included,cohort_B_rotation_date_order,"events,lineups",pending,pending
135/2023/2023-11-06/503/488,1052362,SerieA_2023,B,club,Italy,135,2023,2023-11-06T19:45:00+00:00,FT,included,cohort_B_rotation_date_order,"events,lineups",pending,pending
78/2023/2023-12-02/163/167,1048993,Bundesliga_2023,B,club,Germany,78,2023,2023-12-02T14:30:00+00:00,FT,included,cohort_B_rotation_date_order,"events,lineups",pending,pending
61/2023/2023-11-26/82/106,1044997,Ligue1_2023,B,club,France,61,2023,2023-11-26T14:00:00+00:00,FT,included,cohort_B_rotation_date_order,"events,lineups",pending,pending
39/2023/2023-11-11/39/47,1035156,EPL_2023,B,club,England,39,2023,2023-11-11T12:30:00+00:00,FT,included,cohort_B_rotation_date_order,"events,lineups",pending,pending
140/2023/2023-11-04/727/547,1038069,LaLiga_2023,B,club,Spain,140,2023,2023-11-04T13:00:00+00:00,FT,included,cohort_B_rotation_date_order,"events,lineups",pending,pending
135/2023/2023-11-10/488/514,1052371,SerieA_2023,B,club,Italy,135,2023,2023-11-10T17:30:00+00:00,FT,included,cohort_B_rotation_date_order,"events,lineups",pending,pending
78/2023/2023-12-02/173/180,1048990,Bundesliga_2023,B,club,Germany,78,2023,2023-12-02T14:30:00+00:00,FT,included,cohort_B_rotation_date_order,"events,lineups",pending,pending
61/2023/2023-11-26/83/111,1044996,Ligue1_2023,B,club,France,61,2023,2023-11-26T14:00:00+00:00,FT,included,cohort_B_rotation_date_order,"events,lineups",pending,pending
39/2023/2023-11-11/33/1359,1035154,EPL_2023,B,club,England,39,2023,2023-11-11T15:00:00+00:00,FT,included,cohort_B_rotation_date_order,"events,lineups",pending,pending
140/2023/2023-11-04/543/798,1038062,LaLiga_2023,B,club,Spain,140,2023,2023-11-04T15:15:00+00:00,FT,included,cohort_B_rotation_date_order,"events,lineups",pending,pending
135/2023/2023-11-10/495/504,1052364,SerieA_2023,B,club,Italy,135,2023,2023-11-10T19:45:00+00:00,FT,included,cohort_B_rotation_date_order,"events,lineups",pending,pending
78/2023/2023-12-02/176/161,1048994,Bundesliga_2023,B,club,Germany,78,2023,2023-12-02T14:30:00+00:00,FT,included,cohort_B_rotation_date_order,"events,lineups",pending,pending
61/2023/2023-11-26/97/112,1044992,Ligue1_2023,B,club,France,61,2023,2023-11-26T14:00:00+00:00,FT,included,cohort_B_rotation_date_order,"events,lineups",pending,pending
39/2023/2023-11-11/42/44,1035148,EPL_2023,B,club,England,39,2023,2023-11-11T15:00:00+00:00,FT,included,cohort_B_rotation_date_order,"events,lineups",pending,pending
140/2023/2023-11-04/538/536,1038063,LaLiga_2023,B,club,Spain,140,2023,2023-11-04T17:30:00+00:00,FT,included,cohort_B_rotation_date_order,"events,lineups",pending,pending
135/2023/2023-11-11/867/489,1052368,SerieA_2023,B,club,Italy,135,2023,2023-11-11T14:00:00+00:00,FT,included,cohort_B_rotation_date_order,"events,lineups",pending,pending
78/2023/2023-12-02/172/162,1048996,Bundesliga_2023,B,club,Germany,78,2023,2023-12-02T17:30:00+00:00,FT,included,cohort_B_rotation_date_order,"events,lineups",pending,pending
61/2023/2023-11-26/94/93,1044991,Ligue1_2023,B,club,France,61,2023,2023-11-26T16:05:00+00:00,FT,included,cohort_B_rotation_date_order,"events,lineups",pending,pending
39/2023/2023-11-11/52/45,1035152,EPL_2023,B,club,England,39,2023,2023-11-11T15:00:00+00:00,FT,included,cohort_B_rotation_date_order,"events,lineups",pending,pending
140/2023/2023-11-04/548/529,1038067,LaLiga_2023,B,club,Spain,140,2023,2023-11-04T20:00:00+00:00,FT,included,cohort_B_rotation_date_order,"events,lineups",pending,pending
135/2023/2023-11-11/496/490,1052366,SerieA_2023,B,club,Italy,135,2023,2023-11-11T17:00:00+00:00,FT,included,cohort_B_rotation_date_order,"events,lineups",pending,pending
78/2023/2023-12-03/164/160,1048992,Bundesliga_2023,B,club,Germany,78,2023,2023-12-03T14:30:00+00:00,FT,included,cohort_B_rotation_date_order,"events,lineups",pending,pending
61/2023/2023-11-26/80/79,1044993,Ligue1_2023,B,club,France,61,2023,2023-11-26T19:45:00+00:00,FT,included,cohort_B_rotation_date_order,"events,lineups",pending,pending
39/2023/2023-11-11/35/34,1035147,EPL_2023,B,club,England,39,2023,2023-11-11T17:30:00+00:00,FT,included,cohort_B_rotation_date_order,"events,lineups",pending,pending
140/2023/2023-11-05/542/723,1038064,LaLiga_2023,B,club,Spain,140,2023,2023-11-05T13:00:00+00:00,FT,included,cohort_B_rotation_date_order,"events,lineups",pending,pending
135/2023/2023-11-11/1579/503,1052369,SerieA_2023,B,club,Italy,135,2023,2023-11-11T19:45:00+00:00,FT,included,cohort_B_rotation_date_order,"events,lineups",pending,pending
78/2023/2023-12-03/168/165,1048991,Bundesliga_2023,B,club,Germany,78,2023,2023-12-03T16:30:00+00:00,FT,included,cohort_B_rotation_date_order,"events,lineups",pending,pending
61/2023/2023-11-29/82/99,1044951,Ligue1_2023,B,club,France,61,2023,2023-11-29T18:00:00+00:00,FT,included,cohort_B_rotation_date_order,"events,lineups",pending,pending
39/2023/2023-11-12/40/55,1035153,EPL_2023,B,club,England,39,2023,2023-11-12T14:00:00+00:00,FT,included,cohort_B_rotation_date_order,"events,lineups",pending,pending
140/2023/2023-11-05/532/715,1038071,LaLiga_2023,B,club,Spain,140,2023,2023-11-05T15:15:00+00:00,FT,included,cohort_B_rotation_date_order,"events,lineups",pending,pending
135/2023/2023-11-12/492/511,1052370,SerieA_2023,B,club,Italy,135,2023,2023-11-12T11:30:00+00:00,FT,included,cohort_B_rotation_date_order,"events,lineups",pending,pending
78/2023/2023-12-03/170/169,1048995,Bundesliga_2023,B,club,Germany,78,2023,2023-12-03T18:30:00+00:00,FT,included,cohort_B_rotation_date_order,"events,lineups",pending,pending
61/2023/2023-12-01/93/95,1045002,Ligue1_2023,B,club,France,61,2023,2023-12-01T20:00:00+00:00,FT,included,cohort_B_rotation_date_order,"events,lineups",pending,pending
39/2023/2023-11-12/48/65,1035155,EPL_2023,B,club,England,39,2023,2023-11-12T14:00:00+00:00,FT,included,cohort_B_rotation_date_order,"events,lineups",pending,pending
140/2023/2023-11-05/533/531,1038065,LaLiga_2023,B,club,Spain,140,2023,2023-11-05T17:30:00+00:00,FT,included,cohort_B_rotation_date_order,"events,lineups",pending,pending
135/2023/2023-11-12/494/499,1052372,SerieA_2023,B,club,Italy,135,2023,2023-11-12T14:00:00+00:00,FT,included,cohort_B_rotation_date_order,"events,lineups",pending,pending
78/2023/2023-12-08/167/176,1049003,Bundesliga_2023,B,club,Germany,78,2023,2023-12-08T19:30:00+00:00,FT,included,cohort_B_rotation_date_order,"events,lineups",pending,pending
61/2023/2023-12-02/116/80,1045003,Ligue1_2023,B,club,France,61,2023,2023-12-02T16:00:00+00:00,FT,included,cohort_B_rotation_date_order,"events,lineups",pending,pending
39/2023/2023-11-12/51/62,1035150,EPL_2023,B,club,England,39,2023,2023-11-12T14:00:00+00:00,FT,included,cohort_B_rotation_date_order,"events,lineups",pending,pending
140/2023/2023-11-05/541/728,1038070,LaLiga_2023,B,club,Spain,140,2023,2023-11-05T20:00:00+00:00,FT,included,cohort_B_rotation_date_order,"events,lineups",pending,pending
135/2023/2023-11-12/502/500,1052363,SerieA_2023,B,club,Italy,135,2023,2023-11-12T14:00:00+00:00,FT,included,cohort_B_rotation_date_order,"events,lineups",pending,pending
78/2023/2023-12-09/161/160,1049001,Bundesliga_2023,B,club,Germany,78,2023,2023-12-09T14:30:00+00:00,FT,included,cohort_B_rotation_date_order,"events,lineups",pending,pending
61/2023/2023-12-02/83/84,1045004,Ligue1_2023,B,club,France,61,2023,2023-12-02T20:00:00+00:00,FT,included,cohort_B_rotation_date_order,"events,lineups",pending,pending
39/2023/2023-11-12/66/36,1035149,EPL_2023,B,club,England,39,2023,2023-11-12T14:00:00+00:00,FT,included,cohort_B_rotation_date_order,"events,lineups",pending,pending
140/2023/2023-11-06/546/724,1038068,LaLiga_2023,B,club,Spain,140,2023,2023-11-06T20:00:00+00:00,FT,included,cohort_B_rotation_date_order,"events,lineups",pending,pending
135/2023/2023-11-12/487/497,1052367,SerieA_2023,B,club,Italy,135,2023,2023-11-12T17:00:00+00:00,FT,included,cohort_B_rotation_date_order,"events,lineups",pending,pending
78/2023/2023-12-09/162/170,1049004,Bundesliga_2023,B,club,Germany,78,2023,2023-12-09T14:30:00+00:00,FT,included,cohort_B_rotation_date_order,"events,lineups",pending,pending
61/2023/2023-12-03/111/85,1045005,Ligue1_2023,B,club,France,61,2023,2023-12-03T12:00:00+00:00,FT,included,cohort_B_rotation_date_order,"events,lineups",pending,pending
39/2023/2023-11-12/49/50,1035151,EPL_2023,B,club,England,39,2023,2023-11-12T16:30:00+00:00,FT,included,cohort_B_rotation_date_order,"events,lineups",pending,pending
140/2023/2023-11-10/531/538,1038073,LaLiga_2023,B,club,Spain,140,2023,2023-11-10T20:00:00+00:00,FT,included,cohort_B_rotation_date_order,"events,lineups",pending,pending
135/2023/2023-11-12/505/512,1052365,SerieA_2023,B,club,Italy,135,2023,2023-11-12T19:45:00+00:00,FT,included,cohort_B_rotation_date_order,"events,lineups",pending,pending
78/2023/2023-12-09/169/157,1049000,Bundesliga_2023,B,club,Germany,78,2023,2023-12-09T14:30:00+00:00,FT,included,cohort_B_rotation_date_order,"events,lineups",pending,pending
61/2023/2023-12-03/91/82,1045000,Ligue1_2023,B,club,France,61,2023,2023-12-03T14:00:00+00:00,FT,included,cohort_B_rotation_date_order,"events,lineups",pending,pending
39/2023/2023-11-25/50/40,1035299,EPL_2023,B,club,England,39,2023,2023-11-25T12:30:00+00:00,FT,included,cohort_B_rotation_date_order,"events,lineups",pending,pending
140/2023/2023-11-11/728/547,1038079,LaLiga_2023,B,club,Spain,140,2023,2023-11-11T13:00:00+00:00,FT,included,cohort_B_rotation_date_order,"events,lineups",pending,pending
135/2023/2023-11-25/514/487,1052382,SerieA_2023,B,club,Italy,135,2023,2023-11-25T14:00:00+00:00,FT,included,cohort_B_rotation_date_order,"events,lineups",pending,pending
78/2023/2023-12-09/180/181,1049006,Bundesliga_2023,B,club,Germany,78,2023,2023-12-09T14:30:00+00:00,FT,included,cohort_B_rotation_date_order,"events,lineups",pending,pending
61/2023/2023-12-03/96/97,1044998,Ligue1_2023,B,club,France,61,2023,2023-12-03T14:00:00+00:00,FT,included,cohort_B_rotation_date_order,"events,lineups",pending,pending
39/2023/2023-11-25/34/49,1035300,EPL_2023,B,club,England,39,2023,2023-11-25T15:00:00+00:00,FT,included,cohort_B_rotation_date_order,"events,lineups",pending,pending
140/2023/2023-11-11/723/548,1038072,LaLiga_2023,B,club,Spain,140,2023,2023-11-11T15:15:00+00:00,FT,included,cohort_B_rotation_date_order,"events,lineups",pending,pending
135/2023/2023-11-25/499/492,1052373,SerieA_2023,B,club,Italy,135,2023,2023-11-25T17:00:00+00:00,FT,included,cohort_B_rotation_date_order,"events,lineups",pending,pending
78/2023/2023-12-09/182/163,1048999,Bundesliga_2023,B,club,Germany,78,2023,2023-12-09T14:30:00+00:00,FT,included,cohort_B_rotation_date_order,"events,lineups",pending,pending
61/2023/2023-12-03/106/99,1045006,Ligue1_2023,B,club,France,61,2023,2023-12-03T14:00:00+00:00,FT,included,cohort_B_rotation_date_order,"events,lineups",pending,pending
39/2023/2023-11-25/44/48,1035295,EPL_2023,B,club,England,39,2023,2023-11-25T15:00:00+00:00,FT,included,cohort_B_rotation_date_order,"events,lineups",pending,pending
140/2023/2023-11-11/715/546,1038078,LaLiga_2023,B,club,Spain,140,2023,2023-11-11T17:30:00+00:00,FT,included,cohort_B_rotation_date_order,"events,lineups",pending,pending
135/2023/2023-11-25/489/502,1052380,SerieA_2023,B,club,Italy,135,2023,2023-11-25T19:45:00+00:00,FT,included,cohort_B_rotation_date_order,"events,lineups",pending,pending
78/2023/2023-12-09/165/173,1048998,Bundesliga_2023,B,club,Germany,78,2023,2023-12-09T17:30:00+00:00,FT,included,cohort_B_rotation_date_order,"events,lineups",pending,pending
61/2023/2023-12-03/79/112,1045001,Ligue1_2023,B,club,France,61,2023,2023-12-03T16:05:00+00:00,FT,included,cohort_B_rotation_date_order,"events,lineups",pending,pending
39/2023/2023-11-25/62/35,1035302,EPL_2023,B,club,England,39,2023,2023-11-25T15:00:00+00:00,FT,included,cohort_B_rotation_date_order,"events,lineups",pending,pending
140/2023/2023-11-11/727/534,1038080,LaLiga_2023,B,club,Spain,140,2023,2023-11-11T17:30:00+00:00,FT,included,cohort_B_rotation_date_order,"events,lineups",pending,pending
135/2023/2023-11-26/490/1579,1052375,SerieA_2023,B,club,Italy,135,2023,2023-11-26T11:30:00+00:00,FT,included,cohort_B_rotation_date_order,"events,lineups",pending,pending
78/2023/2023-12-10/172/168,1049005,Bundesliga_2023,B,club,Germany,78,2023,2023-12-10T14:30:00+00:00,FT,included,cohort_B_rotation_date_order,"events,lineups",pending,pending
61/2023/2023-12-03/81/94,1044999,Ligue1_2023,B,club,France,61,2023,2023-12-03T19:45:00+00:00,FT,included,cohort_B_rotation_date_order,"events,lineups",pending,pending
39/2023/2023-11-25/65/51,1035301,EPL_2023,B,club,England,39,2023,2023-11-25T15:00:00+00:00,FT,included,cohort_B_rotation_date_order,"events,lineups",pending,pending
140/2023/2023-11-11/541/532,1038075,LaLiga_2023,B,club,Spain,140,2023,2023-11-11T20:00:00+00:00,FT,included,cohort_B_rotation_date_order,"events,lineups",pending,pending
135/2023/2023-11-26/511/488,1052376,SerieA_2023,B,club,Italy,135,2023,2023-11-26T14:00:00+00:00,FT,included,cohort_B_rotation_date_order,"events,lineups",pending,pending
78/2023/2023-12-10/192/164,1049002,Bundesliga_2023,B,club,Germany,78,2023,2023-12-10T16:30:00+00:00,FT,included,cohort_B_rotation_date_order,"events,lineups",pending,pending
61/2023/2023-12-06/81/80,1044963,Ligue1_2023,B,club,France,61,2023,2023-12-06T20:00:00+00:00,FT,included,cohort_B_rotation_date_order,"events,lineups",pending,pending
39/2023/2023-11-25/1359/52,1035298,EPL_2023,B,club,England,39,2023,2023-11-25T15:00:00+00:00,FT,included,cohort_B_rotation_date_order,"events,lineups",pending,pending
140/2023/2023-11-12/529/542,1038081,LaLiga_2023,B,club,Spain,140,2023,2023-11-12T15:15:00+00:00,FT,included,cohort_B_rotation_date_order,"events,lineups",pending,pending
135/2023/2023-11-26/512/495,1052377,SerieA_2023,B,club,Italy,135,2023,2023-11-26T14:00:00+00:00,FT,included,cohort_B_rotation_date_order,"events,lineups",pending,pending
78/2023/2023-12-15/163/162,1049012,Bundesliga_2023,B,club,Germany,78,2023,2023-12-15T19:30:00+00:00,FT,included,cohort_B_rotation_date_order,"events,lineups",pending,pending
61/2023/2023-12-07/106/95,1044988,Ligue1_2023,B,club,France,61,2023,2023-12-07T19:30:00+00:00,FT,included,cohort_B_rotation_date_order,"events,lineups",pending,pending
39/2023/2023-11-25/55/42,1035294,EPL_2023,B,club,England,39,2023,2023-11-25T17:30:00+00:00,FT,included,cohort_B_rotation_date_order,"events,lineups",pending,pending
140/2023/2023-11-12/536/543,1038076,LaLiga_2023,B,club,Spain,140,2023,2023-11-12T17:30:00+00:00,FT,included,cohort_B_rotation_date_order,"events,lineups",pending,pending
135/2023/2023-11-26/497/494,1052381,SerieA_2023,B,club,Italy,135,2023,2023-11-26T17:00:00+00:00,FT,included,cohort_B_rotation_date_order,"events,lineups",pending,pending
78/2023/2023-12-16/164/180,1049011,Bundesliga_2023,B,club,Germany,78,2023,2023-12-16T14:30:00+00:00,FT,included,cohort_B_rotation_date_order,"events,lineups",pending,pending
61/2023/2023-12-08/82/116,1045015,Ligue1_2023,B,club,France,61,2023,2023-12-08T20:00:00+00:00,FT,included,cohort_B_rotation_date_order,"events,lineups",pending,pending
39/2023/2023-11-26/47/66,1035303,EPL_2023,B,club,England,39,2023,2023-11-26T14:00:00+00:00,FT,included,cohort_B_rotation_date_order,"events,lineups",pending,pending
140/2023/2023-11-12/530/533,1038074,LaLiga_2023,B,club,Spain,140,2023,2023-11-12T20:00:00+00:00,FT,included,cohort_B_rotation_date_order,"events,lineups",pending,pending
135/2023/2023-11-26/496/505,1052379,SerieA_2023,B,club,Italy,135,2023,2023-11-26T19:45:00+00:00,FT,included,cohort_B_rotation_date_order,"events,lineups",pending,pending
78/2023/2023-12-16/170/165,1049014,Bundesliga_2023,B,club,Germany,78,2023,2023-12-16T14:30:00+00:00,FT,included,cohort_B_rotation_date_order,"events,lineups",pending,pending
61/2023/2023-12-09/94/91,1045009,Ligue1_2023,B,club,France,61,2023,2023-12-09T16:00:00+00:00,FT,included,cohort_B_rotation_date_order,"events,lineups",pending,pending
39/2023/2023-11-26/45/33,1035296,EPL_2023,B,club,England,39,2023,2023-11-26T16:30:00+00:00,FT,included,cohort_B_rotation_date_order,"events,lineups",pending,pending
140/2023/2023-11-24/542/715,1038086,LaLiga_2023,B,club,Spain,140,2023,2023-11-24T20:00:00+00:00,FT,included,cohort_B_rotation_date_order,"events,lineups",pending,pending
135/2023/2023-11-27/504/867,1052378,SerieA_2023,B,club,Italy,135,2023,2023-11-27T17:30:00+00:00,FT,included,cohort_B_rotation_date_order,"events,lineups",pending,pending
78/2023/2023-12-16/176/182,1049013,Bundesliga_2023,B,club,Germany,78,2023,2023-12-16T14:30:00+00:00,FT,included,cohort_B_rotation_date_order,"events,lineups",pending,pending
61/2023/2023-12-09/85/83,1045007,Ligue1_2023,B,club,France,61,2023,2023-12-09T20:00:00+00:00,FT,included,cohort_B_rotation_date_order,"events,lineups",pending,pending
39/2023/2023-11-27/36/39,1035297,EPL_2023,B,club,England,39,2023,2023-11-27T20:00:00+00:00,FT,included,cohort_B_rotation_date_order,"events,lineups",pending,pending
140/2023/2023-11-25/728/529,1038089,LaLiga_2023,B,club,Spain,140,2023,2023-11-25T13:00:00+00:00,FT,included,cohort_B_rotation_date_order,"events,lineups",pending,pending
135/2023/2023-11-27/500/503,1052374,SerieA_2023,B,club,Italy,135,2023,2023-11-27T19:45:00+00:00,FT,included,cohort_B_rotation_date_order,"events,lineups",pending,pending
78/2023/2023-12-16/181/161,1049015,Bundesliga_2023,B,club,Germany,78,2023,2023-12-16T14:30:00+00:00,FT,included,cohort_B_rotation_date_order,"events,lineups",pending,pending
61/2023/2023-12-10/84/93,1045012,Ligue1_2023,B,club,France,61,2023,2023-12-10T12:00:00+00:00,FT,included,cohort_B_rotation_date_order,"events,lineups",pending,pending
39/2023/2023-12-02/42/39,1035305,EPL_2023,B,club,England,39,2023,2023-12-02T15:00:00+00:00,FT,included,cohort_B_rotation_date_order,"events,lineups",pending,pending
140/2023/2023-11-25/532/538,1038090,LaLiga_2023,B,club,Spain,140,2023,2023-11-25T15:15:00+00:00,FT,included,cohort_B_rotation_date_order,"events,lineups",pending,pending
135/2023/2023-12-01/1579/496,1052388,SerieA_2023,B,club,Italy,135,2023,2023-12-01T19:45:00+00:00,FT,included,cohort_B_rotation_date_order,"events,lineups",pending,pending
78/2023/2023-12-16/173/167,1049008,Bundesliga_2023,B,club,Germany,78,2023,2023-12-16T17:30:00+00:00,FT,included,cohort_B_rotation_date_order,"events,lineups",pending,pending
61/2023/2023-12-10/95/111,1045008,Ligue1_2023,B,club,France,61,2023,2023-12-10T14:00:00+00:00,FT,included,cohort_B_rotation_date_order,"events,lineups",pending,pending
39/2023/2023-12-02/44/62,1035307,EPL_2023,B,club,England,39,2023,2023-12-02T15:00:00+00:00,FT,included,cohort_B_rotation_date_order,"events,lineups",pending,pending
140/2023/2023-11-25/546/723,1038087,LaLiga_2023,B,club,Spain,140,2023,2023-11-25T17:30:00+00:00,FT,included,cohort_B_rotation_date_order,"events,lineups",pending,pending
135/2023/2023-12-02/495/511,1052384,SerieA_2023,B,club,Italy,135,2023,2023-12-02T14:00:00+00:00,FT,included,cohort_B_rotation_date_order,"events,lineups",pending,pending
78/2023/2023-12-17/160/192,1049009,Bundesliga_2023,B,club,Germany,78,2023,2023-12-17T14:30:00+00:00,FT,included,cohort_B_rotation_date_order,"events,lineups",pending,pending
61/2023/2023-12-10/99/79,1045013,Ligue1_2023,B,club,France,61,2023,2023-12-10T14:00:00+00:00,FT,included,cohort_B_rotation_date_order,"events,lineups",pending,pending
39/2023/2023-12-02/55/1359,1035306,EPL_2023,B,club,England,39,2023,2023-12-02T15:00:00+00:00,FT,included,cohort_B_rotation_date_order,"events,lineups",pending,pending
140/2023/2023-11-25/530/798,1038082,LaLiga_2023,B,club,Spain,140,2023,2023-11-25T20:00:00+00:00,FT,included,cohort_B_rotation_date_order,"events,lineups",pending,pending
135/2023/2023-12-02/487/490,1052385,SerieA_2023,B,club,Italy,135,2023,2023-12-02T17:00:00+00:00,FT,included,cohort_B_rotation_date_order,"events,lineups",pending,pending
78/2023/2023-12-17/168/169,1049010,Bundesliga_2023,B,club,Germany,78,2023,2023-12-17T16:30:00+00:00,FT,included,cohort_B_rotation_date_order,"events,lineups",pending,pending
61/2023/2023-12-10/112/106,1045014,Ligue1_2023,B,club,France,61,2023,2023-12-10T14:00:00+00:00,FT,included,cohort_B_rotation_date_order,"events,lineups",pending,pending
39/2023/2023-12-02/65/45,1035312,EPL_2023,B,club,England,39,2023,2023-12-02T17:30:00+00:00,FT,included,cohort_B_rotation_date_order,"events,lineups",pending,pending
140/2023/2023-11-26/533/727,1038091,LaLiga_2023,B,club,Spain,140,2023,2023-11-26T13:00:00+00:00,FT,included,cohort_B_rotation_date_order,"events,lineups",pending,pending
135/2023/2023-12-02/489/512,1052387,SerieA_2023,B,club,Italy,135,2023,2023-12-02T19:45:00+00:00,FT,included,cohort_B_rotation_date_order,"events,lineups",pending,pending
78/2023/2023-12-17/157/172,1049007,Bundesliga_2023,B,club,Germany,78,2023,2023-12-17T18:30:00+00:00,FT,included,cohort_B_rotation_date_order,"events,lineups",pending,pending
61/2023/2023-12-10/80/96,1045011,Ligue1_2023,B,club,France,61,2023,2023-12-10T16:05:00+00:00,FT,included,cohort_B_rotation_date_order,"events,lineups",pending,pending
39/2023/2023-12-02/34/33,1035311,EPL_2023,B,club,England,39,2023,2023-12-02T20:00:00+00:00,FT,included,cohort_B_rotation_date_order,"events,lineups",pending,pending
140/2023/2023-11-26/548/536,1038085,LaLiga_2023,B,club,Spain,140,2023,2023-11-26T15:15:00+00:00,FT,included,cohort_B_rotation_date_order,"events,lineups",pending,pending
135/2023/2023-12-03/867/500,1052386,SerieA_2023,B,club,Italy,135,2023,2023-12-03T11:30:00+00:00,FT,included,cohort_B_rotation_date_order,"events,lineups",pending,pending
78/2023/2023-12-19/162/173,1049022,Bundesliga_2023,B,club,Germany,78,2023,2023-12-19T17:30:00+00:00,FT,included,cohort_B_rotation_date_order,"events,lineups",pending,pending
61/2023/2023-12-10/97/81,1045010,Ligue1_2023,B,club,France,61,2023,2023-12-10T19:45:00+00:00,FT,included,cohort_B_rotation_date_order,"events,lineups",pending,pending
39/2023/2023-12-03/35/66,1035304,EPL_2023,B,club,England,39,2023,2023-12-03T14:00:00+00:00,FT,included,cohort_B_rotation_date_order,"events,lineups",pending,pending
140/2023/2023-11-26/724/541,1038084,LaLiga_2023,B,club,Spain,140,2023,2023-11-26T17:30:00+00:00,FT,included,cohort_B_rotation_date_order,"events,lineups",pending,pending
135/2023/2023-12-03/494/504,1052392,SerieA_2023,B,club,Italy,135,2023,2023-12-03T14:00:00+00:00,FT,included,cohort_B_rotation_date_order,"events,lineups",pending,pending
78/2023/2023-12-19/165/164,1049016,Bundesliga_2023,B,club,Germany,78,2023,2023-12-19T19:30:00+00:00,FT,included,cohort_B_rotation_date_order,"events,lineups",pending,pending
61/2023/2023-12-15/91/80,1045019,Ligue1_2023,B,club,France,61,2023,2023-12-15T20:00:00+00:00,FT,included,cohort_B_rotation_date_order,"events,lineups",pending,pending
39/2023/2023-12-03/40/36,1035309,EPL_2023,B,club,England,39,2023,2023-12-03T14:00:00+00:00,FT,included,cohort_B_rotation_date_order,"events,lineups",pending,pending
140/2023/2023-11-26/543/534,1038083,LaLiga_2023,B,club,Spain,140,2023,2023-11-26T20:00:00+00:00,FT,included,cohort_B_rotation_date_order,"events,lineups",pending,pending
135/2023/2023-12-03/502/514,1052383,SerieA_2023,B,club,Italy,135,2023,2023-12-03T14:00:00+00:00,FT,included,cohort_B_rotation_date_order,"events,lineups",pending,pending
78/2023/2023-12-19/167/181,1049021,Bundesliga_2023,B,club,Germany,78,2023,2023-12-19T19:30:00+00:00,FT,included,cohort_B_rotation_date_order,"events,lineups",pending,pending
61/2023/2023-12-16/111/84,1045023,Ligue1_2023,B,club,France,61,2023,2023-12-16T16:00:00+00:00,FT,included,cohort_B_rotation_date_order,"events,lineups",pending,pending
39/2023/2023-12-03/48/52,1035313,EPL_2023,B,club,England,39,2023,2023-12-03T14:00:00+00:00,FT,included,cohort_B_rotation_date_order,"events,lineups",pending,pending
140/2023/2023-11-27/547/531,1038088,LaLiga_2023,B,club,Spain,140,2023,2023-11-27T20:00:00+00:00,FT,included,cohort_B_rotation_date_order,"events,lineups",pending,pending
135/2023/2023-12-03/488/497,1052390,SerieA_2023,B,club,Italy,135,2023,2023-12-03T17:00:00+00:00,FT,included,cohort_B_rotation_date_order,"events,lineups",pending,pending
78/2023/2023-12-20/182/192,1049017,Bundesliga_2023,B,club,Germany,78,2023,2023-12-20T17:30:00+00:00,FT,included,cohort_B_rotation_date_order,"events,lineups",pending,pending
61/2023/2023-12-16/116/93,1045021,Ligue1_2023,B,club,France,61,2023,2023-12-16T20:00:00+00:00,FT,included,cohort_B_rotation_date_order,"events,lineups",pending,pending
39/2023/2023-12-03/49/51,1035308,EPL_2023,B,club,England,39,2023,2023-12-03T14:00:00+00:00,FT,included,cohort_B_rotation_date_order,"events,lineups",pending,pending
140/2023/2023-11-29/798/724,1038077,LaLiga_2023,B,club,Spain,140,2023,2023-11-29T20:00:00+00:00,FT,included,cohort_B_rotation_date_order,"events,lineups",pending,pending
135/2023/2023-12-03/492/505,1052389,SerieA_2023,B,club,Italy,135,2023,2023-12-03T19:45:00+00:00,FT,included,cohort_B_rotation_date_order,"events,lineups",pending,pending
78/2023/2023-12-20/161/157,1049020,Bundesliga_2023,B,club,Germany,78,2023,2023-12-20T19:30:00+00:00,FT,included,cohort_B_rotation_date_order,"events,lineups",pending,pending
61/2023/2023-12-17/83/106,1045022,Ligue1_2023,B,club,France,61,2023,2023-12-17T12:00:00+00:00,FT,included,cohort_B_rotation_date_order,"events,lineups",pending,pending
39/2023/2023-12-03/50/47,1035310,EPL_2023,B,club,England,39,2023,2023-12-03T16:30:00+00:00,FT,included,cohort_B_rotation_date_order,"events,lineups",pending,pending
140/2023/2023-12-01/534/546,1038099,LaLiga_2023,B,club,Spain,140,2023,2023-12-01T20:00:00+00:00,FT,included,cohort_B_rotation_date_order,"events,lineups",pending,pending
135/2023/2023-12-04/503/499,1052391,SerieA_2023,B,club,Italy,135,2023,2023-12-04T19:45:00+00:00,FT,included,cohort_B_rotation_date_order,"events,lineups",pending,pending
78/2023/2023-12-20/168/176,1049018,Bundesliga_2023,B,club,Germany,78,2023,2023-12-20T19:30:00+00:00,FT,included,cohort_B_rotation_date_order,"events,lineups",pending,pending
61/2023/2023-12-17/96/94,1045016,Ligue1_2023,B,club,France,61,2023,2023-12-17T14:00:00+00:00,FT,included,cohort_B_rotation_date_order,"events,lineups",pending,pending
39/2023/2023-12-05/39/44,1035321,EPL_2023,B,club,England,39,2023,2023-12-05T19:30:00+00:00,FT,included,cohort_B_rotation_date_order,"events,lineups",pending,pending
140/2023/2023-12-02/547/532,1038094,LaLiga_2023,B,club,Spain,140,2023,2023-12-02T13:00:00+00:00,FT,included,cohort_B_rotation_date_order,"events,lineups",pending,pending
135/2023/2023-12-08/496/492,1052399,SerieA_2023,B,club,Italy,135,2023,2023-12-08T19:45:00+00:00,FT,included,cohort_B_rotation_date_order,"events,lineups",pending,pending
78/2023/2023-12-20/169/163,1049019,Bundesliga_2023,B,club,Germany,78,2023,2023-12-20T19:30:00+00:00,FT,included,cohort_B_rotation_date_order,"events,lineups",pending,pending
61/2023/2023-12-17/97/95,1045018,Ligue1_2023,B,club,France,61,2023,2023-12-17T14:00:00+00:00,FT,included,cohort_B_rotation_date_order,"events,lineups",pending,pending
39/2023/2023-12-05/1359/42,1035318,EPL_2023,B,club,England,39,2023,2023-12-05T20:15:00+00:00,FT,included,cohort_B_rotation_date_order,"events,lineups",pending,pending
140/2023/2023-12-02/531/728,1038093,LaLiga_2023,B,club,Spain,140,2023,2023-12-02T15:15:00+00:00,FT,included,cohort_B_rotation_date_order,"events,lineups",pending,pending
135/2023/2023-12-09/504/487,1052397,SerieA_2023,B,club,Italy,135,2023,2023-12-09T14:00:00+00:00,FT,included,cohort_B_rotation_date_order,"events,lineups",pending,pending
78/2023/2023-12-20/172/170,1049023,Bundesliga_2023,B,club,Germany,78,2023,2023-12-20T19:30:00+00:00,FT,included,cohort_B_rotation_date_order,"events,lineups",pending,pending
61/2023/2023-12-17/112/82,1045024,Ligue1_2023,B,club,France,61,2023,2023-12-17T14:00:00+00:00,FT,included,cohort_B_rotation_date_order,"events,lineups",pending,pending
39/2023/2023-12-06/36/65,1035317,EPL_2023,B,club,England,39,2023,2023-12-06T19:30:00+00:00,FT,included,cohort_B_rotation_date_order,"events,lineups",pending,pending
140/2023/2023-12-02/541/715,1038100,LaLiga_2023,B,club,Spain,140,2023,2023-12-02T17:30:00+00:00,FT,included,cohort_B_rotation_date_order,"events,lineups",pending,pending
135/2023/2023-12-09/499/489,1052393,SerieA_2023,B,club,Italy,135,2023,2023-12-09T17:00:00+00:00,FT,included,cohort_B_rotation_date_order,"events,lineups",pending,pending
78/2023/2023-12-20/180/160,1049024,Bundesliga_2023,B,club,Germany,78,2023,2023-12-20T19:30:00+00:00,FT,included,cohort_B_rotation_date_order,"events,lineups",pending,pending
61/2023/2023-12-17/81/99,1045017,Ligue1_2023,B,club,France,61,2023,2023-12-17T16:05:00+00:00,FT,included,cohort_B_rotation_date_order,"events,lineups",pending,pending
39/2023/2023-12-06/51/55,1035315,EPL_2023,B,club,England,39,2023,2023-12-06T19:30:00+00:00,FT,included,cohort_B_rotation_date_order,"events,lineups",pending,pending
140/2023/2023-12-02/727/548,1038095,LaLiga_2023,B,club,Spain,140,2023,2023-12-02T20:00:00+00:00,FT,included,cohort_B_rotation_date_order,"events,lineups",pending,pending
135/2023/2023-12-09/505/494,1052398,SerieA_2023,B,club,Italy,135,2023,2023-12-09T19:45:00+00:00,FT,included,cohort_B_rotation_date_order,"events,lineups",pending,pending
78/2023/2024-01-12/157/167,1049025,Bundesliga_2023,B,club,Germany,78,2023,2024-01-12T19:30:00+00:00,FT,included,cohort_B_rotation_date_order,"events,lineups",pending,pending
61/2023/2023-12-17/79/85,1045020,Ligue1_2023,B,club,France,61,2023,2023-12-17T19:45:00+00:00,FT,included,cohort_B_rotation_date_order,"events,lineups",pending,pending
39/2023/2023-12-06/52/35,1035322,EPL_2023,B,club,England,39,2023,2023-12-06T19:30:00+00:00,FT,included,cohort_B_rotation_date_order,"events,lineups",pending,pending
140/2023/2023-12-03/798/542,1038101,LaLiga_2023,B,club,Spain,140,2023,2023-12-03T13:00:00+00:00,FT,included,cohort_B_rotation_date_order,"events,lineups",pending,pending
135/2023/2023-12-10/512/503,1052396,SerieA_2023,B,club,Italy,135,2023,2023-12-10T11:30:00+00:00,FT,included,cohort_B_rotation_date_order,"events,lineups",pending,pending
78/2023/2024-01-13/160/182,1049027,Bundesliga_2023,B,club,Germany,78,2023,2024-01-13T14:30:00+00:00,FT,included,cohort_B_rotation_date_order,"events,lineups",pending,pending
61/2023/2023-12-20/80/83,1045028,Ligue1_2023,B,club,France,61,2023,2023-12-20T20:00:00+00:00,FT,included,cohort_B_rotation_date_order,"events,lineups",pending,pending
39/2023/2023-12-06/62/40,1035319,EPL_2023,B,club,England,39,2023,2023-12-06T19:30:00+00:00,FT,included,cohort_B_rotation_date_order,"events,lineups",pending,pending
140/2023/2023-12-03/723/543,1038092,LaLiga_2023,B,club,Spain,140,2023,2023-12-03T15:15:00+00:00,FT,included,cohort_B_rotation_date_order,"events,lineups",pending,pending
135/2023/2023-12-10/1579/495,1052400,SerieA_2023,B,club,Italy,135,2023,2023-12-10T14:00:00+00:00,FT,included,cohort_B_rotation_date_order,"events,lineups",pending,pending
78/2023/2024-01-13/164/161,1049028,Bundesliga_2023,B,club,Germany,78,2023,2024-01-13T14:30:00+00:00,FT,included,cohort_B_rotation_date_order,"events,lineups",pending,pending
61/2023/2023-12-20/82/81,1045032,Ligue1_2023,B,club,France,61,2023,2023-12-20T20:00:00+00:00,FT,included,cohort_B_rotation_date_order,"events,lineups",pending,pending
39/2023/2023-12-06/33/49,1035323,EPL_2023,B,club,England,39,2023,2023-12-06T20:15:00+00:00,FT,included,cohort_B_rotation_date_order,"events,lineups",pending,pending
140/2023/2023-12-03/536/533,1038096,LaLiga_2023,B,club,Spain,140,2023,2023-12-03T17:30:00+00:00,FT,included,cohort_B_rotation_date_order,"events,lineups",pending,pending
135/2023/2023-12-10/514/500,1052402,SerieA_2023,B,club,Italy,135,2023,2023-12-10T17:00:00+00:00,FT,included,cohort_B_rotation_date_order,"events,lineups",pending,pending
78/2023/2024-01-13/170/168,1049032,Bundesliga_2023,B,club,Germany,78,2023,2024-01-13T14:30:00+00:00,FT,included,cohort_B_rotation_date_order,"events,lineups",pending,pending
61/2023/2023-12-20/84/116,1045029,Ligue1_2023,B,club,France,61,2023,2023-12-20T20:00:00+00:00,FT,included,cohort_B_rotation_date_order,"events,lineups",pending,pending
39/2023/2023-12-06/66/50,1035314,EPL_2023,B,club,England,39,2023,2023-12-06T20:15:00+00:00,FT,included,cohort_B_rotation_date_order,"events,lineups",pending,pending
140/2023/2023-12-03/529/530,1038097,LaLiga_2023,B,club,Spain,140,2023,2023-12-03T20:00:00+00:00,FT,included,cohort_B_rotation_date_order,"events,lineups",pending,pending
135/2023/2023-12-10/497/502,1052401,SerieA_2023,B,club,Italy,135,2023,2023-12-10T19:45:00+00:00,FT,included,cohort_B_rotation_date_order,"events,lineups",pending,pending
78/2023/2024-01-13/173/169,1049026,Bundesliga_2023,B,club,Germany,78,2023,2024-01-13T14:30:00+00:00,FT,included,cohort_B_rotation_date_order,"events,lineups",pending,pending
61/2023/2023-12-20/85/112,1045025,Ligue1_2023,B,club,France,61,2023,2023-12-20T20:00:00+00:00,FT,included,cohort_B_rotation_date_order,"events,lineups",pending,pending
39/2023/2023-12-07/45/34,1035316,EPL_2023,B,club,England,39,2023,2023-12-07T19:30:00+00:00,FT,included,cohort_B_rotation_date_order,"events,lineups",pending,pending
140/2023/2023-12-04/538/724,1038098,LaLiga_2023,B,club,Spain,140,2023,2023-12-04T20:00:00+00:00,FT,included,cohort_B_rotation_date_order,"events,lineups",pending,pending
135/2023/2023-12-11/511/867,1052395,SerieA_2023,B,club,Italy,135,2023,2023-12-11T17:30:00+00:00,FT,included,cohort_B_rotation_date_order,"events,lineups",pending,pending
78/2023/2024-01-13/192/180,1049030,Bundesliga_2023,B,club,Germany,78,2023,2024-01-13T14:30:00+00:00,FT,included,cohort_B_rotation_date_order,"events,lineups",pending,pending
61/2023/2023-12-20/93/111,1045031,Ligue1_2023,B,club,France,61,2023,2023-12-20T20:00:00+00:00,FT,included,cohort_B_rotation_date_order,"events,lineups",pending,pending
39/2023/2023-12-07/47/48,1035320,EPL_2023,B,club,England,39,2023,2023-12-07T20:15:00+00:00,FT,included,cohort_B_rotation_date_order,"events,lineups",pending,pending
140/2023/2023-12-08/546/532,1038105,LaLiga_2023,B,club,Spain,140,2023,2023-12-08T20:00:00+00:00,FT,included,cohort_B_rotation_date_order,"events,lineups",pending,pending
135/2023/2023-12-11/490/488,1052394,SerieA_2023,B,club,Italy,135,2023,2023-12-11T19:45:00+00:00,FT,included,cohort_B_rotation_date_order,"events,lineups",pending,pending
78/2023/2024-01-13/181/165,1049033,Bundesliga_2023,B,club,Germany,78,2023,2024-01-13T17:30:00+00:00,FT,included,cohort_B_rotation_date_order,"events,lineups",pending,pending
61/2023/2023-12-20/95/79,1045026,Ligue1_2023,B,club,France,61,2023,2023-12-20T20:00:00+00:00,FT,included,cohort_B_rotation_date_order,"events,lineups",pending,pending
39/2023/2023-12-09/52/40,1035326,EPL_2023,B,club,England,39,2023,2023-12-09T12:30:00+00:00,FT,included,cohort_B_rotation_date_order,"events,lineups",pending,pending
140/2023/2023-12-09/542/534,1038107,LaLiga_2023,B,club,Spain,140,2023,2023-12-09T13:00:00+00:00,FT,included,cohort_B_rotation_date_order,"events,lineups",pending,pending
135/2023/2023-12-15/495/496,1052406,SerieA_2023,B,club,Italy,135,2023,2023-12-15T19:45:00+00:00,FT,included,cohort_B_rotation_date_order,"events,lineups",pending,pending
78/2023/2024-01-14/176/162,1049031,Bundesliga_2023,B,club,Germany,78,2023,2024-01-14T14:30:00+00:00,FT,included,cohort_B_rotation_date_order,"events,lineups",pending,pending
61/2023/2023-12-20/96/91,1045027,Ligue1_2023,B,club,France,61,2023,2023-12-20T20:00:00+00:00,FT,included,cohort_B_rotation_date_order,"events,lineups",pending,pending
39/2023/2023-12-09/33/35,1035330,EPL_2023,B,club,England,39,2023,2023-12-09T15:00:00+00:00,FT,included,cohort_B_rotation_date_order,"events,lineups",pending,pending
140/2023/2023-12-09/543/541,1038103,LaLiga_2023,B,club,Spain,140,2023,2023-12-09T15:15:00+00:00,FT,included,cohort_B_rotation_date_order,"events,lineups",pending,pending
135/2023/2023-12-16/867/512,1052408,SerieA_2023,B,club,Italy,135,2023,2023-12-16T14:00:00+00:00,FT,included,cohort_B_rotation_date_order,"events,lineups",pending,pending
78/2023/2024-01-14/163/172,1049029,Bundesliga_2023,B,club,Germany,78,2023,2024-01-14T16:30:00+00:00,FT,included,cohort_B_rotation_date_order,"events,lineups",pending,pending
61/2023/2023-12-20/99/94,1045030,Ligue1_2023,B,club,France,61,2023,2023-12-20T20:00:00+00:00,FT,included,cohort_B_rotation_date_order,"events,lineups",pending,pending
39/2023/2023-12-09/39/65,1035333,EPL_2023,B,club,England,39,2023,2023-12-09T15:00:00+00:00,FT,included,cohort_B_rotation_date_order,"events,lineups",pending,pending
140/2023/2023-12-09/533/548,1038111,LaLiga_2023,B,club,Spain,140,2023,2023-12-09T17:30:00+00:00,FT,included,cohort_B_rotation_date_order,"events,lineups",pending,pending
135/2023/2023-12-16/492/490,1052410,SerieA_2023,B,club,Italy,135,2023,2023-12-16T17:00:00+00:00,FT,included,cohort_B_rotation_date_order,"events,lineups",pending,pending
78/2023/2024-01-20/160/167,1049036,Bundesliga_2023,B,club,Germany,78,2023,2024-01-20T14:30:00+00:00,FT,included,cohort_B_rotation_date_order,"events,lineups",pending,pending
61/2023/2023-12-20/106/97,1045033,Ligue1_2023,B,club,France,61,2023,2023-12-20T20:00:00+00:00,FT,included,cohort_B_rotation_date_order,"events,lineups",pending,pending
39/2023/2023-12-09/51/44,1035325,EPL_2023,B,club,England,39,2023,2023-12-09T15:00:00+00:00,FT,included,cohort_B_rotation_date_order,"events,lineups",pending,pending
140/2023/2023-12-09/798/536,1038106,LaLiga_2023,B,club,Spain,140,2023,2023-12-09T20:00:00+00:00,FT,included,cohort_B_rotation_date_order,"events,lineups",pending,pending
135/2023/2023-12-16/503/511,1052411,SerieA_2023,B,club,Italy,135,2023,2023-12-16T19:45:00+00:00,FT,included,cohort_B_rotation_date_order,"events,lineups",pending,pending
78/2023/2024-01-20/176/172,1049040,Bundesliga_2023,B,club,Germany,78,2023,2024-01-20T14:30:00+00:00,FT,included,cohort_B_rotation_date_order,"events,lineups",pending,pending
61/2023/2024-01-12/81/95,1045035,Ligue1_2023,B,club,France,61,2023,2024-01-12T20:00:00+00:00,FT,included,cohort_B_rotation_date_order,"events,lineups",pending,pending
39/2023/2023-12-09/62/55,1035331,EPL_2023,B,club,England,39,2023,2023-12-09T15:00:00+00:00,FT,included,cohort_B_rotation_date_order,"events,lineups",pending,pending
140/2023/2023-12-10/530/723,1038108,LaLiga_2023,B,club,Spain,140,2023,2023-12-10T13:00:00+00:00,FT,included,cohort_B_rotation_date_order,"events,lineups",pending,pending
135/2023/2023-12-17/489/1579,1052409,SerieA_2023,B,club,Italy,135,2023,2023-12-17T11:30:00+00:00,FT,included,cohort_B_rotation_date_order,"events,lineups",pending,pending
78/2023/2024-01-20/180/161,1049041,Bundesliga_2023,B,club,Germany,78,2023,2024-01-20T14:30:00+00:00,FT,included,cohort_B_rotation_date_order,"events,lineups",pending,pending
61/2023/2024-01-13/91/93,1045036,Ligue1_2023,B,club,France,61,2023,2024-01-13T16:00:00+00:00,FT,included,cohort_B_rotation_date_order,"events,lineups",pending,pending
39/2023/2023-12-09/66/42,1035324,EPL_2023,B,club,England,39,2023,2023-12-09T17:30:00+00:00,FT,included,cohort_B_rotation_date_order,"events,lineups",pending,pending
140/2023/2023-12-10/724/727,1038104,LaLiga_2023,B,club,Spain,140,2023,2023-12-10T17:30:00+00:00,FT,included,cohort_B_rotation_date_order,"events,lineups",pending,pending
135/2023/2023-12-17/494/488,1052412,SerieA_2023,B,club,Italy,135,2023,2023-12-17T14:00:00+00:00,FT,included,cohort_B_rotation_date_order,"events,lineups",pending,pending
78/2023/2024-01-20/181/169,1049042,Bundesliga_2023,B,club,Germany,78,2023,2024-01-20T14:30:00+00:00,FT,included,cohort_B_rotation_date_order,"events,lineups",pending,pending
61/2023/2024-01-13/94/84,1045034,Ligue1_2023,B,club,France,61,2023,2024-01-13T20:00:00+00:00,FT,included,cohort_B_rotation_date_order,"events,lineups",pending,pending
39/2023/2023-12-10/36/48,1035328,EPL_2023,B,club,England,39,2023,2023-12-10T14:00:00+00:00,FT,included,cohort_B_rotation_date_order,"events,lineups",pending,pending
140/2023/2023-12-10/529/547,1038102,LaLiga_2023,B,club,Spain,140,2023,2023-12-10T20:00:00+00:00,FT,included,cohort_B_rotation_date_order,"events,lineups",pending,pending
135/2023/2023-12-17/502/504,1052405,SerieA_2023,B,club,Italy,135,2023,2023-12-17T14:00:00+00:00,FT,included,cohort_B_rotation_date_order,"events,lineups",pending,pending
78/2023/2024-01-20/192/165,1049039,Bundesliga_2023,B,club,Germany,78,2023,2024-01-20T14:30:00+00:00,FT,included,cohort_B_rotation_date_order,"events,lineups",pending,pending
61/2023/2024-01-14/79/97,1045037,Ligue1_2023,B,club,France,61,2023,2024-01-14T12:00:00+00:00,FT,included,cohort_B_rotation_date_order,"events,lineups",pending,pending
39/2023/2023-12-10/45/49,1035327,EPL_2023,B,club,England,39,2023,2023-12-10T14:00:00+00:00,FT,included,cohort_B_rotation_date_order,"events,lineups",pending,pending
140/2023/2023-12-11/715/531,1038109,LaLiga_2023,B,club,Spain,140,2023,2023-12-11T15:15:00+00:00,FT,included,cohort_B_rotation_date_order,"events,lineups",pending,pending
135/2023/2023-12-17/500/497,1052404,SerieA_2023,B,club,Italy,135,2023,2023-12-17T17:00:00+00:00,FT,included,cohort_B_rotation_date_order,"events,lineups",pending,pending
78/2023/2024-01-20/173/168,1049035,Bundesliga_2023,B,club,Germany,78,2023,2024-01-20T17:30:00+00:00,FT,included,cohort_B_rotation_date_order,"events,lineups",pending,pending
61/2023/2024-01-14/83/99,1045038,Ligue1_2023,B,club,France,61,2023,2024-01-14T14:00:00+00:00,FT,included,cohort_B_rotation_date_order,"events,lineups",pending,pending
39/2023/2023-12-10/1359/50,1035329,EPL_2023,B,club,England,39,2023,2023-12-10T14:00:00+00:00,FT,included,cohort_B_rotation_date_order,"events,lineups",pending,pending
140/2023/2023-12-11/728/538,1038110,LaLiga_2023,B,club,Spain,140,2023,2023-12-11T20:00:00+00:00,FT,included,cohort_B_rotation_date_order,"events,lineups",pending,pending
135/2023/2023-12-17/487/505,1052407,SerieA_2023,B,club,Italy,135,2023,2023-12-17T19:45:00+00:00,FT,included,cohort_B_rotation_date_order,"events,lineups",pending,pending
78/2023/2024-01-21/157/162,1049034,Bundesliga_2023,B,club,Germany,78,2023,2024-01-21T14:30:00+00:00,FT,included,cohort_B_rotation_date_order,"events,lineups",pending,pending
61/2023/2024-01-14/106/82,1045041,Ligue1_2023,B,club,France,61,2023,2024-01-14T14:00:00+00:00,FT,included,cohort_B_rotation_date_order,"events,lineups",pending,pending
39/2023/2023-12-10/47/34,1035332,EPL_2023,B,club,England,39,2023,2023-12-10T16:30:00+00:00,FT,included,cohort_B_rotation_date_order,"events,lineups",pending,pending
140/2023/2023-12-15/727/728,1038115,LaLiga_2023,B,club,Spain,140,2023,2023-12-15T20:00:00+00:00,FT,included,cohort_B_rotation_date_order,"events,lineups",pending,pending
135/2023/2023-12-18/499/514,1052403,SerieA_2023,B,club,Italy,135,2023,2023-12-18T19:45:00+00:00,FT,included,cohort_B_rotation_date_order,"events,lineups",pending,pending
78/2023/2024-01-21/163/170,1049038,Bundesliga_2023,B,club,Germany,78,2023,2024-01-21T16:30:00+00:00,FT,included,cohort_B_rotation_date_order,"events,lineups",pending,pending
61/2023/2024-01-14/112/96,1045040,Ligue1_2023,B,club,France,61,2023,2024-01-14T14:00:00+00:00,FT,included,cohort_B_rotation_date_order,"events,lineups",pending,pending
39/2023/2023-12-15/65/47,1035342,EPL_2023,B,club,England,39,2023,2023-12-15T20:00:00+00:00,FT,included,cohort_B_rotation_date_order,"events,lineups",pending,pending
140/2023/2023-12-16/538/715,1038114,LaLiga_2023,B,club,Spain,140,2023,2023-12-16T13:00:00+00:00,FT,included,cohort_B_rotation_date_order,"events,lineups",pending,pending
135/2023/2023-12-22/488/495,1052421,SerieA_2023,B,club,Italy,135,2023,2023-12-22T17:30:00+00:00,FT,included,cohort_B_rotation_date_order,"events,lineups",pending,pending
78/2023/2024-01-24/157/182,1048989,Bundesliga_2023,B,club,Germany,78,2023,2024-01-24T19:30:00+00:00,FT,included,cohort_B_rotation_date_order,"events,lineups",pending,pending
61/2023/2024-01-14/111/80,1045039,Ligue1_2023,B,club,France,61,2023,2024-01-14T16:05:00+00:00,FT,included,cohort_B_rotation_date_order,"events,lineups",pending,pending
39/2023/2023-12-16/34/36,1035341,EPL_2023,B,club,England,39,2023,2023-12-16T15:00:00+00:00,FT,included,cohort_B_rotation_date_order,"events,lineups",pending,pending
140/2023/2023-12-16/531/530,1038113,LaLiga_2023,B,club,Spain,140,2023,2023-12-16T15:15:00+00:00,FT,included,cohort_B_rotation_date_order,"events,lineups",pending,pending
135/2023/2023-12-22/511/487,1052414,SerieA_2023,B,club,Italy,135,2023,2023-12-22T17:30:00+00:00,FT,included,cohort_B_rotation_date_order,"events,lineups",pending,pending
78/2023/2024-01-26/169/164,1049046,Bundesliga_2023,B,club,Germany,78,2023,2024-01-26T19:30:00+00:00,FT,included,cohort_B_rotation_date_order,"events,lineups",pending,pending
61/2023/2024-01-14/116/85,1045042,Ligue1_2023,B,club,France,61,2023,2024-01-14T19:45:00+00:00,FT,included,cohort_B_rotation_date_order,"events,lineups",pending,pending
39/2023/2023-12-16/49/62,1035338,EPL_2023,B,club,England,39,2023,2023-12-16T15:00:00+00:00,FT,included,cohort_B_rotation_date_order,"events,lineups",pending,pending
140/2023/2023-12-16/536/546,1038120,LaLiga_2023,B,club,Spain,140,2023,2023-12-16T17:30:00+00:00,FT,included,cohort_B_rotation_date_order,"events,lineups",pending,pending
135/2023/2023-12-22/514/489,1052420,SerieA_2023,B,club,Italy,135,2023,2023-12-22T19:45:00+00:00,FT,included,cohort_B_rotation_date_order,"events,lineups",pending,pending
78/2023/2024-01-27/161/192,1049047,Bundesliga_2023,B,club,Germany,78,2023,2024-01-27T14:30:00+00:00,FT,included,cohort_B_rotation_date_order,"events,lineups",pending,pending
61/2023/2024-01-26/80/94,1045047,Ligue1_2023,B,club,France,61,2023,2024-01-26T20:00:00+00:00,FT,included,cohort_B_rotation_date_order,"events,lineups",pending,pending
39/2023/2023-12-16/50/52,1035340,EPL_2023,B,club,England,39,2023,2023-12-16T15:00:00+00:00,FT,included,cohort_B_rotation_date_order,"events,lineups",pending,pending
140/2023/2023-12-16/532/529,1038117,LaLiga_2023,B,club,Spain,140,2023,2023-12-16T20:00:00+00:00,FT,included,cohort_B_rotation_date_order,"events,lineups",pending,pending
135/2023/2023-12-22/1579/502,1052418,SerieA_2023,B,club,Italy,135,2023,2023-12-22T19:45:00+00:00,FT,included,cohort_B_rotation_date_order,"events,lineups",pending,pending
78/2023/2024-01-27/162/160,1049049,Bundesliga_2023,B,club,Germany,78,2023,2024-01-27T14:30:00+00:00,FT,included,cohort_B_rotation_date_order,"events,lineups",pending,pending
61/2023/2024-01-27/84/112,1045048,Ligue1_2023,B,club,France,61,2023,2024-01-27T16:00:00+00:00,FT,included,cohort_B_rotation_date_order,"events,lineups",pending,pending
39/2023/2023-12-16/44/45,1035337,EPL_2023,B,club,England,39,2023,2023-12-16T17:30:00+00:00,FT,included,cohort_B_rotation_date_order,"events,lineups",pending,pending
140/2023/2023-12-17/723/798,1038112,LaLiga_2023,B,club,Spain,140,2023,2023-12-17T13:00:00+00:00,FT,included,cohort_B_rotation_date_order,"events,lineups",pending,pending
135/2023/2023-12-23/512/496,1052415,SerieA_2023,B,club,Italy,135,2023,2023-12-23T11:30:00+00:00,FT,included,cohort_B_rotation_date_order,"events,lineups",pending,pending
78/2023/2024-01-27/167/180,1049048,Bundesliga_2023,B,club,Germany,78,2023,2024-01-27T14:30:00+00:00,FT,included,cohort_B_rotation_date_order,"events,lineups",pending,pending
61/2023/2024-01-27/81/91,1045045,Ligue1_2023,B,club,France,61,2023,2024-01-27T20:00:00+00:00,FT,included,cohort_B_rotation_date_order,"events,lineups",pending,pending
39/2023/2023-12-17/42/51,1035335,EPL_2023,B,club,England,39,2023,2023-12-17T14:00:00+00:00,FT,included,cohort_B_rotation_date_order,"events,lineups",pending,pending
140/2023/2023-12-17/548/543,1038118,LaLiga_2023,B,club,Spain,140,2023,2023-12-17T15:15:00+00:00,FT,included,cohort_B_rotation_date_order,"events,lineups",pending,pending
135/2023/2023-12-23/500/499,1052413,SerieA_2023,B,club,Italy,135,2023,2023-12-23T14:00:00+00:00,FT,included,cohort_B_rotation_date_order,"events,lineups",pending,pending
78/2023/2024-01-27/170/157,1049050,Bundesliga_2023,B,club,Germany,78,2023,2024-01-27T14:30:00+00:00,FT,included,cohort_B_rotation_date_order,"events,lineups",pending,pending
61/2023/2024-01-28/82/79,1045051,Ligue1_2023,B,club,France,61,2023,2024-01-28T12:00:00+00:00,FT,included,cohort_B_rotation_date_order,"events,lineups",pending,pending
39/2023/2023-12-17/48/39,1035343,EPL_2023,B,club,England,39,2023,2023-12-17T14:00:00+00:00,FT,included,cohort_B_rotation_date_order,"events,lineups",pending,pending
140/2023/2023-12-17/534/724,1038119,LaLiga_2023,B,club,Spain,140,2023,2023-12-17T17:30:00+00:00,FT,included,cohort_B_rotation_date_order,"events,lineups",pending,pending
135/2023/2023-12-23/503/494,1052422,SerieA_2023,B,club,Italy,135,2023,2023-12-23T14:00:00+00:00,FT,included,cohort_B_rotation_date_order,"events,lineups",pending,pending
78/2023/2024-01-27/172/173,1049051,Bundesliga_2023,B,club,Germany,78,2023,2024-01-27T14:30:00+00:00,FT,included,cohort_B_rotation_date_order,"events,lineups",pending,pending
61/2023/2024-01-28/93/83,1045050,Ligue1_2023,B,club,France,61,2023,2024-01-28T14:00:00+00:00,FT,included,cohort_B_rotation_date_order,"events,lineups",pending,pending
39/2023/2023-12-17/55/66,1035336,EPL_2023,B,club,England,39,2023,2023-12-17T14:00:00+00:00,FT,included,cohort_B_rotation_date_order,"events,lineups",pending,pending
140/2023/2023-12-17/541/533,1038116,LaLiga_2023,B,club,Spain,140,2023,2023-12-17T20:00:00+00:00,FT,included,cohort_B_rotation_date_order,"events,lineups",pending,pending
135/2023/2023-12-23/504/490,1052416,SerieA_2023,B,club,Italy,135,2023,2023-12-23T17:00:00+00:00,FT,included,cohort_B_rotation_date_order,"events,lineups",pending,pending
78/2023/2024-01-27/168/163,1049045,Bundesliga_2023,B,club,Germany,78,2023,2024-01-27T17:30:00+00:00,FT,included,cohort_B_rotation_date_order,"events,lineups",pending,pending
61/2023/2024-01-28/97/111,1045046,Ligue1_2023,B,club,France,61,2023,2024-01-28T14:00:00+00:00,FT,included,cohort_B_rotation_date_order,"events,lineups",pending,pending
39/2023/2023-12-17/40/33,1035339,EPL_2023,B,club,England,39,2023,2023-12-17T16:30:00+00:00,FT,included,cohort_B_rotation_date_order,"events,lineups",pending,pending
140/2023/2023-12-18/547/542,1038121,LaLiga_2023,B,club,Spain,140,2023,2023-12-18T20:00:00+00:00,FT,included,cohort_B_rotation_date_order,"events,lineups",pending,pending
135/2023/2023-12-23/505/867,1052417,SerieA_2023,B,club,Italy,135,2023,2023-12-23T17:00:00+00:00,FT,included,cohort_B_rotation_date_order,"events,lineups",pending,pending
78/2023/2024-01-28/182/181,1049044,Bundesliga_2023,B,club,Germany,78,2023,2024-01-28T14:30:00+00:00,FT,included,cohort_B_rotation_date_order,"events,lineups",pending,pending
61/2023/2024-01-28/99/95,1045049,Ligue1_2023,B,club,France,61,2023,2024-01-28T14:00:00+00:00,FT,included,cohort_B_rotation_date_order,"events,lineups",pending,pending
39/2023/2023-12-21/52/51,1035345,EPL_2023,B,club,England,39,2023,2023-12-21T20:00:00+00:00,FT,included,cohort_B_rotation_date_order,"events,lineups",pending,pending
140/2023/2023-12-19/728/532,1038127,LaLiga_2023,B,club,Spain,140,2023,2023-12-19T18:00:00+00:00,FT,included,cohort_B_rotation_date_order,"events,lineups",pending,pending
135/2023/2023-12-23/497/492,1052419,SerieA_2023,B,club,Italy,135,2023,2023-12-23T19:45:00+00:00,FT,included,cohort_B_rotation_date_order,"events,lineups",pending,pending
78/2023/2024-01-28/165/176,1049043,Bundesliga_2023,B,club,Germany,78,2023,2024-01-28T16:30:00+00:00,FT,included,cohort_B_rotation_date_order,"events,lineups",pending,pending
61/2023/2024-01-28/96/116,1045044,Ligue1_2023,B,club,France,61,2023,2024-01-28T16:05:00+00:00,FT,included,cohort_B_rotation_date_order,"events,lineups",pending,pending
39/2023/2023-12-22/66/62,1035344,EPL_2023,B,club,England,39,2023,2023-12-22T20:00:00+00:00,FT,included,cohort_B_rotation_date_order,"events,lineups",pending,pending
140/2023/2023-12-19/530/546,1038123,LaLiga_2023,B,club,Spain,140,2023,2023-12-19T20:30:00+00:00,FT,included,cohort_B_rotation_date_order,"events,lineups",pending,pending
135/2023/2023-12-29/492/1579,1052431,SerieA_2023,B,club,Italy,135,2023,2023-12-29T17:30:00+00:00,FT,included,cohort_B_rotation_date_order,"events,lineups",pending,pending
78/2023/2024-02-02/180/165,1049059,Bundesliga_2023,B,club,Germany,78,2023,2024-02-02T19:30:00+00:00,FT,included,cohort_B_rotation_date_order,"events,lineups",pending,pending
61/2023/2024-01-28/85/106,1045043,Ligue1_2023,B,club,France,61,2023,2024-01-28T19:45:00+00:00,FT,included,cohort_B_rotation_date_order,"events,lineups",pending,pending
39/2023/2023-12-23/48/33,1035352,EPL_2023,B,club,England,39,2023,2023-12-23T12:30:00+00:00,FT,included,cohort_B_rotation_date_order,"events,lineups",pending,pending
140/2023/2023-12-19/715/536,1038128,LaLiga_2023,B,club,Spain,140,2023,2023-12-19T20:30:00+00:00,FT,included,cohort_B_rotation_date_order,"events,lineups",pending,pending
135/2023/2023-12-29/502/503,1052425,SerieA_2023,B,club,Italy,135,2023,2023-12-29T17:30:00+00:00,FT,included,cohort_B_rotation_date_order,"events,lineups",pending,pending
78/2023/2024-02-03/157/163,1049052,Bundesliga_2023,B,club,Germany,78,2023,2024-02-03T14:30:00+00:00,FT,included,cohort_B_rotation_date_order,"events,lineups",pending,pending
61/2023/2024-02-02/95/85,1045052,Ligue1_2023,B,club,France,61,2023,2024-02-02T20:00:00+00:00,FT,included,cohort_B_rotation_date_order,"events,lineups",pending,pending
39/2023/2023-12-23/36/44,1035346,EPL_2023,B,club,England,39,2023,2023-12-23T15:00:00+00:00,FT,included,cohort_B_rotation_date_order,"events,lineups",pending,pending
140/2023/2023-12-20/529/723,1038130,LaLiga_2023,B,club,Spain,140,2023,2023-12-20T18:00:00+00:00,FT,included,cohort_B_rotation_date_order,"events,lineups",pending,pending
135/2023/2023-12-29/487/512,1052429,SerieA_2023,B,club,Italy,135,2023,2023-12-29T19:45:00+00:00,FT,included,cohort_B_rotation_date_order,"events,lineups",pending,pending
78/2023/2024-02-03/160/172,1049054,Bundesliga_2023,B,club,Germany,78,2023,2024-02-03T14:30:00+00:00,FT,included,cohort_B_rotation_date_order,"events,lineups",pending,pending
61/2023/2024-02-03/94/82,1045053,Ligue1_2023,B,club,France,61,2023,2024-02-03T16:00:00+00:00,FT,included,cohort_B_rotation_date_order,"events,lineups",pending,pending
39/2023/2023-12-23/47/45,1035351,EPL_2023,B,club,England,39,2023,2023-12-23T15:00:00+00:00,FT,included,cohort_B_rotation_date_order,"events,lineups",pending,pending
140/2023/2023-12-20/531/534,1038122,LaLiga_2023,B,club,Spain,140,2023,2023-12-20T20:30:00+00:00,FT,included,cohort_B_rotation_date_order,"events,lineups",pending,pending
135/2023/2023-12-29/495/505,1052426,SerieA_2023,B,club,Italy,135,2023,2023-12-29T19:45:00+00:00,FT,included,cohort_B_rotation_date_order,"events,lineups",pending,pending
78/2023/2024-02-03/164/162,1049056,Bundesliga_2023,B,club,Germany,78,2023,2024-02-03T14:30:00+00:00,FT,included,cohort_B_rotation_date_order,"events,lineups",pending,pending
61/2023/2024-02-03/83/116,1045058,Ligue1_2023,B,club,France,61,2023,2024-02-03T20:00:00+00:00,FT,included,cohort_B_rotation_date_order,"events,lineups",pending,pending
39/2023/2023-12-23/65/35,1035350,EPL_2023,B,club,England,39,2023,2023-12-23T15:00:00+00:00,FT,included,cohort_B_rotation_date_order,"events,lineups",pending,pending
140/2023/2023-12-20/533/538,1038131,LaLiga_2023,B,club,Spain,140,2023,2023-12-20T20:30:00+00:00,FT,included,cohort_B_rotation_date_order,"events,lineups",pending,pending
135/2023/2023-12-30/499/867,1052423,SerieA_2023,B,club,Italy,135,2023,2023-12-30T11:30:00+00:00,FT,included,cohort_B_rotation_date_order,"events,lineups",pending,pending
78/2023/2024-02-03/176/170,1049058,Bundesliga_2023,B,club,Germany,78,2023,2024-02-03T14:30:00+00:00,FT,included,cohort_B_rotation_date_order,"events,lineups",pending,pending
61/2023/2024-02-04/91/111,1045054,Ligue1_2023,B,club,France,61,2023,2024-02-04T12:00:00+00:00,FT,included,cohort_B_rotation_date_order,"events,lineups",pending,pending
39/2023/2023-12-23/1359/34,1035348,EPL_2023,B,club,England,39,2023,2023-12-23T15:00:00+00:00,FT,included,cohort_B_rotation_date_order,"events,lineups",pending,pending
140/2023/2023-12-21/543/547,1038124,LaLiga_2023,B,club,Spain,140,2023,2023-12-21T18:00:00+00:00,FT,included,cohort_B_rotation_date_order,"events,lineups",pending,pending
135/2023/2023-12-30/490/511,1052424,SerieA_2023,B,club,Italy,135,2023,2023-12-30T14:00:00+00:00,FT,included,cohort_B_rotation_date_order,"events,lineups",pending,pending
78/2023/2024-02-03/181/168,1049060,Bundesliga_2023,B,club,Germany,78,2023,2024-02-03T14:30:00+00:00,FT,included,cohort_B_rotation_date_order,"events,lineups",pending,pending
61/2023/2024-02-04/79/99,1045055,Ligue1_2023,B,club,France,61,2023,2024-02-04T14:00:00+00:00,FT,included,cohort_B_rotation_date_order,"events,lineups",pending,pending
39/2023/2023-12-23/40/42,1035347,EPL_2023,B,club,England,39,2023,2023-12-23T17:30:00+00:00,FT,included,cohort_B_rotation_date_order,"events,lineups",pending,pending
140/2023/2023-12-21/724/548,1038125,LaLiga_2023,B,club,Spain,140,2023,2023-12-21T18:00:00+00:00,FT,included,cohort_B_rotation_date_order,"events,lineups",pending,pending
135/2023/2023-12-30/494/500,1052432,SerieA_2023,B,club,Italy,135,2023,2023-12-30T14:00:00+00:00,FT,included,cohort_B_rotation_date_order,"events,lineups",pending,pending
78/2023/2024-02-03/192/169,1049057,Bundesliga_2023,B,club,Germany,78,2023,2024-02-03T17:30:00+00:00,FT,included,cohort_B_rotation_date_order,"events,lineups",pending,pending
61/2023/2024-02-04/93/96,1045057,Ligue1_2023,B,club,France,61,2023,2024-02-04T14:00:00+00:00,FT,included,cohort_B_rotation_date_order,"events,lineups",pending,pending
39/2023/2023-12-24/39/49,1035353,EPL_2023,B,club,England,39,2023,2023-12-24T13:00:00+00:00,FT,included,cohort_B_rotation_date_order,"events,lineups",pending,pending
140/2023/2023-12-21/542/541,1038129,LaLiga_2023,B,club,Spain,140,2023,2023-12-21T20:30:00+00:00,FT,included,cohort_B_rotation_date_order,"events,lineups",pending,pending
135/2023/2023-12-30/489/488,1052430,SerieA_2023,B,club,Italy,135,2023,2023-12-30T17:00:00+00:00,FT,included,cohort_B_rotation_date_order,"events,lineups",pending,pending
78/2023/2024-02-04/161/167,1049055,Bundesliga_2023,B,club,Germany,78,2023,2024-02-04T14:30:00+00:00,FT,included,cohort_B_rotation_date_order,"events,lineups",pending,pending
61/2023/2024-02-04/112/97,1045059,Ligue1_2023,B,club,France,61,2023,2024-02-04T14:00:00+00:00,FT,included,cohort_B_rotation_date_order,"events,lineups",pending,pending
39/2023/2023-12-26/34/65,1035362,EPL_2023,B,club,England,39,2023,2023-12-26T12:30:00+00:00,FT,included,cohort_B_rotation_date_order,"events,lineups",pending,pending
140/2023/2023-12-21/798/727,1038126,LaLiga_2023,B,club,Spain,140,2023,2023-12-21T20:30:00+00:00,FT,included,cohort_B_rotation_date_order,"events,lineups",pending,pending
135/2023/2023-12-30/504/514,1052427,SerieA_2023,B,club,Italy,135,2023,2023-12-30T17:00:00+00:00,FT,included,cohort_B_rotation_date_order,"events,lineups",pending,pending
78/2023/2024-02-04/173/182,1049053,Bundesliga_2023,B,club,Germany,78,2023,2024-02-04T16:30:00+00:00,FT,included,cohort_B_rotation_date_order,"events,lineups",pending,pending
61/2023/2024-02-04/106/84,1045060,Ligue1_2023,B,club,France,61,2023,2024-02-04T16:05:00+00:00,FT,included,cohort_B_rotation_date_order,"events,lineups",pending,pending
39/2023/2023-12-26/35/36,1035354,EPL_2023,B,club,England,39,2023,2023-12-26T15:00:00+00:00,FT,included,cohort_B_rotation_date_order,"events,lineups",pending,pending
140/2023/2023-12-23/530/536,1037983,LaLiga_2023,B,club,Spain,140,2023,2023-12-23T15:15:00+00:00,FT,included,cohort_B_rotation_date_order,"events,lineups",pending,pending
135/2023/2023-12-30/496/497,1052428,SerieA_2023,B,club,Italy,135,2023,2023-12-30T19:45:00+00:00,FT,included,cohort_B_rotation_date_order,"events,lineups",pending,pending
78/2023/2024-02-07/164/182,1049037,Bundesliga_2023,B,club,Germany,78,2023,2024-02-07T17:30:00+00:00,FT,included,cohort_B_rotation_date_order,"events,lineups",pending,pending
61/2023/2024-02-04/80/81,1045056,Ligue1_2023,B,club,France,61,2023,2024-02-04T19:45:00+00:00,FT,included,cohort_B_rotation_date_order,"events,lineups",pending,pending
39/2023/2023-12-26/62/1359,1035363,EPL_2023,B,club,England,39,2023,2023-12-26T15:00:00+00:00,FT,included,cohort_B_rotation_date_order,"events,lineups",pending,pending
140/2023/2024-01-02/546/728,1038132,LaLiga_2023,B,club,Spain,140,2023,2024-01-02T16:00:00+00:00,FT,included,cohort_B_rotation_date_order,"events,lineups",pending,pending
135/2023/2024-01-05/500/495,1052433,SerieA_2023,B,club,Italy,135,2023,2024-01-05T19:45:00+00:00,FT,included,cohort_B_rotation_date_order,"events,lineups",pending,pending
78/2023/2024-02-09/165/160,1049061,Bundesliga_2023,B,club,Germany,78,2023,2024-02-09T19:30:00+00:00,FT,included,cohort_B_rotation_date_order,"events,lineups",pending,pending
61/2023/2024-02-09/81/112,1045063,Ligue1_2023,B,club,France,61,2023,2024-02-09T20:00:00+00:00,FT,included,cohort_B_rotation_date_order,"events,lineups",pending,pending
39/2023/2023-12-26/44/40,1035358,EPL_2023,B,club,England,39,2023,2023-12-26T17:30:00+00:00,FT,included,cohort_B_rotation_date_order,"events,lineups",pending,pending
140/2023/2024-01-02/548/542,1038141,LaLiga_2023,B,club,Spain,140,2023,2024-01-02T18:15:00+00:00,FT,included,cohort_B_rotation_date_order,"events,lineups",pending,pending
135/2023/2024-01-06/505/504,1052436,SerieA_2023,B,club,Italy,135,2023,2024-01-06T11:30:00+00:00,FT,included,cohort_B_rotation_date_order,"events,lineups",pending,pending
78/2023/2024-02-10/162/180,1049067,Bundesliga_2023,B,club,Germany,78,2023,2024-02-10T14:30:00+00:00,FT,included,cohort_B_rotation_date_order,"events,lineups",pending,pending
61/2023/2024-02-10/116/95,1045067,Ligue1_2023,B,club,France,61,2023,2024-02-10T16:00:00+00:00,FT,included,cohort_B_rotation_date_order,"events,lineups",pending,pending
39/2023/2023-12-26/33/66,1035361,EPL_2023,B,club,England,39,2023,2023-12-26T20:00:00+00:00,FT,included,cohort_B_rotation_date_order,"events,lineups",pending,pending
140/2023/2024-01-02/532/533,1038133,LaLiga_2023,B,club,Spain,140,2023,2024-01-02T20:30:00+00:00,FT,included,cohort_B_rotation_date_order,"events,lineups",pending,pending
135/2023/2024-01-06/512/1579,1052435,SerieA_2023,B,club,Italy,135,2023,2024-01-06T14:00:00+00:00,FT,included,cohort_B_rotation_date_order,"events,lineups",pending,pending
78/2023/2024-02-10/163/181,1049065,Bundesliga_2023,B,club,Germany,78,2023,2024-02-10T14:30:00+00:00,FT,included,cohort_B_rotation_date_order,"events,lineups",pending,pending
61/2023/2024-02-10/85/79,1045061,Ligue1_2023,B,club,France,61,2023,2024-02-10T20:00:00+00:00,FT,included,cohort_B_rotation_date_order,"events,lineups",pending,pending
39/2023/2023-12-27/49/52,1035359,EPL_2023,B,club,England,39,2023,2023-12-27T19:30:00+00:00,FT,included,cohort_B_rotation_date_order,"events,lineups",pending,pending
140/2023/2024-01-03/715/724,1038139,LaLiga_2023,B,club,Spain,140,2023,2024-01-03T16:00:00+00:00,FT,included,cohort_B_rotation_date_order,"events,lineups",pending,pending
135/2023/2024-01-06/867/490,1052437,SerieA_2023,B,club,Italy,135,2023,2024-01-06T17:00:00+00:00,FT,included,cohort_B_rotation_date_order,"events,lineups",pending,pending
78/2023/2024-02-10/169/176,1049064,Bundesliga_2023,B,club,Germany,78,2023,2024-02-10T14:30:00+00:00,FT,included,cohort_B_rotation_date_order,"events,lineups",pending,pending
61/2023/2024-02-11/111/94,1045068,Ligue1_2023,B,club,France,61,2023,2024-02-11T12:00:00+00:00,FT,included,cohort_B_rotation_date_order,"events,lineups",pending,pending
39/2023/2023-12-27/55/39,1035356,EPL_2023,B,club,England,39,2023,2023-12-27T19:30:00+00:00,FT,included,cohort_B_rotation_date_order,"events,lineups",pending,pending
140/2023/2024-01-03/538/543,1038138,LaLiga_2023,B,club,Spain,140,2023,2024-01-03T18:15:00+00:00,FT,included,cohort_B_rotation_date_order,"events,lineups",pending,pending
135/2023/2024-01-06/488/502,1052440,SerieA_2023,B,club,Italy,135,2023,2024-01-06T19:45:00+00:00,FT,included,cohort_B_rotation_date_order,"events,lineups",pending,pending
78/2023/2024-02-10/170/173,1049068,Bundesliga_2023,B,club,Germany,78,2023,2024-02-10T14:30:00+00:00,FT,included,cohort_B_rotation_date_order,"events,lineups",pending,pending
61/2023/2024-02-11/96/83,1045062,Ligue1_2023,B,club,France,61,2023,2024-02-11T14:00:00+00:00,FT,included,cohort_B_rotation_date_order,"events,lineups",pending,pending
39/2023/2023-12-27/45/50,1035360,EPL_2023,B,club,England,39,2023,2023-12-27T20:15:00+00:00,FT,included,cohort_B_rotation_date_order,"events,lineups",pending,pending
140/2023/2024-01-03/541/798,1038140,LaLiga_2023,B,club,Spain,140,2023,2024-01-03T18:15:00+00:00,FT,included,cohort_B_rotation_date_order,"events,lineups",pending,pending
135/2023/2024-01-07/511/489,1052434,SerieA_2023,B,club,Italy,135,2023,2024-01-07T11:30:00+00:00,FT,included,cohort_B_rotation_date_order,"events,lineups",pending,pending
78/2023/2024-02-10/182/161,1049062,Bundesliga_2023,B,club,Germany,78,2023,2024-02-10T14:30:00+00:00,FT,included,cohort_B_rotation_date_order,"events,lineups",pending,pending
61/2023/2024-02-11/97/93,1045064,Ligue1_2023,B,club,France,61,2023,2024-02-11T14:00:00+00:00,FT,included,cohort_B_rotation_date_order,"events,lineups",pending,pending
39/2023/2023-12-28/51/47,1035357,EPL_2023,B,club,England,39,2023,2023-12-28T19:30:00+00:00,FT,included,cohort_B_rotation_date_order,"events,lineups",pending,pending
140/2023/2024-01-03/547/530,1038136,LaLiga_2023,B,club,Spain,140,2023,2024-01-03T20:30:00+00:00,FT,included,cohort_B_rotation_date_order,"events,lineups",pending,pending
135/2023/2024-01-07/494/487,1052442,SerieA_2023,B,club,Italy,135,2023,2024-01-07T14:00:00+00:00,FT,included,cohort_B_rotation_date_order,"events,lineups",pending,pending
78/2023/2024-02-10/168/157,1049063,Bundesliga_2023,B,club,Germany,78,2023,2024-02-10T17:30:00+00:00,FT,included,cohort_B_rotation_date_order,"events,lineups",pending,pending
61/2023/2024-02-11/99/106,1045066,Ligue1_2023,B,club,France,61,2023,2024-02-11T14:00:00+00:00,FT,included,cohort_B_rotation_date_order,"events,lineups",pending,pending
39/2023/2023-12-28/42/48,1035355,EPL_2023,B,club,England,39,2023,2023-12-28T20:15:00+00:00,FT,included,cohort_B_rotation_date_order,"events,lineups",pending,pending
140/2023/2024-01-04/727/723,1038134,LaLiga_2023,B,club,Spain,140,2023,2024-01-04T16:00:00+00:00,FT,included,cohort_B_rotation_date_order,"events,lineups",pending,pending
135/2023/2024-01-07/503/492,1052441,SerieA_2023,B,club,Italy,135,2023,2024-01-07T14:00:00+00:00,FT,included,cohort_B_rotation_date_order,"events,lineups",pending,pending
78/2023/2024-02-11/172/164,1049069,Bundesliga_2023,B,club,Germany,78,2023,2024-02-11T14:30:00+00:00,FT,included,cohort_B_rotation_date_order,"events,lineups",pending,pending
61/2023/2024-02-11/82/80,1045069,Ligue1_2023,B,club,France,61,2023,2024-02-11T16:05:00+00:00,FT,included,cohort_B_rotation_date_order,"events,lineups",pending,pending
39/2023/2023-12-30/1359/49,1035368,EPL_2023,B,club,England,39,2023,2023-12-30T12:30:00+00:00,FT,included,cohort_B_rotation_date_order,"events,lineups",pending,pending
140/2023/2024-01-04/536/531,1038135,LaLiga_2023,B,club,Spain,140,2023,2024-01-04T18:15:00+00:00,FT,included,cohort_B_rotation_date_order,"events,lineups",pending,pending
135/2023/2024-01-07/514/496,1052439,SerieA_2023,B,club,Italy,135,2023,2024-01-07T17:00:00+00:00,FT,included,cohort_B_rotation_date_order,"events,lineups",pending,pending
78/2023/2024-02-11/167/192,1049066,Bundesliga_2023,B,club,Germany,78,2023,2024-02-11T16:30:00+00:00,FT,included,cohort_B_rotation_date_order,"events,lineups",pending,pending
61/2023/2024-02-11/84/91,1045065,Ligue1_2023,B,club,France,61,2023,2024-02-11T19:45:00+00:00,FT,included,cohort_B_rotation_date_order,"events,lineups",pending,pending
39/2023/2023-12-30/39/45,1035373,EPL_2023,B,club,England,39,2023,2023-12-30T15:00:00+00:00,FT,included,cohort_B_rotation_date_order,"events,lineups",pending,pending
140/2023/2024-01-04/534/529,1038137,LaLiga_2023,B,club,Spain,140,2023,2024-01-04T20:30:00+00:00,FT,included,cohort_B_rotation_date_order,"events,lineups",pending,pending
135/2023/2024-01-07/497/499,1052438,SerieA_2023,B,club,Italy,135,2023,2024-01-07T19:45:00+00:00,FT,included,cohort_B_rotation_date_order,"events,lineups",pending,pending
78/2023/2024-02-16/192/162,1049074,Bundesliga_2023,B,club,Germany,78,2023,2024-02-16T19:30:00+00:00,FT,included,cohort_B_rotation_date_order,"events,lineups",pending,pending
61/2023/2024-02-16/80/84,1045074,Ligue1_2023,B,club,France,61,2023,2024-02-16T20:00:00+00:00,FT,included,cohort_B_rotation_date_order,"events,lineups",pending,pending
39/2023/2023-12-30/50/62,1035369,EPL_2023,B,club,England,39,2023,2023-12-30T15:00:00+00:00,FT,included,cohort_B_rotation_date_order,"events,lineups",pending,pending
140/2023/2024-01-12/536/542,1038151,LaLiga_2023,B,club,Spain,140,2023,2024-01-12T20:00:00+00:00,FT,included,cohort_B_rotation_date_order,"events,lineups",pending,pending
135/2023/2024-01-13/492/514,1052452,SerieA_2023,B,club,Italy,135,2023,2024-01-13T14:00:00+00:00,FT,included,cohort_B_rotation_date_order,"events,lineups",pending,pending
78/2023/2024-02-17/161/165,1049072,Bundesliga_2023,B,club,Germany,78,2023,2024-02-17T14:30:00+00:00,FT,included,cohort_B_rotation_date_order,"events,lineups",pending,pending
61/2023/2024-02-17/79/111,1045073,Ligue1_2023,B,club,France,61,2023,2024-02-17T16:00:00+00:00,FT,included,cohort_B_rotation_date_order,"events,lineups",pending,pending
39/2023/2023-12-30/52/55,1035365,EPL_2023,B,club,England,39,2023,2023-12-30T15:00:00+00:00,FT,included,cohort_B_rotation_date_order,"events,lineups",pending,pending
140/2023/2024-01-13/534/533,1038149,LaLiga_2023,B,club,Spain,140,2023,2024-01-13T13:00:00+00:00,FT,included,cohort_B_rotation_date_order,"events,lineups",pending,pending
135/2023/2024-01-13/495/503,1052446,SerieA_2023,B,club,Italy,135,2023,2024-01-13T14:00:00+00:00,FT,included,cohort_B_rotation_date_order,"events,lineups",pending,pending
78/2023/2024-02-17/164/170,1049073,Bundesliga_2023,B,club,Germany,78,2023,2024-02-17T14:30:00+00:00,FT,included,cohort_B_rotation_date_order,"events,lineups",pending,pending
61/2023/2024-02-17/83/85,1045076,Ligue1_2023,B,club,France,61,2023,2024-02-17T20:00:00+00:00,FT,included,cohort_B_rotation_date_order,"events,lineups",pending,pending
39/2023/2023-12-30/66/44,1035364,EPL_2023,B,club,England,39,2023,2023-12-30T15:00:00+00:00,FT,included,cohort_B_rotation_date_order,"events,lineups",pending,pending
140/2023/2024-01-13/798/538,1038150,LaLiga_2023,B,club,Spain,140,2023,2024-01-13T15:15:00+00:00,FT,included,cohort_B_rotation_date_order,"events,lineups",pending,pending
135/2023/2024-01-13/504/511,1052447,SerieA_2023,B,club,Italy,135,2023,2024-01-13T17:00:00+00:00,FT,included,cohort_B_rotation_date_order,"events,lineups",pending,pending
78/2023/2024-02-17/167/182,1049075,Bundesliga_2023,B,club,Germany,78,2023,2024-02-17T14:30:00+00:00,FT,included,cohort_B_rotation_date_order,"events,lineups",pending,pending
61/2023/2024-02-18/95/97,1045070,Ligue1_2023,B,club,France,61,2023,2024-02-18T12:00:00+00:00,FT,included,cohort_B_rotation_date_order,"events,lineups",pending,pending
39/2023/2023-12-30/65/33,1035370,EPL_2023,B,club,England,39,2023,2023-12-30T17:30:00+00:00,FT,included,cohort_B_rotation_date_order,"events,lineups",pending,pending
140/2023/2024-01-13/531/548,1038143,LaLiga_2023,B,club,Spain,140,2023,2024-01-13T17:30:00+00:00,FT,included,cohort_B_rotation_date_order,"events,lineups",pending,pending
135/2023/2024-01-13/1579/505,1052451,SerieA_2023,B,club,Italy,135,2023,2024-01-13T19:45:00+00:00,FT,included,cohort_B_rotation_date_order,"events,lineups",pending,pending
78/2023/2024-02-17/180/168,1049077,Bundesliga_2023,B,club,Germany,78,2023,2024-02-17T14:30:00+00:00,FT,included,cohort_B_rotation_date_order,"events,lineups",pending,pending
61/2023/2024-02-18/82/112,1045077,Ligue1_2023,B,club,France,61,2023,2024-02-18T14:00:00+00:00,FT,included,cohort_B_rotation_date_order,"events,lineups",pending,pending
39/2023/2023-12-31/36/42,1035366,EPL_2023,B,club,England,39,2023,2023-12-31T14:00:00+00:00,FT,included,cohort_B_rotation_date_order,"events,lineups",pending,pending
140/2023/2024-01-13/543/715,1038146,LaLiga_2023,B,club,Spain,140,2023,2024-01-13T20:00:00+00:00,FT,included,cohort_B_rotation_date_order,"events,lineups",pending,pending
135/2023/2024-01-14/487/867,1052449,SerieA_2023,B,club,Italy,135,2023,2024-01-14T11:30:00+00:00,FT,included,cohort_B_rotation_date_order,"events,lineups",pending,pending
78/2023/2024-02-17/181/172,1049078,Bundesliga_2023,B,club,Germany,78,2023,2024-02-17T14:30:00+00:00,FT,included,cohort_B_rotation_date_order,"events,lineups",pending,pending
61/2023/2024-02-18/91/96,1045072,Ligue1_2023,B,club,France,61,2023,2024-02-18T14:00:00+00:00,FT,included,cohort_B_rotation_date_order,"events,lineups",pending,pending
39/2023/2023-12-31/47/35,1035371,EPL_2023,B,club,England,39,2023,2023-12-31T14:00:00+00:00,FT,included,cohort_B_rotation_date_order,"events,lineups",pending,pending
140/2023/2024-01-14/723/547,1038142,LaLiga_2023,B,club,Spain,140,2023,2024-01-14T13:00:00+00:00,FT,included,cohort_B_rotation_date_order,"events,lineups",pending,pending
135/2023/2024-01-14/490/500,1052444,SerieA_2023,B,club,Italy,135,2023,2024-01-14T14:00:00+00:00,FT,included,cohort_B_rotation_date_order,"events,lineups",pending,pending
78/2023/2024-02-17/173/163,1049070,Bundesliga_2023,B,club,Germany,78,2023,2024-02-17T17:30:00+00:00,FT,included,cohort_B_rotation_date_order,"events,lineups",pending,pending
61/2023/2024-02-18/94/99,1045071,Ligue1_2023,B,club,France,61,2023,2024-02-18T14:00:00+00:00,FT,included,cohort_B_rotation_date_order,"events,lineups",pending,pending
39/2023/2024-01-01/40/34,1035367,EPL_2023,B,club,England,39,2023,2024-01-01T20:00:00+00:00,FT,included,cohort_B_rotation_date_order,"events,lineups",pending,pending
140/2023/2024-01-14/724/532,1038147,LaLiga_2023,B,club,Spain,140,2023,2024-01-14T15:15:00+00:00,FT,included,cohort_B_rotation_date_order,"events,lineups",pending,pending
135/2023/2024-01-14/502/494,1052445,SerieA_2023,B,club,Italy,135,2023,2024-01-14T17:00:00+00:00,FT,included,cohort_B_rotation_date_order,"events,lineups",pending,pending
78/2023/2024-02-18/160/169,1049071,Bundesliga_2023,B,club,Germany,78,2023,2024-02-18T14:30:00+00:00,FT,included,cohort_B_rotation_date_order,"events,lineups",pending,pending
61/2023/2024-02-18/93/116,1045075,Ligue1_2023,B,club,France,61,2023,2024-02-18T16:05:00+00:00,FT,included,cohort_B_rotation_date_order,"events,lineups",pending,pending
39/2023/2024-01-02/48/51,1035372,EPL_2023,B,club,England,39,2023,2024-01-02T19:30:00+00:00,FT,included,cohort_B_rotation_date_order,"events,lineups",pending,pending
140/2023/2024-01-19/542/724,1038154,LaLiga_2023,B,club,Spain,140,2023,2024-01-19T20:00:00+00:00,FT,included,cohort_B_rotation_date_order,"events,lineups",pending,pending
135/2023/2024-01-14/489/497,1052450,SerieA_2023,B,club,Italy,135,2023,2024-01-14T19:45:00+00:00,FT,included,cohort_B_rotation_date_order,"events,lineups",pending,pending
78/2023/2024-02-18/176/157,1049076,Bundesliga_2023,B,club,Germany,78,2023,2024-02-18T16:30:00+00:00,FT,included,cohort_B_rotation_date_order,"events,lineups",pending,pending
61/2023/2024-02-18/106/81,1045078,Ligue1_2023,B,club,France,61,2023,2024-02-18T19:45:00+00:00,FT,included,cohort_B_rotation_date_order,"events,lineups",pending,pending
39/2023/2024-01-12/44/1359,1035378,EPL_2023,B,club,England,39,2023,2024-01-12T19:45:00+00:00,FT,included,cohort_B_rotation_date_order,"events,lineups",pending,pending
140/2023/2024-01-20/728/534,1038161,LaLiga_2023,B,club,Spain,140,2023,2024-01-20T13:00:00+00:00,FT,included,cohort_B_rotation_date_order,"events,lineups",pending,pending
135/2023/2024-01-15/499/512,1052443,SerieA_2023,B,club,Italy,135,2023,2024-01-15T19:45:00+00:00,FT,included,cohort_B_rotation_date_order,"events,lineups",pending,pending
78/2023/2024-02-23/168/164,1049082,Bundesliga_2023,B,club,Germany,78,2023,2024-02-23T19:30:00+00:00,FT,included,cohort_B_rotation_date_order,"events,lineups",pending,pending
61/2023/2024-02-23/112/80,1045087,Ligue1_2023,B,club,France,61,2023,2024-02-23T20:00:00+00:00,FT,included,cohort_B_rotation_date_order,"events,lineups",pending,pending
39/2023/2024-01-13/49/36,1035379,EPL_2023,B,club,England,39,2023,2024-01-13T12:30:00+00:00,FT,included,cohort_B_rotation_date_order,"events,lineups",pending,pending
140/2023/2024-01-20/533/798,1038160,LaLiga_2023,B,club,Spain,140,2023,2024-01-20T15:15:00+00:00,FT,included,cohort_B_rotation_date_order,"events,lineups",pending,pending
135/2023/2024-01-16/496/488,1052448,SerieA_2023,B,club,Italy,135,2023,2024-01-16T19:45:00+00:00,FT,included,cohort_B_rotation_date_order,"events,lineups",pending,pending
78/2023/2024-02-24/162/181,1049085,Bundesliga_2023,B,club,Germany,78,2023,2024-02-24T14:30:00+00:00,FT,included,cohort_B_rotation_date_order,"events,lineups",pending,pending
61/2023/2024-02-24/97/83,1045083,Ligue1_2023,B,club,France,61,2023,2024-02-24T16:00:00+00:00,FT,included,cohort_B_rotation_date_order,"events,lineups",pending,pending
39/2023/2024-01-13/34/50,1035382,EPL_2023,B,club,England,39,2023,2024-01-13T17:30:00+00:00,FT,included,cohort_B_rotation_date_order,"events,lineups",pending,pending
140/2023/2024-01-20/532/531,1038156,LaLiga_2023,B,club,Spain,140,2023,2024-01-20T17:30:00+00:00,FT,included,cohort_B_rotation_date_order,"events,lineups",pending,pending
135/2023/2024-01-20/497/504,1052458,SerieA_2023,B,club,Italy,135,2023,2024-01-20T17:00:00+00:00,FT,included,cohort_B_rotation_date_order,"events,lineups",pending,pending
78/2023/2024-02-24/163/176,1049084,Bundesliga_2023,B,club,Germany,78,2023,2024-02-24T14:30:00+00:00,FT,included,cohort_B_rotation_date_order,"events,lineups",pending,pending
61/2023/2024-02-24/95/106,1045080,Ligue1_2023,B,club,France,61,2023,2024-02-24T20:00:00+00:00,FT,included,cohort_B_rotation_date_order,"events,lineups",pending,pending
39/2023/2024-01-14/45/66,1035380,EPL_2023,B,club,England,39,2023,2024-01-14T14:00:00+00:00,FT,included,cohort_B_rotation_date_order,"events,lineups",pending,pending
140/2023/2024-01-20/538/548,1038152,LaLiga_2023,B,club,Spain,140,2023,2024-01-20T20:00:00+00:00,FT,included,cohort_B_rotation_date_order,"events,lineups",pending,pending
135/2023/2024-01-20/494/489,1052462,SerieA_2023,B,club,Italy,135,2023,2024-01-20T19:45:00+00:00,FT,included,cohort_B_rotation_date_order,"events,lineups",pending,pending
78/2023/2024-02-24/172/192,1049087,Bundesliga_2023,B,club,Germany,78,2023,2024-02-24T14:30:00+00:00,FT,included,cohort_B_rotation_date_order,"events,lineups",pending,pending
61/2023/2024-02-25/116/91,1045085,Ligue1_2023,B,club,France,61,2023,2024-02-25T12:00:00+00:00,FT,included,cohort_B_rotation_date_order,"events,lineups",pending,pending
39/2023/2024-01-14/33/47,1035381,EPL_2023,B,club,England,39,2023,2024-01-14T16:30:00+00:00,FT,included,cohort_B_rotation_date_order,"events,lineups",pending,pending
140/2023/2024-01-21/727/546,1038159,LaLiga_2023,B,club,Spain,140,2023,2024-01-21T13:00:00+00:00,FT,included,cohort_B_rotation_date_order,"events,lineups",pending,pending
135/2023/2024-01-21/512/490,1052455,SerieA_2023,B,club,Italy,135,2023,2024-01-21T11:30:00+00:00,FT,included,cohort_B_rotation_date_order,"events,lineups",pending,pending
78/2023/2024-02-24/182/180,1049081,Bundesliga_2023,B,club,Germany,78,2023,2024-02-24T14:30:00+00:00,FT,included,cohort_B_rotation_date_order,"events,lineups",pending,pending
61/2023/2024-02-25/84/99,1045084,Ligue1_2023,B,club,France,61,2023,2024-02-25T14:00:00+00:00,FT,included,cohort_B_rotation_date_order,"events,lineups",pending,pending
39/2023/2024-01-20/42/52,1035375,EPL_2023,B,club,England,39,2023,2024-01-20T12:30:00+00:00,FT,included,cohort_B_rotation_date_order,"events,lineups",pending,pending
140/2023/2024-01-21/541/723,1038155,LaLiga_2023,B,club,Spain,140,2023,2024-01-21T15:15:00+00:00,FT,included,cohort_B_rotation_date_order,"events,lineups",pending,pending
135/2023/2024-01-21/511/1579,1052454,SerieA_2023,B,club,Italy,135,2023,2024-01-21T14:00:00+00:00,FT,included,cohort_B_rotation_date_order,"events,lineups",pending,pending
78/2023/2024-02-24/157/173,1049079,Bundesliga_2023,B,club,Germany,78,2023,2024-02-24T17:30:00+00:00,FT,included,cohort_B_rotation_date_order,"events,lineups",pending,pending
61/2023/2024-02-25/96/79,1045081,Ligue1_2023,B,club,France,61,2023,2024-02-25T14:00:00+00:00,FT,included,cohort_B_rotation_date_order,"events,lineups",pending,pending
39/2023/2024-01-20/55/65,1035376,EPL_2023,B,club,England,39,2023,2024-01-20T17:30:00+00:00,FT,included,cohort_B_rotation_date_order,"events,lineups",pending,pending
140/2023/2024-01-21/543/529,1038158,LaLiga_2023,B,club,Spain,140,2023,2024-01-21T17:30:00+00:00,FT,included,cohort_B_rotation_date_order,"events,lineups",pending,pending
135/2023/2024-01-21/514/495,1052459,SerieA_2023,B,club,Italy,135,2023,2024-01-21T17:00:00+00:00,FT,included,cohort_B_rotation_date_order,"events,lineups",pending,pending
78/2023/2024-02-25/169/161,1049083,Bundesliga_2023,B,club,Germany,78,2023,2024-02-25T14:30:00+00:00,FT,included,cohort_B_rotation_date_order,"events,lineups",pending,pending
61/2023/2024-02-25/111/93,1045086,Ligue1_2023,B,club,France,61,2023,2024-02-25T14:00:00+00:00,FT,included,cohort_B_rotation_date_order,"events,lineups",pending,pending
39/2023/2024-01-21/62/48,1035383,EPL_2023,B,club,England,39,2023,2024-01-21T14:00:00+00:00,FT,included,cohort_B_rotation_date_order,"events,lineups",pending,pending
140/2023/2024-01-21/547/536,1038153,LaLiga_2023,B,club,Spain,140,2023,2024-01-21T20:00:00+00:00,FT,included,cohort_B_rotation_date_order,"events,lineups",pending,pending
135/2023/2024-01-21/867/496,1052457,SerieA_2023,B,club,Italy,135,2023,2024-01-21T19:45:00+00:00,FT,included,cohort_B_rotation_date_order,"events,lineups",pending,pending
78/2023/2024-02-25/165/167,1049080,Bundesliga_2023,B,club,Germany,78,2023,2024-02-25T16:30:00+00:00,FT,included,cohort_B_rotation_date_order,"events,lineups",pending,pending
61/2023/2024-02-25/85/94,1045079,Ligue1_2023,B,club,France,61,2023,2024-02-25T16:05:00+00:00,FT,included,cohort_B_rotation_date_order,"events,lineups",pending,pending
39/2023/2024-01-21/35/40,1035374,EPL_2023,B,club,England,39,2023,2024-01-21T16:30:00+00:00,FT,included,cohort_B_rotation_date_order,"events,lineups",pending,pending
140/2023/2024-01-22/715/530,1038157,LaLiga_2023,B,club,Spain,140,2023,2024-01-22T20:00:00+00:00,FT,included,cohort_B_rotation_date_order,"events,lineups",pending,pending
135/2023/2024-01-26/490/503,1052464,SerieA_2023,B,club,Italy,135,2023,2024-01-26T19:45:00+00:00,FT,included,cohort_B_rotation_date_order,"events,lineups",pending,pending
78/2023/2024-02-25/170/160,1049086,Bundesliga_2023,B,club,Germany,78,2023,2024-02-25T18:30:00+00:00,FT,included,cohort_B_rotation_date_order,"events,lineups",pending,pending
61/2023/2024-02-25/81/82,1045082,Ligue1_2023,B,club,France,61,2023,2024-02-25T19:45:00+00:00,FT,included,cohort_B_rotation_date_order,"events,lineups",pending,pending
39/2023/2024-01-22/51/39,1035377,EPL_2023,B,club,England,39,2023,2024-01-22T19:45:00+00:00,FT,included,cohort_B_rotation_date_order,"events,lineups",pending,pending
140/2023/2024-01-26/723/542,1038171,LaLiga_2023,B,club,Spain,140,2023,2024-01-26T20:00:00+00:00,FT,included,cohort_B_rotation_date_order,"events,lineups",pending,pending
135/2023/2024-01-27/499/494,1052463,SerieA_2023,B,club,Italy,135,2023,2024-01-27T14:00:00+00:00,FT,included,cohort_B_rotation_date_order,"events,lineups",pending,pending
78/2023/2024-03-01/160/157,1049089,Bundesliga_2023,B,club,Germany,78,2023,2024-03-01T19:30:00+00:00,FT,included,cohort_B_rotation_date_order,"events,lineups",pending,pending
61/2023/2024-03-01/91/85,1045090,Ligue1_2023,B,club,France,61,2023,2024-03-01T20:00:00+00:00,FT,included,cohort_B_rotation_date_order,"events,lineups",pending,pending
39/2023/2024-01-30/65/42,1035387,EPL_2023,B,club,England,39,2023,2024-01-30T19:30:00+00:00,FT,included,cohort_B_rotation_date_order,"events,lineups",pending,pending
140/2023/2024-01-27/548/728,1038170,LaLiga_2023,B,club,Spain,140,2023,2024-01-27T13:00:00+00:00,FT,included,cohort_B_rotation_date_order,"events,lineups",pending,pending
135/2023/2024-01-27/496/511,1052468,SerieA_2023,B,club,Italy,135,2023,2024-01-27T17:00:00+00:00,FT,included,cohort_B_rotation_date_order,"events,lineups",pending,pending
78/2023/2024-03-02/164/163,1049091,Bundesliga_2023,B,club,Germany,78,2023,2024-03-02T14:30:00+00:00,FT,included,cohort_B_rotation_date_order,"events,lineups",pending,pending
61/2023/2024-03-02/93/79,1045093,Ligue1_2023,B,club,France,61,2023,2024-03-02T16:00:00+00:00,FT,included,cohort_B_rotation_date_order,"events,lineups",pending,pending
39/2023/2024-01-30/36/45,1035385,EPL_2023,B,club,England,39,2023,2024-01-30T19:45:00+00:00,FT,included,cohort_B_rotation_date_order,"events,lineups",pending,pending
140/2023/2024-01-27/534/541,1038166,LaLiga_2023,B,club,Spain,140,2023,2024-01-27T15:15:00+00:00,FT,included,cohort_B_rotation_date_order,"events,lineups",pending,pending
135/2023/2024-01-27/489/500,1052470,SerieA_2023,B,club,Italy,135,2023,2024-01-27T19:45:00+00:00,FT,included,cohort_B_rotation_date_order,"events,lineups",pending,pending
78/2023/2024-03-02/176/173,1049094,Bundesliga_2023,B,club,Germany,78,2023,2024-03-02T14:30:00+00:00,FT,included,cohort_B_rotation_date_order,"events,lineups",pending,pending
61/2023/2024-03-02/99/81,1045092,Ligue1_2023,B,club,France,61,2023,2024-03-02T20:00:00+00:00,FT,included,cohort_B_rotation_date_order,"events,lineups",pending,pending
39/2023/2024-01-30/1359/51,1035386,EPL_2023,B,club,England,39,2023,2024-01-30T19:45:00+00:00,FT,included,cohort_B_rotation_date_order,"events,lineups",pending,pending
140/2023/2024-01-27/529/533,1038163,LaLiga_2023,B,club,Spain,140,2023,2024-01-27T17:30:00+00:00,FT,included,cohort_B_rotation_date_order,"events,lineups",pending,pending
135/2023/2024-01-28/495/867,1052466,SerieA_2023,B,club,Italy,135,2023,2024-01-28T11:30:00+00:00,FT,included,cohort_B_rotation_date_order,"events,lineups",pending,pending
78/2023/2024-03-02/180/169,1049095,Bundesliga_2023,B,club,Germany,78,2023,2024-03-02T14:30:00+00:00,FT,included,cohort_B_rotation_date_order,"events,lineups",pending,pending
61/2023/2024-03-03/96/84,1045089,Ligue1_2023,B,club,France,61,2023,2024-03-03T12:00:00+00:00,FT,included,cohort_B_rotation_date_order,"events,lineups",pending,pending
39/2023/2024-01-30/52/62,1035391,EPL_2023,B,club,England,39,2023,2024-01-30T20:00:00+00:00,FT,included,cohort_B_rotation_date_order,"events,lineups",pending,pending
140/2023/2024-01-27/798/543,1038168,LaLiga_2023,B,club,Spain,140,2023,2024-01-27T20:00:00+00:00,FT,included,cohort_B_rotation_date_order,"events,lineups",pending,pending
135/2023/2024-01-28/504/512,1052467,SerieA_2023,B,club,Italy,135,2023,2024-01-28T14:00:00+00:00,FT,included,cohort_B_rotation_date_order,"events,lineups",pending,pending
78/2023/2024-03-02/181/170,1049096,Bundesliga_2023,B,club,Germany,78,2023,2024-03-02T14:30:00+00:00,FT,included,cohort_B_rotation_date_order,"events,lineups",pending,pending
61/2023/2024-03-03/82/95,1045095,Ligue1_2023,B,club,France,61,2023,2024-03-03T14:00:00+00:00,FT,included,cohort_B_rotation_date_order,"events,lineups",pending,pending
39/2023/2024-01-30/66/34,1035384,EPL_2023,B,club,England,39,2023,2024-01-30T20:15:00+00:00,FT,included,cohort_B_rotation_date_order,"events,lineups",pending,pending
140/2023/2024-01-28/538/547,1038164,LaLiga_2023,B,club,Spain,140,2023,2024-01-28T13:00:00+00:00,FT,included,cohort_B_rotation_date_order,"events,lineups",pending,pending
135/2023/2024-01-28/1579/488,1052471,SerieA_2023,B,club,Italy,135,2023,2024-01-28T14:00:00+00:00,FT,included,cohort_B_rotation_date_order,"events,lineups",pending,pending
78/2023/2024-03-02/182/165,1049088,Bundesliga_2023,B,club,Germany,78,2023,2024-03-02T14:30:00+00:00,FT,included,cohort_B_rotation_date_order,"events,lineups",pending,pending
61/2023/2024-03-03/83/112,1045094,Ligue1_2023,B,club,France,61,2023,2024-03-03T14:00:00+00:00,FT,included,cohort_B_rotation_date_order,"events,lineups",pending,pending
39/2023/2024-01-31/47/55,1035388,EPL_2023,B,club,England,39,2023,2024-01-31T19:30:00+00:00,FT,included,cohort_B_rotation_date_order,"events,lineups",pending,pending
140/2023/2024-01-28/724/531,1038167,LaLiga_2023,B,club,Spain,140,2023,2024-01-28T15:15:00+00:00,FT,included,cohort_B_rotation_date_order,"events,lineups",pending,pending
135/2023/2024-01-28/487/492,1052469,SerieA_2023,B,club,Italy,135,2023,2024-01-28T17:00:00+00:00,FT,included,cohort_B_rotation_date_order,"events,lineups",pending,pending
78/2023/2024-03-02/161/172,1049090,Bundesliga_2023,B,club,Germany,78,2023,2024-03-02T17:30:00+00:00,FT,included,cohort_B_rotation_date_order,"events,lineups",pending,pending
61/2023/2024-03-03/106/111,1045096,Ligue1_2023,B,club,France,61,2023,2024-03-03T14:00:00+00:00,FT,included,cohort_B_rotation_date_order,"events,lineups",pending,pending
39/2023/2024-01-31/50/44,1035393,EPL_2023,B,club,England,39,2023,2024-01-31T19:30:00+00:00,FT,included,cohort_B_rotation_date_order,"events,lineups",pending,pending
140/2023/2024-01-28/536/727,1038169,LaLiga_2023,B,club,Spain,140,2023,2024-01-28T17:30:00+00:00,FT,included,cohort_B_rotation_date_order,"events,lineups",pending,pending
135/2023/2024-01-28/502/505,1052465,SerieA_2023,B,club,Italy,135,2023,2024-01-28T19:45:00+00:00,FT,included,cohort_B_rotation_date_order,"events,lineups",pending,pending
78/2023/2024-03-03/192/168,1049092,Bundesliga_2023,B,club,Germany,78,2023,2024-03-03T14:30:00+00:00,FT,included,cohort_B_rotation_date_order,"events,lineups",pending,pending
61/2023/2024-03-03/94/97,1045088,Ligue1_2023,B,club,France,61,2023,2024-03-03T16:05:00+00:00,FT,included,cohort_B_rotation_date_order,"events,lineups",pending,pending
39/2023/2024-01-31/40/49,1035392,EPL_2023,B,club,England,39,2023,2024-01-31T20:15:00+00:00,FT,included,cohort_B_rotation_date_order,"events,lineups",pending,pending
140/2023/2024-01-28/530/532,1038162,LaLiga_2023,B,club,Spain,140,2023,2024-01-28T20:00:00+00:00,FT,included,cohort_B_rotation_date_order,"events,lineups",pending,pending
135/2023/2024-01-29/514/497,1052472,SerieA_2023,B,club,Italy,135,2023,2024-01-29T19:45:00+00:00,FT,included,cohort_B_rotation_date_order,"events,lineups",pending,pending
78/2023/2024-03-03/167/162,1049093,Bundesliga_2023,B,club,Germany,78,2023,2024-03-03T16:30:00+00:00,FT,included,cohort_B_rotation_date_order,"events,lineups",pending,pending
61/2023/2024-03-03/80/116,1045091,Ligue1_2023,B,club,France,61,2023,2024-03-03T19:45:00+00:00,FT,included,cohort_B_rotation_date_order,"events,lineups",pending,pending
39/2023/2024-02-01/48/35,1035389,EPL_2023,B,club,England,39,2023,2024-02-01T19:30:00+00:00,FT,included,cohort_B_rotation_date_order,"events,lineups",pending,pending
140/2023/2024-01-29/546/715,1038165,LaLiga_2023,B,club,Spain,140,2023,2024-01-29T20:00:00+00:00,FT,included,cohort_B_rotation_date_order,"events,lineups",pending,pending
135/2023/2024-02-02/867/502,1052478,SerieA_2023,B,club,Italy,135,2023,2024-02-02T19:45:00+00:00,FT,included,cohort_B_rotation_date_order,"events,lineups",pending,pending
78/2023/2024-03-08/172/182,1049105,Bundesliga_2023,B,club,Germany,78,2023,2024-03-08T19:30:00+00:00,FT,included,cohort_B_rotation_date_order,"events,lineups",pending,pending
61/2023/2024-03-08/84/82,1045102,Ligue1_2023,B,club,France,61,2023,2024-03-08T20:00:00+00:00,FT,included,cohort_B_rotation_date_order,"events,lineups",pending,pending
39/2023/2024-02-01/39/33,1035390,EPL_2023,B,club,England,39,2023,2024-02-01T20:15:00+00:00,FT,included,cohort_B_rotation_date_order,"events,lineups",pending,pending
140/2023/2024-01-31/529/727,1038145,LaLiga_2023,B,club,Spain,140,2023,2024-01-31T18:00:00+00:00,FT,included,cohort_B_rotation_date_order,"events,lineups",pending,pending
135/2023/2024-02-03/494/1579,1052482,SerieA_2023,B,club,Italy,135,2023,2024-02-03T14:00:00+00:00,FT,included,cohort_B_rotation_date_order,"events,lineups",pending,pending
78/2023/2024-03-09/157/164,1049097,Bundesliga_2023,B,club,Germany,78,2023,2024-03-09T14:30:00+00:00,FT,included,cohort_B_rotation_date_order,"events,lineups",pending,pending
61/2023/2024-03-09/97/80,1045100,Ligue1_2023,B,club,France,61,2023,2024-03-09T16:00:00+00:00,FT,included,cohort_B_rotation_date_order,"events,lineups",pending,pending
39/2023/2024-02-03/45/47,1035400,EPL_2023,B,club,England,39,2023,2024-02-03T12:30:00+00:00,FT,included,cohort_B_rotation_date_order,"events,lineups",pending,pending
140/2023/2024-01-31/530/728,1038144,LaLiga_2023,B,club,Spain,140,2023,2024-01-31T20:00:00+00:00,FT,included,cohort_B_rotation_date_order,"events,lineups",pending,pending
135/2023/2024-02-03/511/495,1052475,SerieA_2023,B,club,Italy,135,2023,2024-02-03T14:00:00+00:00,FT,included,cohort_B_rotation_date_order,"events,lineups",pending,pending
78/2023/2024-03-09/163/192,1049101,Bundesliga_2023,B,club,Germany,78,2023,2024-03-09T14:30:00+00:00,FT,included,cohort_B_rotation_date_order,"events,lineups",pending,pending
61/2023/2024-03-09/116/106,1045103,Ligue1_2023,B,club,France,61,2023,2024-03-09T20:00:00+00:00,FT,included,cohort_B_rotation_date_order,"events,lineups",pending,pending
39/2023/2024-02-03/34/1359,1035402,EPL_2023,B,club,England,39,2023,2024-02-03T15:00:00+00:00,FT,included,cohort_B_rotation_date_order,"events,lineups",pending,pending
140/2023/2024-02-01/546/541,1038148,LaLiga_2023,B,club,Spain,140,2023,2024-02-01T20:00:00+00:00,FT,included,cohort_B_rotation_date_order,"events,lineups",pending,pending
135/2023/2024-02-03/512/489,1052476,SerieA_2023,B,club,Italy,135,2023,2024-02-03T17:00:00+00:00,FT,included,cohort_B_rotation_date_order,"events,lineups",pending,pending
78/2023/2024-03-09/170/180,1049104,Bundesliga_2023,B,club,Germany,78,2023,2024-03-09T14:30:00+00:00,FT,included,cohort_B_rotation_date_order,"events,lineups",pending,pending
61/2023/2024-03-10/85/93,1045097,Ligue1_2023,B,club,France,61,2023,2024-03-10T12:00:00+00:00,FT,included,cohort_B_rotation_date_order,"events,lineups",pending,pending
39/2023/2024-02-03/44/36,1035398,EPL_2023,B,club,England,39,2023,2024-02-03T15:00:00+00:00,FT,included,cohort_B_rotation_date_order,"events,lineups",pending,pending
140/2023/2024-02-02/531/798,1038172,LaLiga_2023,B,club,Spain,140,2023,2024-02-02T20:00:00+00:00,FT,included,cohort_B_rotation_date_order,"events,lineups",pending,pending
135/2023/2024-02-03/500/488,1052474,SerieA_2023,B,club,Italy,135,2023,2024-02-03T19:45:00+00:00,FT,included,cohort_B_rotation_date_order,"events,lineups",pending,pending
78/2023/2024-03-09/173/181,1049098,Bundesliga_2023,B,club,Germany,78,2023,2024-03-09T14:30:00+00:00,FT,included,cohort_B_rotation_date_order,"events,lineups",pending,pending
61/2023/2024-03-10/95/91,1045098,Ligue1_2023,B,club,France,61,2023,2024-03-10T14:00:00+00:00,FT,included,cohort_B_rotation_date_order,"events,lineups",pending,pending
39/2023/2024-02-03/51/52,1035397,EPL_2023,B,club,England,39,2023,2024-02-03T15:00:00+00:00,FT,included,cohort_B_rotation_date_order,"events,lineups",pending,pending
140/2023/2024-02-03/532/723,1038178,LaLiga_2023,B,club,Spain,140,2023,2024-02-03T13:00:00+00:00,FT,included,cohort_B_rotation_date_order,"events,lineups",pending,pending
135/2023/2024-02-04/503/514,1052481,SerieA_2023,B,club,Italy,135,2023,2024-02-04T11:30:00+00:00,FT,included,cohort_B_rotation_date_order,"events,lineups",pending,pending
78/2023/2024-03-09/162/165,1049102,Bundesliga_2023,B,club,Germany,78,2023,2024-03-09T17:30:00+00:00,FT,included,cohort_B_rotation_date_order,"events,lineups",pending,pending
61/2023/2024-03-10/111/96,1045104,Ligue1_2023,B,club,France,61,2023,2024-03-10T14:00:00+00:00,FT,included,cohort_B_rotation_date_order,"events,lineups",pending,pending
39/2023/2024-02-03/62/66,1035403,EPL_2023,B,club,England,39,2023,2024-02-03T17:30:00+00:00,FT,included,cohort_B_rotation_date_order,"events,lineups",pending,pending
140/2023/2024-02-03/715/534,1038176,LaLiga_2023,B,club,Spain,140,2023,2024-02-03T15:15:00+00:00,FT,included,cohort_B_rotation_date_order,"events,lineups",pending,pending
135/2023/2024-02-04/492/504,1052479,SerieA_2023,B,club,Italy,135,2023,2024-02-04T14:00:00+00:00,FT,included,cohort_B_rotation_date_order,"events,lineups",pending,pending
78/2023/2024-03-10/176/160,1049103,Bundesliga_2023,B,club,Germany,78,2023,2024-03-10T14:30:00+00:00,FT,included,cohort_B_rotation_date_order,"events,lineups",pending,pending
61/2023/2024-03-10/112/99,1045105,Ligue1_2023,B,club,France,61,2023,2024-03-10T14:00:00+00:00,FT,included,cohort_B_rotation_date_order,"events,lineups",pending,pending
39/2023/2024-02-04/33/48,1035401,EPL_2023,B,club,England,39,2023,2024-02-04T14:00:00+00:00,FT,included,cohort_B_rotation_date_order,"events,lineups",pending,pending
140/2023/2024-02-03/542/529,1038177,LaLiga_2023,B,club,Spain,140,2023,2024-02-03T17:30:00+00:00,FT,included,cohort_B_rotation_date_order,"events,lineups",pending,pending
135/2023/2024-02-04/499/487,1052473,SerieA_2023,B,club,Italy,135,2023,2024-02-04T17:00:00+00:00,FT,included,cohort_B_rotation_date_order,"events,lineups",pending,pending
78/2023/2024-03-10/169/167,1049100,Bundesliga_2023,B,club,Germany,78,2023,2024-03-10T16:30:00+00:00,FT,included,cohort_B_rotation_date_order,"events,lineups",pending,pending
61/2023/2024-03-10/79/94,1045101,Ligue1_2023,B,club,France,61,2023,2024-03-10T16:05:00+00:00,FT,included,cohort_B_rotation_date_order,"events,lineups",pending,pending
39/2023/2024-02-04/35/65,1035394,EPL_2023,B,club,England,39,2023,2024-02-04T14:00:00+00:00,FT,included,cohort_B_rotation_date_order,"events,lineups",pending,pending
140/2023/2024-02-03/547/548,1038174,LaLiga_2023,B,club,Spain,140,2023,2024-02-03T20:00:00+00:00,FT,included,cohort_B_rotation_date_order,"events,lineups",pending,pending
135/2023/2024-02-04/505/496,1052477,SerieA_2023,B,club,Italy,135,2023,2024-02-04T19:45:00+00:00,FT,included,cohort_B_rotation_date_order,"events,lineups",pending,pending
78/2023/2024-03-10/168/161,1049099,Bundesliga_2023,B,club,Germany,78,2023,2024-03-10T18:30:00+00:00,FT,included,cohort_B_rotation_date_order,"events,lineups",pending,pending
61/2023/2024-03-10/81/83,1045099,Ligue1_2023,B,club,France,61,2023,2024-03-10T19:45:00+00:00,FT,included,cohort_B_rotation_date_order,"events,lineups",pending,pending
39/2023/2024-02-04/49/39,1035399,EPL_2023,B,club,England,39,2023,2024-02-04T14:00:00+00:00,FT,included,cohort_B_rotation_date_order,"events,lineups",pending,pending
140/2023/2024-02-04/533/724,1038180,LaLiga_2023,B,club,Spain,140,2023,2024-02-04T13:00:00+00:00,FT,included,cohort_B_rotation_date_order,"events,lineups",pending,pending
135/2023/2024-02-05/497/490,1052480,SerieA_2023,B,club,Italy,135,2023,2024-02-05T19:45:00+00:00,FT,included,cohort_B_rotation_date_order,"events,lineups",pending,pending
78/2023/2024-03-15/192/173,1049111,Bundesliga_2023,B,club,Germany,78,2023,2024-03-15T19:30:00+00:00,FT,included,cohort_B_rotation_date_order,"events,lineups",pending,pending
61/2023/2024-03-15/96/80,1045107,Ligue1_2023,B,club,France,61,2023,2024-03-15T20:00:00+00:00,FT,included,cohort_B_rotation_date_order,"events,lineups",pending,pending
39/2023/2024-02-04/42/40,1035395,EPL_2023,B,club,England,39,2023,2024-02-04T16:30:00+00:00,FT,included,cohort_B_rotation_date_order,"events,lineups",pending,pending
140/2023/2024-02-04/727/538,1038181,LaLiga_2023,B,club,Spain,140,2023,2024-02-04T15:15:00+00:00,FT,included,cohort_B_rotation_date_order,"events,lineups",pending,pending
135/2023/2024-02-09/514/511,1052491,SerieA_2023,B,club,Italy,135,2023,2024-02-09T19:45:00+00:00,FT,included,cohort_B_rotation_date_order,"events,lineups",pending,pending
78/2023/2024-03-16/161/170,1049109,Bundesliga_2023,B,club,Germany,78,2023,2024-03-16T14:30:00+00:00,FT,included,cohort_B_rotation_date_order,"events,lineups",pending,pending
61/2023/2024-03-16/83/95,1045112,Ligue1_2023,B,club,France,61,2023,2024-03-16T16:00:00+00:00,FT,included,cohort_B_rotation_date_order,"events,lineups",pending,pending
39/2023/2024-02-05/55/50,1035396,EPL_2023,B,club,England,39,2023,2024-02-05T20:00:00+00:00,FT,included,cohort_B_rotation_date_order,"events,lineups",pending,pending
140/2023/2024-02-04/543/546,1038173,LaLiga_2023,B,club,Spain,140,2023,2024-02-04T17:30:00+00:00,FT,included,cohort_B_rotation_date_order,"events,lineups",pending,pending
135/2023/2024-02-10/490/487,1052484,SerieA_2023,B,club,Italy,135,2023,2024-02-10T14:00:00+00:00,FT,included,cohort_B_rotation_date_order,"events,lineups",pending,pending
78/2023/2024-03-16/164/176,1049110,Bundesliga_2023,B,club,Germany,78,2023,2024-03-16T14:30:00+00:00,FT,included,cohort_B_rotation_date_order,"events,lineups",pending,pending
61/2023/2024-03-16/116/84,1045111,Ligue1_2023,B,club,France,61,2023,2024-03-16T20:00:00+00:00,FT,included,cohort_B_rotation_date_order,"events,lineups",pending,pending
39/2023/2024-02-10/50/45,1035409,EPL_2023,B,club,England,39,2023,2024-02-10T12:30:00+00:00,FT,included,cohort_B_rotation_date_order,"events,lineups",pending,pending
140/2023/2024-02-04/541/530,1038179,LaLiga_2023,B,club,Spain,140,2023,2024-02-04T20:00:00+00:00,FT,included,cohort_B_rotation_date_order,"events,lineups",pending,pending
135/2023/2024-02-10/497/505,1052490,SerieA_2023,B,club,Italy,135,2023,2024-02-10T17:00:00+00:00,FT,included,cohort_B_rotation_date_order,"events,lineups",pending,pending
78/2023/2024-03-16/180/163,1049113,Bundesliga_2023,B,club,Germany,78,2023,2024-03-16T14:30:00+00:00,FT,included,cohort_B_rotation_date_order,"events,lineups",pending,pending
61/2023/2024-03-17/106/79,1045114,Ligue1_2023,B,club,France,61,2023,2024-03-17T12:00:00+00:00,FT,included,cohort_B_rotation_date_order,"events,lineups",pending,pending
39/2023/2024-02-10/36/35,1035406,EPL_2023,B,club,England,39,2023,2024-02-10T15:00:00+00:00,FT,included,cohort_B_rotation_date_order,"events,lineups",pending,pending
140/2023/2024-02-05/728/536,1038175,LaLiga_2023,B,club,Spain,140,2023,2024-02-05T20:00:00+00:00,FT,included,cohort_B_rotation_date_order,"events,lineups",pending,pending
135/2023/2024-02-10/488/503,1052492,SerieA_2023,B,club,Italy,135,2023,2024-02-10T19:45:00+00:00,FT,included,cohort_B_rotation_date_order,"events,lineups",pending,pending
78/2023/2024-03-16/181/157,1049114,Bundesliga_2023,B,club,Germany,78,2023,2024-03-16T14:30:00+00:00,FT,included,cohort_B_rotation_date_order,"events,lineups",pending,pending
61/2023/2024-03-17/91/97,1045108,Ligue1_2023,B,club,France,61,2023,2024-03-17T14:00:00+00:00,FT,included,cohort_B_rotation_date_order,"events,lineups",pending,pending
39/2023/2024-02-10/39/55,1035413,EPL_2023,B,club,England,39,2023,2024-02-10T15:00:00+00:00,FT,included,cohort_B_rotation_date_order,"events,lineups",pending,pending
140/2023/2024-02-09/724/543,1038188,LaLiga_2023,B,club,Spain,140,2023,2024-02-09T20:00:00+00:00,FT,included,cohort_B_rotation_date_order,"events,lineups",pending,pending
135/2023/2024-02-11/502/512,1052485,SerieA_2023,B,club,Italy,135,2023,2024-02-11T11:30:00+00:00,FT,included,cohort_B_rotation_date_order,"events,lineups",pending,pending
78/2023/2024-03-16/182/162,1049107,Bundesliga_2023,B,club,Germany,78,2023,2024-03-16T14:30:00+00:00,FT,included,cohort_B_rotation_date_order,"events,lineups",pending,pending
61/2023/2024-03-17/93/112,1045110,Ligue1_2023,B,club,France,61,2023,2024-03-17T14:00:00+00:00,FT,included,cohort_B_rotation_date_order,"events,lineups",pending,pending
39/2023/2024-02-10/40/44,1035407,EPL_2023,B,club,England,39,2023,2024-02-10T15:00:00+00:00,FT,included,cohort_B_rotation_date_order,"events,lineups",pending,pending
140/2023/2024-02-10/542/533,1038186,LaLiga_2023,B,club,Spain,140,2023,2024-02-10T13:00:00+00:00,FT,included,cohort_B_rotation_date_order,"events,lineups",pending,pending
135/2023/2024-02-11/500/867,1052483,SerieA_2023,B,club,Italy,135,2023,2024-02-11T14:00:00+00:00,FT,included,cohort_B_rotation_date_order,"events,lineups",pending,pending
78/2023/2024-03-16/167/172,1049112,Bundesliga_2023,B,club,Germany,78,2023,2024-03-16T17:30:00+00:00,FT,included,cohort_B_rotation_date_order,"events,lineups",pending,pending
61/2023/2024-03-17/99/111,1045109,Ligue1_2023,B,club,France,61,2023,2024-03-17T14:00:00+00:00,FT,included,cohort_B_rotation_date_order,"events,lineups",pending,pending
39/2023/2024-02-10/47/51,1035411,EPL_2023,B,club,England,39,2023,2024-02-10T15:00:00+00:00,FT,included,cohort_B_rotation_date_order,"events,lineups",pending,pending
140/2023/2024-02-10/548/727,1038191,LaLiga_2023,B,club,Spain,140,2023,2024-02-10T15:15:00+00:00,FT,included,cohort_B_rotation_date_order,"events,lineups",pending,pending
135/2023/2024-02-11/1579/504,1052489,SerieA_2023,B,club,Italy,135,2023,2024-02-11T14:00:00+00:00,FT,included,cohort_B_rotation_date_order,"events,lineups",pending,pending
78/2023/2024-03-17/160/168,1049108,Bundesliga_2023,B,club,Germany,78,2023,2024-03-17T14:30:00+00:00,FT,included,cohort_B_rotation_date_order,"events,lineups",pending,pending
61/2023/2024-03-17/94/81,1045106,Ligue1_2023,B,club,France,61,2023,2024-03-17T16:05:00+00:00,FT,included,cohort_B_rotation_date_order,"events,lineups",pending,pending
39/2023/2024-02-10/1359/62,1035408,EPL_2023,B,club,England,39,2023,2024-02-10T15:00:00+00:00,FT,included,cohort_B_rotation_date_order,"events,lineups",pending,pending
140/2023/2024-02-10/541/547,1038190,LaLiga_2023,B,club,Spain,140,2023,2024-02-10T17:30:00+00:00,FT,included,cohort_B_rotation_date_order,"events,lineups",pending,pending
135/2023/2024-02-11/495/499,1052486,SerieA_2023,B,club,Italy,135,2023,2024-02-11T17:00:00+00:00,FT,included,cohort_B_rotation_date_order,"events,lineups",pending,pending
78/2023/2024-03-17/165/169,1049106,Bundesliga_2023,B,club,Germany,78,2023,2024-03-17T16:30:00+00:00,FT,included,cohort_B_rotation_date_order,"events,lineups",pending,pending
61/2023/2024-03-17/82/85,1045113,Ligue1_2023,B,club,France,61,2023,2024-03-17T19:45:00+00:00,FT,included,cohort_B_rotation_date_order,"events,lineups",pending,pending
39/2023/2024-02-10/65/34,1035410,EPL_2023,B,club,England,39,2023,2024-02-10T17:30:00+00:00,FT,included,cohort_B_rotation_date_order,"events,lineups",pending,pending
140/2023/2024-02-10/534/532,1038185,LaLiga_2023,B,club,Spain,140,2023,2024-02-10T20:00:00+00:00,FT,included,cohort_B_rotation_date_order,"events,lineups",pending,pending
135/2023/2024-02-11/489/492,1052488,SerieA_2023,B,club,Italy,135,2023,2024-02-11T19:45:00+00:00,FT,included,cohort_B_rotation_date_order,"events,lineups",pending,pending
78/2023/2024-03-30/162/161,1049120,Bundesliga_2023,B,club,Germany,78,2023,2024-03-30T14:30:00+00:00,FT,included,cohort_B_rotation_date_order,"events,lineups",pending,pending
61/2023/2024-03-29/79/116,1045118,Ligue1_2023,B,club,France,61,2023,2024-03-29T20:00:00+00:00,FT,included,cohort_B_rotation_date_order,"events,lineups",pending,pending
39/2023/2024-02-11/48/42,1035412,EPL_2023,B,club,England,39,2023,2024-02-11T14:00:00+00:00,FT,included,cohort_B_rotation_date_order,"events,lineups",pending,pending
140/2023/2024-02-11/546/538,1038189,LaLiga_2023,B,club,Spain,140,2023,2024-02-11T13:00:00+00:00,FT,included,cohort_B_rotation_date_order,"events,lineups",pending,pending
135/2023/2024-02-12/496/494,1052487,SerieA_2023,B,club,Italy,135,2023,2024-02-12T19:45:00+00:00,FT,included,cohort_B_rotation_date_order,"events,lineups",pending,pending
78/2023/2024-03-30/163/160,1049119,Bundesliga_2023,B,club,Germany,78,2023,2024-03-30T14:30:00+00:00,FT,included,cohort_B_rotation_date_order,"events,lineups",pending,pending
61/2023/2024-03-30/112/91,1045123,Ligue1_2023,B,club,France,61,2023,2024-03-30T16:00:00+00:00,FT,included,cohort_B_rotation_date_order,"events,lineups",pending,pending
39/2023/2024-02-11/66/33,1035404,EPL_2023,B,club,England,39,2023,2024-02-11T16:30:00+00:00,FT,included,cohort_B_rotation_date_order,"events,lineups",pending,pending
140/2023/2024-02-11/798/728,1038184,LaLiga_2023,B,club,Spain,140,2023,2024-02-11T15:15:00+00:00,FT,included,cohort_B_rotation_date_order,"events,lineups",pending,pending
135/2023/2024-02-14/500/502,1052453,SerieA_2023,B,club,Italy,135,2023,2024-02-14T18:00:00+00:00,FT,included,cohort_B_rotation_date_order,"events,lineups",pending,pending
78/2023/2024-03-30/168/167,1049117,Bundesliga_2023,B,club,Germany,78,2023,2024-03-30T14:30:00+00:00,FT,included,cohort_B_rotation_date_order,"events,lineups",pending,pending
61/2023/2024-03-30/80/93,1045119,Ligue1_2023,B,club,France,61,2023,2024-03-30T20:00:00+00:00,FT,included,cohort_B_rotation_date_order,"events,lineups",pending,pending
39/2023/2024-02-12/52/49,1035405,EPL_2023,B,club,England,39,2023,2024-02-12T20:00:00+00:00,FT,included,cohort_B_rotation_date_order,"events,lineups",pending,pending
140/2023/2024-02-11/536/530,1038187,LaLiga_2023,B,club,Spain,140,2023,2024-02-11T17:30:00+00:00,FT,included,cohort_B_rotation_date_order,"events,lineups",pending,pending
135/2023/2024-02-16/503/867,1052501,SerieA_2023,B,club,Italy,135,2023,2024-02-16T18:00:00+00:00,FT,included,cohort_B_rotation_date_order,"events,lineups",pending,pending
78/2023/2024-03-30/169/182,1049118,Bundesliga_2023,B,club,Germany,78,2023,2024-03-30T14:30:00+00:00,FT,included,cohort_B_rotation_date_order,"events,lineups",pending,pending
61/2023/2024-03-31/97/106,1045117,Ligue1_2023,B,club,France,61,2023,2024-03-31T11:00:00+00:00,FT,included,cohort_B_rotation_date_order,"events,lineups",pending,pending
39/2023/2024-02-17/55/40,1035414,EPL_2023,B,club,England,39,2023,2024-02-17T12:30:00+00:00,FT,included,cohort_B_rotation_date_order,"events,lineups",pending,pending
140/2023/2024-02-11/529/715,1038183,LaLiga_2023,B,club,Spain,140,2023,2024-02-11T20:00:00+00:00,FT,included,cohort_B_rotation_date_order,"events,lineups",pending,pending
135/2023/2024-02-16/505/514,1052497,SerieA_2023,B,club,Italy,135,2023,2024-02-16T20:00:00+00:00,FT,included,cohort_B_rotation_date_order,"events,lineups",pending,pending
78/2023/2024-03-30/173/164,1049116,Bundesliga_2023,B,club,Germany,78,2023,2024-03-30T14:30:00+00:00,FT,included,cohort_B_rotation_date_order,"events,lineups",pending,pending
61/2023/2024-03-31/84/83,1045120,Ligue1_2023,B,club,France,61,2023,2024-03-31T13:00:00+00:00,FT,included,cohort_B_rotation_date_order,"events,lineups",pending,pending
39/2023/2024-02-17/34/35,1035420,EPL_2023,B,club,England,39,2023,2024-02-17T15:00:00+00:00,FT,included,cohort_B_rotation_date_order,"events,lineups",pending,pending
140/2023/2024-02-12/723/531,1038182,LaLiga_2023,B,club,Spain,140,2023,2024-02-12T20:00:00+00:00,FT,included,cohort_B_rotation_date_order,"events,lineups",pending,pending
135/2023/2024-02-17/492/495,1052500,SerieA_2023,B,club,Italy,135,2023,2024-02-17T14:00:00+00:00,FT,included,cohort_B_rotation_date_order,"events,lineups",pending,pending
78/2023/2024-03-30/157/165,1049115,Bundesliga_2023,B,club,Germany,78,2023,2024-03-30T17:30:00+00:00,FT,included,cohort_B_rotation_date_order,"events,lineups",pending,pending
61/2023/2024-03-31/99/96,1045121,Ligue1_2023,B,club,France,61,2023,2024-03-31T13:00:00+00:00,FT,included,cohort_B_rotation_date_order,"events,lineups",pending,pending
39/2023/2024-02-17/36/66,1035417,EPL_2023,B,club,England,39,2023,2024-02-17T15:00:00+00:00,FT,included,cohort_B_rotation_date_order,"events,lineups",pending,pending
140/2023/2024-02-16/533/546,1038199,LaLiga_2023,B,club,Spain,140,2023,2024-02-16T20:00:00+00:00,FT,included,cohort_B_rotation_date_order,"events,lineups",pending,pending
135/2023/2024-02-17/504/496,1052496,SerieA_2023,B,club,Italy,135,2023,2024-02-17T17:00:00+00:00,FT,included,cohort_B_rotation_date_order,"events,lineups",pending,pending
78/2023/2024-03-31/170/192,1049122,Bundesliga_2023,B,club,Germany,78,2023,2024-03-31T13:30:00+00:00,FT,included,cohort_B_rotation_date_order,"events,lineups",pending,pending
61/2023/2024-03-31/111/82,1045122,Ligue1_2023,B,club,France,61,2023,2024-03-31T13:00:00+00:00,FT,included,cohort_B_rotation_date_order,"events,lineups",pending,pending
39/2023/2024-02-17/44/42,1035415,EPL_2023,B,club,England,39,2023,2024-02-17T15:00:00+00:00,FT,included,cohort_B_rotation_date_order,"events,lineups",pending,pending
140/2023/2024-02-17/530/534,1038193,LaLiga_2023,B,club,Spain,140,2023,2024-02-17T13:00:00+00:00,FT,included,cohort_B_rotation_date_order,"events,lineups",pending,pending
135/2023/2024-02-17/499/488,1052493,SerieA_2023,B,club,Italy,135,2023,2024-02-17T19:45:00+00:00,FT,included,cohort_B_rotation_date_order,"events,lineups",pending,pending
78/2023/2024-03-31/172/180,1049123,Bundesliga_2023,B,club,Germany,78,2023,2024-03-31T15:30:00+00:00,FT,included,cohort_B_rotation_date_order,"events,lineups",pending,pending
61/2023/2024-03-31/95/94,1045115,Ligue1_2023,B,club,France,61,2023,2024-03-31T15:05:00+00:00,FT,included,cohort_B_rotation_date_order,"events,lineups",pending,pending
39/2023/2024-02-17/47/39,1035423,EPL_2023,B,club,England,39,2023,2024-02-17T15:00:00+00:00,FT,included,cohort_B_rotation_date_order,"events,lineups",pending,pending
140/2023/2024-02-17/727/724,1038198,LaLiga_2023,B,club,Spain,140,2023,2024-02-17T15:15:00+00:00,FT,included,cohort_B_rotation_date_order,"events,lineups",pending,pending
135/2023/2024-02-18/487/500,1052498,SerieA_2023,B,club,Italy,135,2023,2024-02-18T11:30:00+00:00,FT,included,cohort_B_rotation_date_order,"events,lineups",pending,pending
78/2023/2024-03-31/176/181,1049121,Bundesliga_2023,B,club,Germany,78,2023,2024-03-31T17:30:00+00:00,FT,included,cohort_B_rotation_date_order,"events,lineups",pending,pending
61/2023/2024-03-31/81/85,1045116,Ligue1_2023,B,club,France,61,2023,2024-03-31T18:45:00+00:00,FT,included,cohort_B_rotation_date_order,"events,lineups",pending,pending
39/2023/2024-02-17/65/48,1035421,EPL_2023,B,club,England,39,2023,2024-02-17T15:00:00+00:00,FT,included,cohort_B_rotation_date_order,"events,lineups",pending,pending
140/2023/2024-02-17/538/529,1038197,LaLiga_2023,B,club,Spain,140,2023,2024-02-17T17:30:00+00:00,FT,included,cohort_B_rotation_date_order,"events,lineups",pending,pending
135/2023/2024-02-18/494/490,1052502,SerieA_2023,B,club,Italy,135,2023,2024-02-18T14:00:00+00:00,FT,included,cohort_B_rotation_date_order,"events,lineups",pending,pending
78/2023/2024-04-05/169/162,1049127,Bundesliga_2023,B,club,Germany,78,2023,2024-04-05T18:30:00+00:00,FT,included,cohort_B_rotation_date_order,"events,lineups",pending,pending
61/2023/2024-04-05/79/81,1045127,Ligue1_2023,B,club,France,61,2023,2024-04-05T19:00:00+00:00,FT,included,cohort_B_rotation_date_order,"events,lineups",pending,pending
39/2023/2024-02-17/50/49,1035419,EPL_2023,B,club,England,39,2023,2024-02-17T17:30:00+00:00,FT,included,cohort_B_rotation_date_order,"events,lineups",pending,pending
140/2023/2024-02-17/532/536,1038200,LaLiga_2023,B,club,Spain,140,2023,2024-02-17T20:00:00+00:00,FT,included,cohort_B_rotation_date_order,"events,lineups",pending,pending
135/2023/2024-02-18/511/502,1052494,SerieA_2023,B,club,Italy,135,2023,2024-02-18T14:00:00+00:00,FT,included,cohort_B_rotation_date_order,"events,lineups",pending,pending
78/2023/2024-04-06/160/173,1049126,Bundesliga_2023,B,club,Germany,78,2023,2024-04-06T13:30:00+00:00,FT,included,cohort_B_rotation_date_order,"events,lineups",pending,pending
61/2023/2024-04-06/116/111,1045129,Ligue1_2023,B,club,France,61,2023,2024-04-06T15:00:00+00:00,FT,included,cohort_B_rotation_date_order,"events,lineups",pending,pending
39/2023/2024-02-18/62/51,1035422,EPL_2023,B,club,England,39,2023,2024-02-18T14:00:00+00:00,FT,included,cohort_B_rotation_date_order,"events,lineups",pending,pending
140/2023/2024-02-18/728/541,1038195,LaLiga_2023,B,club,Spain,140,2023,2024-02-18T13:00:00+00:00,FT,included,cohort_B_rotation_date_order,"events,lineups",pending,pending
135/2023/2024-02-18/512/497,1052495,SerieA_2023,B,club,Italy,135,2023,2024-02-18T17:00:00+00:00,FT,included,cohort_B_rotation_date_order,"events,lineups",pending,pending
78/2023/2024-04-06/164/181,1049129,Bundesliga_2023,B,club,Germany,78,2023,2024-04-06T13:30:00+00:00,FT,included,cohort_B_rotation_date_order,"events,lineups",pending,pending
61/2023/2024-04-06/85/99,1045124,Ligue1_2023,B,club,France,61,2023,2024-04-06T19:00:00+00:00,FT,included,cohort_B_rotation_date_order,"events,lineups",pending,pending
39/2023/2024-02-18/1359/33,1035418,EPL_2023,B,club,England,39,2023,2024-02-18T16:30:00+00:00,FT,included,cohort_B_rotation_date_order,"events,lineups",pending,pending
140/2023/2024-02-18/715/723,1038196,LaLiga_2023,B,club,Spain,140,2023,2024-02-18T15:15:00+00:00,FT,included,cohort_B_rotation_date_order,"events,lineups",pending,pending
135/2023/2024-02-18/1579/489,1052499,SerieA_2023,B,club,Italy,135,2023,2024-02-18T19:45:00+00:00,FT,included,cohort_B_rotation_date_order,"events,lineups",pending,pending
78/2023/2024-04-06/180/157,1049132,Bundesliga_2023,B,club,Germany,78,2023,2024-04-06T13:30:00+00:00,FT,included,cohort_B_rotation_date_order,"events,lineups",pending,pending
61/2023/2024-04-07/106/112,1045132,Ligue1_2023,B,club,France,61,2023,2024-04-07T11:00:00+00:00,FT,included,cohort_B_rotation_date_order,"events,lineups",pending,pending
39/2023/2024-02-19/45/52,1035416,EPL_2023,B,club,England,39,2023,2024-02-19T20:00:00+00:00,FT,included,cohort_B_rotation_date_order,"events,lineups",pending,pending
140/2023/2024-02-18/798/548,1038194,LaLiga_2023,B,club,Spain,140,2023,2024-02-18T17:30:00+00:00,FT,included,cohort_B_rotation_date_order,"events,lineups",pending,pending
135/2023/2024-02-22/503/487,1052461,SerieA_2023,B,club,Italy,135,2023,2024-02-22T19:45:00+00:00,FT,included,cohort_B_rotation_date_order,"events,lineups",pending,pending
78/2023/2024-04-06/182/168,1049125,Bundesliga_2023,B,club,Germany,78,2023,2024-04-06T13:30:00+00:00,FT,included,cohort_B_rotation_date_order,"events,lineups",pending,pending
61/2023/2024-04-07/82/97,1045131,Ligue1_2023,B,club,France,61,2023,2024-04-07T13:00:00+00:00,FT,included,cohort_B_rotation_date_order,"events,lineups",pending,pending
39/2023/2024-02-20/50/55,1035349,EPL_2023,B,club,England,39,2023,2024-02-20T19:30:00+00:00,FT,included,cohort_B_rotation_date_order,"events,lineups",pending,pending
140/2023/2024-02-18/543/542,1038201,LaLiga_2023,B,club,Spain,140,2023,2024-02-18T20:00:00+00:00,FT,included,cohort_B_rotation_date_order,"events,lineups",pending,pending
135/2023/2024-02-23/500/504,1052503,SerieA_2023,B,club,Italy,135,2023,2024-02-23T19:45:00+00:00,FT,included,cohort_B_rotation_date_order,"events,lineups",pending,pending
78/2023/2024-04-06/192/176,1049130,Bundesliga_2023,B,club,Germany,78,2023,2024-04-06T13:30:00+00:00,FT,included,cohort_B_rotation_date_order,"events,lineups",pending,pending
61/2023/2024-04-07/93/84,1045128,Ligue1_2023,B,club,France,61,2023,2024-04-07T13:00:00+00:00,FT,included,cohort_B_rotation_date_order,"events,lineups",pending,pending
39/2023/2024-02-21/40/1359,1035430,EPL_2023,B,club,England,39,2023,2024-02-21T19:30:00+00:00,FT,included,cohort_B_rotation_date_order,"events,lineups",pending,pending
140/2023/2024-02-19/531/547,1038192,LaLiga_2023,B,club,Spain,140,2023,2024-02-19T20:00:00+00:00,FT,included,cohort_B_rotation_date_order,"events,lineups",pending,pending
135/2023/2024-02-24/488/511,1052512,SerieA_2023,B,club,Italy,135,2023,2024-02-24T14:00:00+00:00,FT,included,cohort_B_rotation_date_order,"events,lineups",pending,pending
78/2023/2024-04-06/165/172,1049124,Bundesliga_2023,B,club,Germany,78,2023,2024-04-06T16:30:00+00:00,FT,included,cohort_B_rotation_date_order,"events,lineups",pending,pending
61/2023/2024-04-07/96/95,1045125,Ligue1_2023,B,club,France,61,2023,2024-04-07T13:00:00+00:00,FT,included,cohort_B_rotation_date_order,"events,lineups",pending,pending
39/2023/2024-02-24/33/36,1035431,EPL_2023,B,club,England,39,2023,2024-02-24T15:00:00+00:00,FT,included,cohort_B_rotation_date_order,"events,lineups",pending,pending
140/2023/2024-02-23/548/533,1038207,LaLiga_2023,B,club,Spain,140,2023,2024-02-23T20:00:00+00:00,FT,included,cohort_B_rotation_date_order,"events,lineups",pending,pending
135/2023/2024-02-24/514/1579,1052511,SerieA_2023,B,club,Italy,135,2023,2024-02-24T17:00:00+00:00,FT,included,cohort_B_rotation_date_order,"events,lineups",pending,pending
78/2023/2024-04-07/167/170,1049131,Bundesliga_2023,B,club,Germany,78,2023,2024-04-07T13:30:00+00:00,FT,included,cohort_B_rotation_date_order,"events,lineups",pending,pending
61/2023/2024-04-07/91/94,1045126,Ligue1_2023,B,club,France,61,2023,2024-04-07T15:05:00+00:00,FT,included,cohort_B_rotation_date_order,"events,lineups",pending,pending
39/2023/2024-02-24/51/45,1035427,EPL_2023,B,club,England,39,2023,2024-02-24T15:00:00+00:00,FT,included,cohort_B_rotation_date_order,"events,lineups",pending,pending
140/2023/2024-02-24/529/546,1038203,LaLiga_2023,B,club,Spain,140,2023,2024-02-24T15:15:00+00:00,FT,included,cohort_B_rotation_date_order,"events,lineups",pending,pending
135/2023/2024-02-24/495/494,1052506,SerieA_2023,B,club,Italy,135,2023,2024-02-24T19:45:00+00:00,FT,included,cohort_B_rotation_date_order,"events,lineups",pending,pending
78/2023/2024-04-07/161/163,1049128,Bundesliga_2023,B,club,Germany,78,2023,2024-04-07T15:30:00+00:00,FT,included,cohort_B_rotation_date_order,"events,lineups",pending,pending
61/2023/2024-04-07/83/80,1045130,Ligue1_2023,B,club,France,61,2023,2024-04-07T18:45:00+00:00,FT,included,cohort_B_rotation_date_order,"events,lineups",pending,pending
39/2023/2024-02-24/52/44,1035429,EPL_2023,B,club,England,39,2023,2024-02-24T15:00:00+00:00,FT,included,cohort_B_rotation_date_order,"events,lineups",pending,pending
140/2023/2024-02-24/542/798,1038210,LaLiga_2023,B,club,Spain,140,2023,2024-02-24T17:30:00+00:00,FT,included,cohort_B_rotation_date_order,"events,lineups",pending,pending
135/2023/2024-02-25/496/512,1052507,SerieA_2023,B,club,Italy,135,2023,2024-02-25T11:30:00+00:00,FT,included,cohort_B_rotation_date_order,"events,lineups",pending,pending
78/2023/2024-04-12/170/182,1049139,Bundesliga_2023,B,club,Germany,78,2023,2024-04-12T18:30:00+00:00,FT,included,cohort_B_rotation_date_order,"events,lineups",pending,pending
61/2023/2024-04-12/112/116,1045141,Ligue1_2023,B,club,France,61,2023,2024-04-12T19:00:00+00:00,FT,included,cohort_B_rotation_date_order,"events,lineups",pending,pending
39/2023/2024-02-24/66/65,1035426,EPL_2023,B,club,England,39,2023,2024-02-24T15:00:00+00:00,FT,included,cohort_B_rotation_date_order,"events,lineups",pending,pending
140/2023/2024-02-24/723/530,1038202,LaLiga_2023,B,club,Spain,140,2023,2024-02-24T20:00:00+00:00,FT,included,cohort_B_rotation_date_order,"events,lineups",pending,pending
135/2023/2024-02-25/490/492,1052504,SerieA_2023,B,club,Italy,135,2023,2024-02-25T14:00:00+00:00,FT,included,cohort_B_rotation_date_order,"events,lineups",pending,pending
78/2023/2024-04-13/157/192,1049133,Bundesliga_2023,B,club,Germany,78,2023,2024-04-13T13:30:00+00:00,FT,included,cohort_B_rotation_date_order,"events,lineups",pending,pending
61/2023/2024-04-13/95/93,1045133,Ligue1_2023,B,club,France,61,2023,2024-04-13T15:00:00+00:00,FT,included,cohort_B_rotation_date_order,"events,lineups",pending,pending
39/2023/2024-02-24/35/50,1035424,EPL_2023,B,club,England,39,2023,2024-02-24T17:30:00+00:00,FT,included,cohort_B_rotation_date_order,"events,lineups",pending,pending
140/2023/2024-02-25/724/538,1038204,LaLiga_2023,B,club,Spain,140,2023,2024-02-25T13:00:00+00:00,FT,included,cohort_B_rotation_date_order,"events,lineups",pending,pending
135/2023/2024-02-25/867/505,1052508,SerieA_2023,B,club,Italy,135,2023,2024-02-25T17:00:00+00:00,FT,included,cohort_B_rotation_date_order,"events,lineups",pending,pending
78/2023/2024-04-13/163/165,1049137,Bundesliga_2023,B,club,Germany,78,2023,2024-04-13T13:30:00+00:00,FT,included,cohort_B_rotation_date_order,"events,lineups",pending,pending
61/2023/2024-04-13/94/96,1045134,Ligue1_2023,B,club,France,61,2023,2024-04-13T19:00:00+00:00,FT,included,cohort_B_rotation_date_order,"events,lineups",pending,pending
39/2023/2024-02-24/42/34,1035425,EPL_2023,B,club,England,39,2023,2024-02-24T20:00:00+00:00,FT,included,cohort_B_rotation_date_order,"events,lineups",pending,pending
140/2023/2024-02-25/543/531,1038211,LaLiga_2023,B,club,Spain,140,2023,2024-02-25T15:15:00+00:00,FT,included,cohort_B_rotation_date_order,"events,lineups",pending,pending
135/2023/2024-02-25/489/499,1052509,SerieA_2023,B,club,Italy,135,2023,2024-02-25T19:45:00+00:00,FT,included,cohort_B_rotation_date_order,"events,lineups",pending,pending
78/2023/2024-04-13/164/167,1049136,Bundesliga_2023,B,club,Germany,78,2023,2024-04-13T13:30:00+00:00,FT,included,cohort_B_rotation_date_order,"events,lineups",pending,pending
61/2023/2024-04-14/111/83,1045140,Ligue1_2023,B,club,France,61,2023,2024-04-14T11:00:00+00:00,FT,included,cohort_B_rotation_date_order,"events,lineups",pending,pending
39/2023/2024-02-25/39/62,1035433,EPL_2023,B,club,England,39,2023,2024-02-25T13:30:00+00:00,FT,included,cohort_B_rotation_date_order,"events,lineups",pending,pending
140/2023/2024-02-25/534/727,1038209,LaLiga_2023,B,club,Spain,140,2023,2024-02-25T17:30:00+00:00,FT,included,cohort_B_rotation_date_order,"events,lineups",pending,pending
135/2023/2024-02-26/497/503,1052510,SerieA_2023,B,club,Italy,135,2023,2024-02-26T17:30:00+00:00,FT,included,cohort_B_rotation_date_order,"events,lineups",pending,pending
78/2023/2024-04-13/173/161,1049134,Bundesliga_2023,B,club,Germany,78,2023,2024-04-13T13:30:00+00:00,FT,included,cohort_B_rotation_date_order,"events,lineups",pending,pending
61/2023/2024-04-14/99/82,1045139,Ligue1_2023,B,club,France,61,2023,2024-04-14T13:00:00+00:00,FT,included,cohort_B_rotation_date_order,"events,lineups",pending,pending
39/2023/2024-02-26/48/55,1035432,EPL_2023,B,club,England,39,2023,2024-02-26T20:00:00+00:00,FT,included,cohort_B_rotation_date_order,"events,lineups",pending,pending
140/2023/2024-02-25/541/536,1038206,LaLiga_2023,B,club,Spain,140,2023,2024-02-25T20:00:00+00:00,FT,included,cohort_B_rotation_date_order,"events,lineups",pending,pending
135/2023/2024-02-26/502/487,1052505,SerieA_2023,B,club,Italy,135,2023,2024-02-26T19:45:00+00:00,FT,included,cohort_B_rotation_date_order,"events,lineups",pending,pending
78/2023/2024-04-13/176/180,1049138,Bundesliga_2023,B,club,Germany,78,2023,2024-04-13T13:30:00+00:00,FT,included,cohort_B_rotation_date_order,"events,lineups",pending,pending
61/2023/2024-04-14/80/106,1045138,Ligue1_2023,B,club,France,61,2023,2024-04-14T18:45:00+00:00,FT,included,cohort_B_rotation_date_order,"events,lineups",pending,pending
39/2023/2024-03-02/34/39,1035440,EPL_2023,B,club,England,39,2023,2024-03-02T15:00:00+00:00,FT,included,cohort_B_rotation_date_order,"events,lineups",pending,pending
140/2023/2024-02-26/547/728,1038205,LaLiga_2023,B,club,Spain,140,2023,2024-02-26T20:00:00+00:00,FT,included,cohort_B_rotation_date_order,"events,lineups",pending,pending
135/2023/2024-02-28/488/492,1052460,SerieA_2023,B,club,Italy,135,2023,2024-02-28T17:00:00+00:00,FT,included,cohort_B_rotation_date_order,"events,lineups",pending,pending
78/2023/2024-04-13/172/169,1049140,Bundesliga_2023,B,club,Germany,78,2023,2024-04-13T16:30:00+00:00,FT,included,cohort_B_rotation_date_order,"events,lineups",pending,pending
61/2023/2024-04-19/84/97,1045145,Ligue1_2023,B,club,France,61,2023,2024-04-19T19:00:00+00:00,FT,included,cohort_B_rotation_date_order,"events,lineups",pending,pending
39/2023/2024-03-02/36/51,1035437,EPL_2023,B,club,England,39,2023,2024-03-02T15:00:00+00:00,FT,included,cohort_B_rotation_date_order,"events,lineups",pending,pending
140/2023/2024-03-01/538/723,1038215,LaLiga_2023,B,club,Spain,140,2023,2024-03-01T20:00:00+00:00,FT,included,cohort_B_rotation_date_order,"events,lineups",pending,pending
135/2023/2024-02-28/505/499,1052456,SerieA_2023,B,club,Italy,135,2023,2024-02-28T19:45:00+00:00,FT,included,cohort_B_rotation_date_order,"events,lineups",pending,pending
78/2023/2024-04-14/181/160,1049141,Bundesliga_2023,B,club,Germany,78,2023,2024-04-14T13:30:00+00:00,FT,included,cohort_B_rotation_date_order,"events,lineups",pending,pending
61/2023/2024-04-20/83/94,1045148,Ligue1_2023,B,club,France,61,2023,2024-04-20T15:00:00+00:00,FT,included,cohort_B_rotation_date_order,"events,lineups",pending,pending
39/2023/2024-03-02/45/48,1035436,EPL_2023,B,club,England,39,2023,2024-03-02T15:00:00+00:00,FT,included,cohort_B_rotation_date_order,"events,lineups",pending,pending
140/2023/2024-03-02/536/548,1038219,LaLiga_2023,B,club,Spain,140,2023,2024-03-02T13:00:00+00:00,FT,included,cohort_B_rotation_date_order,"events,lineups",pending,pending
135/2023/2024-03-01/487/489,1052518,SerieA_2023,B,club,Italy,135,2023,2024-03-01T19:45:00+00:00,FT,included,cohort_B_rotation_date_order,"events,lineups",pending,pending
78/2023/2024-04-14/168/162,1049135,Bundesliga_2023,B,club,Germany,78,2023,2024-04-14T15:30:00+00:00,FT,included,cohort_B_rotation_date_order,"events,lineups",pending,pending
61/2023/2024-04-20/116/99,1045147,Ligue1_2023,B,club,France,61,2023,2024-04-20T19:00:00+00:00,FT,included,cohort_B_rotation_date_order,"events,lineups",pending,pending
39/2023/2024-03-02/47/52,1035443,EPL_2023,B,club,England,39,2023,2024-03-02T15:00:00+00:00,FT,included,cohort_B_rotation_date_order,"events,lineups",pending,pending
140/2023/2024-03-02/728/724,1038216,LaLiga_2023,B,club,Spain,140,2023,2024-03-02T15:15:00+00:00,FT,included,cohort_B_rotation_date_order,"events,lineups",pending,pending
135/2023/2024-03-02/494/514,1052522,SerieA_2023,B,club,Italy,135,2023,2024-03-02T14:00:00+00:00,FT,included,cohort_B_rotation_date_order,"events,lineups",pending,pending
78/2023/2024-04-19/169/170,1049145,Bundesliga_2023,B,club,Germany,78,2023,2024-04-19T18:30:00+00:00,FT,included,cohort_B_rotation_date_order,"events,lineups",pending,pending
61/2023/2024-04-21/79/95,1045144,Ligue1_2023,B,club,France,61,2023,2024-04-21T13:00:00+00:00,FT,included,cohort_B_rotation_date_order,"events,lineups",pending,pending
39/2023/2024-03-02/55/49,1035434,EPL_2023,B,club,England,39,2023,2024-03-02T15:00:00+00:00,FT,included,cohort_B_rotation_date_order,"events,lineups",pending,pending
140/2023/2024-03-02/546/534,1038214,LaLiga_2023,B,club,Spain,140,2023,2024-03-02T17:30:00+00:00,FT,included,cohort_B_rotation_date_order,"events,lineups",pending,pending
135/2023/2024-03-02/1579/497,1052519,SerieA_2023,B,club,Italy,135,2023,2024-03-02T17:00:00+00:00,FT,included,cohort_B_rotation_date_order,"events,lineups",pending,pending
78/2023/2024-04-20/161/176,1049146,Bundesliga_2023,B,club,Germany,78,2023,2024-04-20T13:30:00+00:00,FT,included,cohort_B_rotation_date_order,"events,lineups",pending,pending
61/2023/2024-04-21/93/82,1045146,Ligue1_2023,B,club,France,61,2023,2024-04-21T13:00:00+00:00,FT,included,cohort_B_rotation_date_order,"events,lineups",pending,pending
39/2023/2024-03-02/65/40,1035441,EPL_2023,B,club,England,39,2023,2024-03-02T15:00:00+00:00,FT,included,cohort_B_rotation_date_order,"events,lineups",pending,pending
140/2023/2024-03-02/532/541,1038218,LaLiga_2023,B,club,Spain,140,2023,2024-03-02T20:00:00+00:00,FT,included,cohort_B_rotation_date_order,"events,lineups",pending,pending
135/2023/2024-03-02/503/502,1052521,SerieA_2023,B,club,Italy,135,2023,2024-03-02T19:45:00+00:00,FT,included,cohort_B_rotation_date_order,"events,lineups",pending,pending
78/2023/2024-04-20/167/163,1049148,Bundesliga_2023,B,club,Germany,78,2023,2024-04-20T13:30:00+00:00,FT,included,cohort_B_rotation_date_order,"events,lineups",pending,pending
61/2023/2024-04-21/111/112,1045149,Ligue1_2023,B,club,France,61,2023,2024-04-21T13:00:00+00:00,FT,included,cohort_B_rotation_date_order,"events,lineups",pending,pending
39/2023/2024-03-02/1359/66,1035438,EPL_2023,B,club,England,39,2023,2024-03-02T17:30:00+00:00,FT,included,cohort_B_rotation_date_order,"events,lineups",pending,pending
140/2023/2024-03-03/533/715,1038220,LaLiga_2023,B,club,Spain,140,2023,2024-03-03T13:00:00+00:00,FT,included,cohort_B_rotation_date_order,"events,lineups",pending,pending
135/2023/2024-03-03/504/488,1052516,SerieA_2023,B,club,Italy,135,2023,2024-03-03T11:30:00+00:00,FT,included,cohort_B_rotation_date_order,"events,lineups",pending,pending
78/2023/2024-04-20/180/173,1049150,Bundesliga_2023,B,club,Germany,78,2023,2024-04-20T13:30:00+00:00,FT,included,cohort_B_rotation_date_order,"events,lineups",pending,pending
61/2023/2024-04-21/106/91,1045150,Ligue1_2023,B,club,France,61,2023,2024-04-21T15:05:00+00:00,FT,included,cohort_B_rotation_date_order,"events,lineups",pending,pending
39/2023/2024-03-03/44/35,1035435,EPL_2023,B,club,England,39,2023,2024-03-03T13:00:00+00:00,FT,included,cohort_B_rotation_date_order,"events,lineups",pending,pending
140/2023/2024-03-03/530/543,1038213,LaLiga_2023,B,club,Spain,140,2023,2024-03-03T15:15:00+00:00,FT,included,cohort_B_rotation_date_order,"events,lineups",pending,pending
135/2023/2024-03-03/511/490,1052514,SerieA_2023,B,club,Italy,135,2023,2024-03-03T14:00:00+00:00,FT,included,cohort_B_rotation_date_order,"events,lineups",pending,pending
78/2023/2024-04-20/192/181,1049147,Bundesliga_2023,B,club,Germany,78,2023,2024-04-20T13:30:00+00:00,FT,included,cohort_B_rotation_date_order,"events,lineups",pending,pending
61/2023/2024-04-21/96/81,1045143,Ligue1_2023,B,club,France,61,2023,2024-04-21T17:00:00+00:00,FT,included,cohort_B_rotation_date_order,"events,lineups",pending,pending
39/2023/2024-03-03/50/33,1035439,EPL_2023,B,club,England,39,2023,2024-03-03T15:30:00+00:00,FT,included,cohort_B_rotation_date_order,"events,lineups",pending,pending
140/2023/2024-03-03/798/547,1038217,LaLiga_2023,B,club,Spain,140,2023,2024-03-03T17:30:00+00:00,FT,included,cohort_B_rotation_date_order,"events,lineups",pending,pending
135/2023/2024-03-03/512/867,1052515,SerieA_2023,B,club,Italy,135,2023,2024-03-03T14:00:00+00:00,FT,included,cohort_B_rotation_date_order,"events,lineups",pending,pending
78/2023/2024-04-20/182/157,1049143,Bundesliga_2023,B,club,Germany,78,2023,2024-04-20T16:30:00+00:00,FT,included,cohort_B_rotation_date_order,"events,lineups",pending,pending
61/2023/2024-04-21/85/80,1045142,Ligue1_2023,B,club,France,61,2023,2024-04-21T19:00:00+00:00,FT,included,cohort_B_rotation_date_order,"events,lineups",pending,pending
39/2023/2024-03-04/62/42,1035442,EPL_2023,B,club,England,39,2023,2024-03-04T20:00:00+00:00,FT,included,cohort_B_rotation_date_order,"events,lineups",pending,pending
140/2023/2024-03-03/531/529,1038212,LaLiga_2023,B,club,Spain,140,2023,2024-03-03T20:00:00+00:00,FT,included,cohort_B_rotation_date_order,"events,lineups",pending,pending
135/2023/2024-03-03/499/500,1052513,SerieA_2023,B,club,Italy,135,2023,2024-03-03T17:00:00+00:00,FT,included,cohort_B_rotation_date_order,"events,lineups",pending,pending
78/2023/2024-04-21/162/172,1049149,Bundesliga_2023,B,club,Germany,78,2023,2024-04-21T13:30:00+00:00,FT,included,cohort_B_rotation_date_order,"events,lineups",pending,pending
61/2023/2024-04-24/97/85,1045136,Ligue1_2023,B,club,France,61,2023,2024-04-24T17:00:00+00:00,FT,included,cohort_B_rotation_date_order,"events,lineups",pending,pending
39/2023/2024-03-09/33/45,1035451,EPL_2023,B,club,England,39,2023,2024-03-09T12:30:00+00:00,FT,included,cohort_B_rotation_date_order,"events,lineups",pending,pending
140/2023/2024-03-04/727/542,1038221,LaLiga_2023,B,club,Spain,140,2023,2024-03-04T20:00:00+00:00,FT,included,cohort_B_rotation_date_order,"events,lineups",pending,pending
135/2023/2024-03-03/492/496,1052520,SerieA_2023,B,club,Italy,135,2023,2024-03-03T19:45:00+00:00,FT,included,cohort_B_rotation_date_order,"events,lineups",pending,pending
78/2023/2024-04-21/165/168,1049142,Bundesliga_2023,B,club,Germany,78,2023,2024-04-21T15:30:00+00:00,FT,included,cohort_B_rotation_date_order,"events,lineups",pending,pending
61/2023/2024-04-24/81/84,1045135,Ligue1_2023,B,club,France,61,2023,2024-04-24T19:00:00+00:00,FT,included,cohort_B_rotation_date_order,"events,lineups",pending,pending
39/2023/2024-03-09/35/62,1035444,EPL_2023,B,club,England,39,2023,2024-03-09T15:00:00+00:00,FT,included,cohort_B_rotation_date_order,"events,lineups",pending,pending
140/2023/2024-03-08/529/798,1038223,LaLiga_2023,B,club,Spain,140,2023,2024-03-08T20:00:00+00:00,FT,included,cohort_B_rotation_date_order,"events,lineups",pending,pending
135/2023/2024-03-04/505/495,1052517,SerieA_2023,B,club,Italy,135,2023,2024-03-04T19:45:00+00:00,FT,included,cohort_B_rotation_date_order,"events,lineups",pending,pending
78/2023/2024-04-21/160/164,1049144,Bundesliga_2023,B,club,Germany,78,2023,2024-04-21T17:30:00+00:00,FT,included,cohort_B_rotation_date_order,"events,lineups",pending,pending
61/2023/2024-04-24/91/79,1045137,Ligue1_2023,B,club,France,61,2023,2024-04-24T19:00:00+00:00,FT,included,cohort_B_rotation_date_order,"events,lineups",pending,pending
39/2023/2024-03-09/39/36,1035453,EPL_2023,B,club,England,39,2023,2024-03-09T15:00:00+00:00,FT,included,cohort_B_rotation_date_order,"events,lineups",pending,pending
140/2023/2024-03-09/532/546,1038231,LaLiga_2023,B,club,Spain,140,2023,2024-03-09T13:00:00+00:00,FT,included,cohort_B_rotation_date_order,"events,lineups",pending,pending
135/2023/2024-03-08/492/503,1052531,SerieA_2023,B,club,Italy,135,2023,2024-03-08T19:45:00+00:00,FT,included,cohort_B_rotation_date_order,"events,lineups",pending,pending
78/2023/2024-04-26/176/167,1049157,Bundesliga_2023,B,club,Germany,78,2023,2024-04-26T18:30:00+00:00,FT,included,cohort_B_rotation_date_order,"events,lineups",pending,pending
61/2023/2024-04-26/82/83,1045159,Ligue1_2023,B,club,France,61,2023,2024-04-26T19:00:00+00:00,FT,included,cohort_B_rotation_date_order,"events,lineups",pending,pending
39/2023/2024-03-09/52/1359,1035449,EPL_2023,B,club,England,39,2023,2024-03-09T15:00:00+00:00,FT,included,cohort_B_rotation_date_order,"events,lineups",pending,pending
140/2023/2024-03-09/724/530,1038229,LaLiga_2023,B,club,Spain,140,2023,2024-03-09T15:15:00+00:00,FT,included,cohort_B_rotation_date_order,"events,lineups",pending,pending
135/2023/2024-03-09/488/512,1052532,SerieA_2023,B,club,Italy,135,2023,2024-03-09T14:00:00+00:00,FT,included,cohort_B_rotation_date_order,"events,lineups",pending,pending
78/2023/2024-04-27/157/169,1049151,Bundesliga_2023,B,club,Germany,78,2023,2024-04-27T13:30:00+00:00,FT,included,cohort_B_rotation_date_order,"events,lineups",pending,pending
61/2023/2024-04-27/85/111,1045151,Ligue1_2023,B,club,France,61,2023,2024-04-27T19:00:00+00:00,FT,included,cohort_B_rotation_date_order,"events,lineups",pending,pending
39/2023/2024-03-09/42/55,1035445,EPL_2023,B,club,England,39,2023,2024-03-09T17:30:00+00:00,FT,included,cohort_B_rotation_date_order,"events,lineups",pending,pending
140/2023/2024-03-09/715/548,1038226,LaLiga_2023,B,club,Spain,140,2023,2024-03-09T17:30:00+00:00,FT,included,cohort_B_rotation_date_order,"events,lineups",pending,pending
135/2023/2024-03-09/490/514,1052524,SerieA_2023,B,club,Italy,135,2023,2024-03-09T14:00:00+00:00,FT,included,cohort_B_rotation_date_order,"events,lineups",pending,pending
78/2023/2024-04-27/160/161,1049153,Bundesliga_2023,B,club,Germany,78,2023,2024-04-27T13:30:00+00:00,FT,included,cohort_B_rotation_date_order,"events,lineups",pending,pending
61/2023/2024-04-28/112/79,1045158,Ligue1_2023,B,club,France,61,2023,2024-04-28T11:00:00+00:00,FT,included,cohort_B_rotation_date_order,"events,lineups",pending,pending
39/2023/2024-03-10/66/47,1035446,EPL_2023,B,club,England,39,2023,2024-03-10T13:00:00+00:00,FT,included,cohort_B_rotation_date_order,"events,lineups",pending,pending
140/2023/2024-03-09/547/727,1038225,LaLiga_2023,B,club,Spain,140,2023,2024-03-09T20:00:00+00:00,FT,included,cohort_B_rotation_date_order,"events,lineups",pending,pending
135/2023/2024-03-09/500/505,1052523,SerieA_2023,B,club,Italy,135,2023,2024-03-09T17:00:00+00:00,FT,included,cohort_B_rotation_date_order,"events,lineups",pending,pending
78/2023/2024-04-27/170/162,1049158,Bundesliga_2023,B,club,Germany,78,2023,2024-04-27T13:30:00+00:00,FT,included,cohort_B_rotation_date_order,"events,lineups",pending,pending
61/2023/2024-04-28/95/84,1045152,Ligue1_2023,B,club,France,61,2023,2024-04-28T13:00:00+00:00,FT,included,cohort_B_rotation_date_order,"events,lineups",pending,pending
39/2023/2024-03-10/48/44,1035452,EPL_2023,B,club,England,39,2023,2024-03-10T14:00:00+00:00,FT,included,cohort_B_rotation_date_order,"events,lineups",pending,pending
140/2023/2024-03-10/542/728,1038227,LaLiga_2023,B,club,Spain,140,2023,2024-03-10T13:00:00+00:00,FT,included,cohort_B_rotation_date_order,"events,lineups",pending,pending
135/2023/2024-03-09/495/1579,1052526,SerieA_2023,B,club,Italy,135,2023,2024-03-09T19:45:00+00:00,FT,included,cohort_B_rotation_date_order,"events,lineups",pending,pending
78/2023/2024-04-27/173/165,1049152,Bundesliga_2023,B,club,Germany,78,2023,2024-04-27T13:30:00+00:00,FT,included,cohort_B_rotation_date_order,"events,lineups",pending,pending
61/2023/2024-04-28/97/96,1045155,Ligue1_2023,B,club,France,61,2023,2024-04-28T13:00:00+00:00,FT,included,cohort_B_rotation_date_order,"events,lineups",pending,pending
39/2023/2024-03-10/51/65,1035447,EPL_2023,B,club,England,39,2023,2024-03-10T14:00:00+00:00,FT,included,cohort_B_rotation_date_order,"events,lineups",pending,pending
140/2023/2024-03-10/534/531,1038228,LaLiga_2023,B,club,Spain,140,2023,2024-03-10T15:15:00+00:00,FT,included,cohort_B_rotation_date_order,"events,lineups",pending,pending
135/2023/2024-03-10/867/504,1052529,SerieA_2023,B,club,Italy,135,2023,2024-03-10T11:30:00+00:00,FT,included,cohort_B_rotation_date_order,"events,lineups",pending,pending
78/2023/2024-04-27/168/172,1049154,Bundesliga_2023,B,club,Germany,78,2023,2024-04-27T16:30:00+00:00,FT,included,cohort_B_rotation_date_order,"events,lineups",pending,pending
61/2023/2024-04-28/99/93,1045157,Ligue1_2023,B,club,France,61,2023,2024-04-28T13:00:00+00:00,FT,included,cohort_B_rotation_date_order,"events,lineups",pending,pending
39/2023/2024-03-10/40/50,1035450,EPL_2023,B,club,England,39,2023,2024-03-10T15:45:00+00:00,FT,included,cohort_B_rotation_date_order,"events,lineups",pending,pending
140/2023/2024-03-10/541/538,1038230,LaLiga_2023,B,club,Spain,140,2023,2024-03-10T17:30:00+00:00,FT,included,cohort_B_rotation_date_order,"events,lineups",pending,pending
135/2023/2024-03-10/489/511,1052530,SerieA_2023,B,club,Italy,135,2023,2024-03-10T14:00:00+00:00,FT,included,cohort_B_rotation_date_order,"events,lineups",pending,pending
78/2023/2024-04-28/163/182,1049156,Bundesliga_2023,B,club,Germany,78,2023,2024-04-28T13:30:00+00:00,FT,included,cohort_B_rotation_date_order,"events,lineups",pending,pending
61/2023/2024-04-28/94/106,1045153,Ligue1_2023,B,club,France,61,2023,2024-04-28T15:05:00+00:00,FT,included,cohort_B_rotation_date_order,"events,lineups",pending,pending
39/2023/2024-03-11/49/34,1035448,EPL_2023,B,club,England,39,2023,2024-03-11T20:00:00+00:00,FT,included,cohort_B_rotation_date_order,"events,lineups",pending,pending
140/2023/2024-03-10/543/533,1038224,LaLiga_2023,B,club,Spain,140,2023,2024-03-10T20:00:00+00:00,FT,included,cohort_B_rotation_date_order,"events,lineups",pending,pending
135/2023/2024-03-10/496/499,1052527,SerieA_2023,B,club,Italy,135,2023,2024-03-10T17:00:00+00:00,FT,included,cohort_B_rotation_date_order,"events,lineups",pending,pending
78/2023/2024-04-28/164/192,1049155,Bundesliga_2023,B,club,Germany,78,2023,2024-04-28T15:30:00+00:00,FT,included,cohort_B_rotation_date_order,"events,lineups",pending,pending
61/2023/2024-04-28/80/91,1045156,Ligue1_2023,B,club,France,61,2023,2024-04-28T17:00:00+00:00,FT,included,cohort_B_rotation_date_order,"events,lineups",pending,pending
39/2023/2024-03-13/35/1359,1035334,EPL_2023,B,club,England,39,2023,2024-03-13T19:30:00+00:00,FT,included,cohort_B_rotation_date_order,"events,lineups",pending,pending
140/2023/2024-03-11/723/536,1038222,LaLiga_2023,B,club,Spain,140,2023,2024-03-11T20:00:00+00:00,FT,included,cohort_B_rotation_date_order,"events,lineups",pending,pending
135/2023/2024-03-10/502/497,1052525,SerieA_2023,B,club,Italy,135,2023,2024-03-10T19:45:00+00:00,FT,included,cohort_B_rotation_date_order,"events,lineups",pending,pending
78/2023/2024-04-28/181/180,1049159,Bundesliga_2023,B,club,Germany,78,2023,2024-04-28T17:30:00+00:00,FT,included,cohort_B_rotation_date_order,"events,lineups",pending,pending
61/2023/2024-04-28/81/116,1045154,Ligue1_2023,B,club,France,61,2023,2024-04-28T19:00:00+00:00,FT,included,cohort_B_rotation_date_order,"events,lineups",pending,pending
39/2023/2024-03-16/44/55,1035456,EPL_2023,B,club,England,39,2023,2024-03-16T15:00:00+00:00,FT,included,cohort_B_rotation_date_order,"events,lineups",pending,pending
140/2023/2024-03-15/548/724,1038237,LaLiga_2023,B,club,Spain,140,2023,2024-03-15T20:00:00+00:00,FT,included,cohort_B_rotation_date_order,"events,lineups",pending,pending
135/2023/2024-03-11/487/494,1052528,SerieA_2023,B,club,Italy,135,2023,2024-03-11T19:45:00+00:00,FT,included,cohort_B_rotation_date_order,"events,lineups",pending,pending
78/2023/2024-05-03/167/173,1049165,Bundesliga_2023,B,club,Germany,78,2023,2024-05-03T18:30:00+00:00,FT,included,cohort_B_rotation_date_order,"events,lineups",pending,pending
61/2023/2024-05-03/96/82,1045160,Ligue1_2023,B,club,France,61,2023,2024-05-03T17:00:00+00:00,FT,included,cohort_B_rotation_date_order,"events,lineups",pending,pending
39/2023/2024-03-16/1359/65,1035460,EPL_2023,B,club,England,39,2023,2024-03-16T15:00:00+00:00,FT,included,cohort_B_rotation_date_order,"events,lineups",pending,pending
140/2023/2024-03-16/798/715,1038240,LaLiga_2023,B,club,Spain,140,2023,2024-03-16T13:00:00+00:00,FT,included,cohort_B_rotation_date_order,"events,lineups",pending,pending
135/2023/2024-03-15/511/500,1052534,SerieA_2023,B,club,Italy,135,2023,2024-03-15T19:45:00+00:00,FT,included,cohort_B_rotation_date_order,"events,lineups",pending,pending
78/2023/2024-05-04/161/181,1049163,Bundesliga_2023,B,club,Germany,78,2023,2024-05-04T13:30:00+00:00,FT,included,cohort_B_rotation_date_order,"events,lineups",pending,pending
61/2023/2024-05-03/116/97,1045165,Ligue1_2023,B,club,France,61,2023,2024-05-03T19:00:00+00:00,FT,included,cohort_B_rotation_date_order,"events,lineups",pending,pending
39/2023/2024-03-16/36/47,1035459,EPL_2023,B,club,England,39,2023,2024-03-16T17:30:00+00:00,FT,included,cohort_B_rotation_date_order,"events,lineups",pending,pending
140/2023/2024-03-16/727/541,1038234,LaLiga_2023,B,club,Spain,140,2023,2024-03-16T15:15:00+00:00,FT,included,cohort_B_rotation_date_order,"events,lineups",pending,pending
135/2023/2024-03-16/494/503,1052542,SerieA_2023,B,club,Italy,135,2023,2024-03-16T14:00:00+00:00,FT,included,cohort_B_rotation_date_order,"events,lineups",pending,pending
78/2023/2024-05-04/162/163,1049166,Bundesliga_2023,B,club,Germany,78,2023,2024-05-04T13:30:00+00:00,FT,included,cohort_B_rotation_date_order,"events,lineups",pending,pending
61/2023/2024-05-04/111/95,1045166,Ligue1_2023,B,club,France,61,2023,2024-05-04T13:00:00+00:00,FT,included,cohort_B_rotation_date_order,"events,lineups",pending,pending
39/2023/2024-03-17/48/66,1035462,EPL_2023,B,club,England,39,2023,2024-03-17T14:00:00+00:00,FT,included,cohort_B_rotation_date_order,"events,lineups",pending,pending
140/2023/2024-03-16/546/547,1038233,LaLiga_2023,B,club,Spain,140,2023,2024-03-16T17:30:00+00:00,FT,included,cohort_B_rotation_date_order,"events,lineups",pending,pending
135/2023/2024-03-16/1579/490,1052539,SerieA_2023,B,club,Italy,135,2023,2024-03-16T14:00:00+00:00,FT,included,cohort_B_rotation_date_order,"events,lineups",pending,pending
78/2023/2024-05-04/165/170,1049160,Bundesliga_2023,B,club,Germany,78,2023,2024-05-04T13:30:00+00:00,FT,included,cohort_B_rotation_date_order,"events,lineups",pending,pending
61/2023/2024-05-04/91/99,1045161,Ligue1_2023,B,club,France,61,2023,2024-05-04T15:00:00+00:00,FT,included,cohort_B_rotation_date_order,"events,lineups",pending,pending
39/2023/2024-03-30/34/48,1035470,EPL_2023,B,club,England,39,2023,2024-03-30T12:30:00+00:00,FT,included,cohort_B_rotation_date_order,"events,lineups",pending,pending
140/2023/2024-03-16/531/542,1038241,LaLiga_2023,B,club,Spain,140,2023,2024-03-16T20:00:00+00:00,FT,included,cohort_B_rotation_date_order,"events,lineups",pending,pending
135/2023/2024-03-16/514/867,1052541,SerieA_2023,B,club,Italy,135,2023,2024-03-16T17:00:00+00:00,FT,included,cohort_B_rotation_date_order,"events,lineups",pending,pending
78/2023/2024-05-04/172/157,1049167,Bundesliga_2023,B,club,Germany,78,2023,2024-05-04T13:30:00+00:00,FT,included,cohort_B_rotation_date_order,"events,lineups",pending,pending
61/2023/2024-05-04/112/94,1045167,Ligue1_2023,B,club,France,61,2023,2024-05-04T17:00:00+00:00,FT,included,cohort_B_rotation_date_order,"events,lineups",pending,pending
39/2023/2024-03-30/35/45,1035464,EPL_2023,B,club,England,39,2023,2024-03-30T15:00:00+00:00,FT,included,cohort_B_rotation_date_order,"events,lineups",pending,pending
140/2023/2024-03-17/536/538,1038238,LaLiga_2023,B,club,Spain,140,2023,2024-03-17T13:00:00+00:00,FT,included,cohort_B_rotation_date_order,"events,lineups",pending,pending
135/2023/2024-03-16/512/487,1052535,SerieA_2023,B,club,Italy,135,2023,2024-03-16T19:45:00+00:00,FT,included,cohort_B_rotation_date_order,"events,lineups",pending,pending
78/2023/2024-05-04/192/160,1049164,Bundesliga_2023,B,club,Germany,78,2023,2024-05-04T16:30:00+00:00,FT,included,cohort_B_rotation_date_order,"events,lineups",pending,pending
61/2023/2024-05-04/106/83,1045168,Ligue1_2023,B,club,France,61,2023,2024-05-04T19:00:00+00:00,FT,included,cohort_B_rotation_date_order,"events,lineups",pending,pending
39/2023/2024-03-30/47/1359,1035473,EPL_2023,B,club,England,39,2023,2024-03-30T15:00:00+00:00,FT,included,cohort_B_rotation_date_order,"events,lineups",pending,pending
140/2023/2024-03-17/533/532,1038239,LaLiga_2023,B,club,Spain,140,2023,2024-03-17T15:15:00+00:00,FT,included,cohort_B_rotation_date_order,"events,lineups",pending,pending
135/2023/2024-03-17/496/495,1052538,SerieA_2023,B,club,Italy,135,2023,2024-03-17T11:30:00+00:00,FT,included,cohort_B_rotation_date_order,"events,lineups",pending,pending
78/2023/2024-05-05/182/176,1049161,Bundesliga_2023,B,club,Germany,78,2023,2024-05-05T13:30:00+00:00,FT,included,cohort_B_rotation_date_order,"events,lineups",pending,pending
61/2023/2024-05-06/79/80,1045162,Ligue1_2023,B,club,France,61,2023,2024-05-06T19:00:00+00:00,FT,included,cohort_B_rotation_date_order,"events,lineups",pending,pending
39/2023/2024-03-30/49/44,1035467,EPL_2023,B,club,England,39,2023,2024-03-30T15:00:00+00:00,FT,included,cohort_B_rotation_date_order,"events,lineups",pending,pending
140/2023/2024-03-17/534/723,1038235,LaLiga_2023,B,club,Spain,140,2023,2024-03-17T15:15:00+00:00,FT,included,cohort_B_rotation_date_order,"events,lineups",pending,pending
135/2023/2024-03-17/504/489,1052536,SerieA_2023,B,club,Italy,135,2023,2024-03-17T14:00:00+00:00,FT,included,cohort_B_rotation_date_order,"events,lineups",pending,pending
78/2023/2024-05-05/169/168,1049162,Bundesliga_2023,B,club,Germany,78,2023,2024-05-05T15:30:00+00:00,FT,included,cohort_B_rotation_date_order,"events,lineups",pending,pending
61/2023/2024-05-10/84/111,1045173,Ligue1_2023,B,club,France,61,2023,2024-05-10T19:00:00+00:00,FT,included,cohort_B_rotation_date_order,"events,lineups",pending,pending
39/2023/2024-03-30/62/36,1035472,EPL_2023,B,club,England,39,2023,2024-03-30T15:00:00+00:00,FT,included,cohort_B_rotation_date_order,"events,lineups",pending,pending
140/2023/2024-03-17/728/543,1038236,LaLiga_2023,B,club,Spain,140,2023,2024-03-17T17:30:00+00:00,FT,included,cohort_B_rotation_date_order,"events,lineups",pending,pending
135/2023/2024-03-17/497/488,1052540,SerieA_2023,B,club,Italy,135,2023,2024-03-17T17:00:00+00:00,FT,included,cohort_B_rotation_date_order,"events,lineups",pending,pending
78/2023/2024-05-05/180/164,1049168,Bundesliga_2023,B,club,Germany,78,2023,2024-05-05T17:30:00+00:00,FT,included,cohort_B_rotation_date_order,"events,lineups",pending,pending
61/2023/2024-05-10/106/93,1045177,Ligue1_2023,B,club,France,61,2023,2024-05-10T19:00:00+00:00,FT,included,cohort_B_rotation_date_order,"events,lineups",pending,pending
39/2023/2024-03-30/65/52,1035471,EPL_2023,B,club,England,39,2023,2024-03-30T15:00:00+00:00,FT,included,cohort_B_rotation_date_order,"events,lineups",pending,pending
140/2023/2024-03-17/530/529,1038232,LaLiga_2023,B,club,Spain,140,2023,2024-03-17T20:00:00+00:00,FT,included,cohort_B_rotation_date_order,"events,lineups",pending,pending
135/2023/2024-03-17/505/492,1052537,SerieA_2023,B,club,Italy,135,2023,2024-03-17T19:45:00+00:00,FT,included,cohort_B_rotation_date_order,"events,lineups",pending,pending
78/2023/2024-05-10/170/172,1049176,Bundesliga_2023,B,club,Germany,78,2023,2024-05-10T18:30:00+00:00,FT,included,cohort_B_rotation_date_order,"events,lineups",pending,pending
61/2023/2024-05-12/81/97,1045172,Ligue1_2023,B,club,France,61,2023,2024-05-12T19:00:00+00:00,FT,included,cohort_B_rotation_date_order,"events,lineups",pending,pending
39/2023/2024-03-30/66/39,1035465,EPL_2023,B,club,England,39,2023,2024-03-30T17:30:00+00:00,FT,included,cohort_B_rotation_date_order,"events,lineups",pending,pending
140/2023/2024-03-29/724/715,1038244,LaLiga_2023,B,club,Spain,140,2023,2024-03-29T20:00:00+00:00,FT,included,cohort_B_rotation_date_order,"events,lineups",pending,pending
135/2023/2024-03-30/492/499,1052550,SerieA_2023,B,club,Italy,135,2023,2024-03-30T11:30:00+00:00,FT,included,cohort_B_rotation_date_order,"events,lineups",pending,pending
78/2023/2024-05-11/160/180,1049171,Bundesliga_2023,B,club,Germany,78,2023,2024-05-11T13:30:00+00:00,FT,included,cohort_B_rotation_date_order,"events,lineups",pending,pending
61/2023/2024-05-12/82/91,1045176,Ligue1_2023,B,club,France,61,2023,2024-05-12T19:00:00+00:00,FT,included,cohort_B_rotation_date_order,"events,lineups",pending,pending
39/2023/2024-03-30/55/33,1035466,EPL_2023,B,club,England,39,2023,2024-03-30T20:00:00+00:00,FT,included,cohort_B_rotation_date_order,"events,lineups",pending,pending
140/2023/2024-03-30/546/536,1038246,LaLiga_2023,B,club,Spain,140,2023,2024-03-30T13:00:00+00:00,FT,included,cohort_B_rotation_date_order,"events,lineups",pending,pending
135/2023/2024-03-30/495/512,1052546,SerieA_2023,B,club,Italy,135,2023,2024-03-30T14:00:00+00:00,FT,included,cohort_B_rotation_date_order,"events,lineups",pending,pending
78/2023/2024-05-11/163/169,1049173,Bundesliga_2023,B,club,Germany,78,2023,2024-05-11T13:30:00+00:00,FT,included,cohort_B_rotation_date_order,"events,lineups",pending,pending
61/2023/2024-05-12/83/79,1045175,Ligue1_2023,B,club,France,61,2023,2024-05-12T19:00:00+00:00,FT,included,cohort_B_rotation_date_order,"events,lineups",pending,pending
39/2023/2024-03-31/40/51,1035468,EPL_2023,B,club,England,39,2023,2024-03-31T13:00:00+00:00,FT,included,cohort_B_rotation_date_order,"events,lineups",pending,pending
140/2023/2024-03-30/723/727,1038242,LaLiga_2023,B,club,Spain,140,2023,2024-03-30T15:15:00+00:00,FT,included,cohort_B_rotation_date_order,"events,lineups",pending,pending
135/2023/2024-03-30/503/1579,1052552,SerieA_2023,B,club,Italy,135,2023,2024-03-30T14:00:00+00:00,FT,included,cohort_B_rotation_date_order,"events,lineups",pending,pending
78/2023/2024-05-11/173/162,1049170,Bundesliga_2023,B,club,Germany,78,2023,2024-05-11T13:30:00+00:00,FT,included,cohort_B_rotation_date_order,"events,lineups",pending,pending
61/2023/2024-05-12/85/96,1045169,Ligue1_2023,B,club,France,61,2023,2024-05-12T19:00:00+00:00,FT,included,cohort_B_rotation_date_order,"events,lineups",pending,pending
39/2023/2024-03-31/50/42,1035469,EPL_2023,B,club,England,39,2023,2024-03-31T15:30:00+00:00,FT,included,cohort_B_rotation_date_order,"events,lineups",pending,pending
140/2023/2024-03-30/532/798,1038251,LaLiga_2023,B,club,Spain,140,2023,2024-03-30T17:30:00+00:00,FT,included,cohort_B_rotation_date_order,"events,lineups",pending,pending
135/2023/2024-03-30/487/496,1052548,SerieA_2023,B,club,Italy,135,2023,2024-03-30T17:00:00+00:00,FT,included,cohort_B_rotation_date_order,"events,lineups",pending,pending
78/2023/2024-05-11/192/182,1049174,Bundesliga_2023,B,club,Germany,78,2023,2024-05-11T13:30:00+00:00,FT,included,cohort_B_rotation_date_order,"events,lineups",pending,pending
61/2023/2024-05-12/94/116,1045171,Ligue1_2023,B,club,France,61,2023,2024-05-12T19:00:00+00:00,FT,included,cohort_B_rotation_date_order,"events,lineups",pending,pending
39/2023/2024-04-02/34/45,1035481,EPL_2023,B,club,England,39,2023,2024-04-02T18:30:00+00:00,FT,included,cohort_B_rotation_date_order,"events,lineups",pending,pending
140/2023/2024-03-30/529/534,1038243,LaLiga_2023,B,club,Spain,140,2023,2024-03-30T20:00:00+00:00,FT,included,cohort_B_rotation_date_order,"events,lineups",pending,pending
135/2023/2024-03-30/502/489,1052545,SerieA_2023,B,club,Italy,135,2023,2024-03-30T19:45:00+00:00,FT,included,cohort_B_rotation_date_order,"events,lineups",pending,pending
78/2023/2024-05-11/164/165,1049172,Bundesliga_2023,B,club,Germany,78,2023,2024-05-11T16:30:00+00:00,FT,included,cohort_B_rotation_date_order,"events,lineups",pending,pending
61/2023/2024-05-12/95/112,1045170,Ligue1_2023,B,club,France,61,2023,2024-05-12T19:00:00+00:00,FT,included,cohort_B_rotation_date_order,"events,lineups",pending,pending
39/2023/2024-04-02/65/36,1035478,EPL_2023,B,club,England,39,2023,2024-04-02T18:30:00+00:00,FT,included,cohort_B_rotation_date_order,"events,lineups",pending,pending
140/2023/2024-03-31/538/728,1038245,LaLiga_2023,B,club,Spain,140,2023,2024-03-31T12:00:00+00:00,FT,included,cohort_B_rotation_date_order,"events,lineups",pending,pending
135/2023/2024-04-01/500/514,1052543,SerieA_2023,B,club,Italy,135,2023,2024-04-01T10:30:00+00:00,FT,included,cohort_B_rotation_date_order,"events,lineups",pending,pending
78/2023/2024-05-12/181/167,1049177,Bundesliga_2023,B,club,Germany,78,2023,2024-05-12T13:30:00+00:00,FT,excluded_truncated,cohort_B_rotation_date_order,"events,lineups",pending,pending
61/2023/2024-05-12/99/80,1045174,Ligue1_2023,B,club,France,61,2023,2024-05-12T19:00:00+00:00,FT,excluded_truncated,cohort_B_rotation_date_order,"events,lineups",pending,pending
39/2023/2024-04-02/35/52,1035474,EPL_2023,B,club,England,39,2023,2024-04-02T18:45:00+00:00,FT,excluded_truncated,cohort_B_rotation_date_order,"events,lineups",pending,pending
140/2023/2024-03-31/547/543,1038250,LaLiga_2023,B,club,Spain,140,2023,2024-03-31T14:15:00+00:00,FT,excluded_truncated,cohort_B_rotation_date_order,"events,lineups",pending,pending
135/2023/2024-04-01/488/494,1052551,SerieA_2023,B,club,Italy,135,2023,2024-04-01T13:00:00+00:00,FT,excluded_truncated,cohort_B_rotation_date_order,"events,lineups",pending,pending
78/2023/2024-05-12/157/161,1049169,Bundesliga_2023,B,club,Germany,78,2023,2024-05-12T15:30:00+00:00,FT,excluded_truncated,cohort_B_rotation_date_order,"events,lineups",pending,pending
61/2023/2024-05-15/84/85,1045163,Ligue1_2023,B,club,France,61,2023,2024-05-15T19:00:00+00:00,FT,excluded_truncated,cohort_B_rotation_date_order,"events,lineups",pending,pending
39/2023/2024-04-02/44/39,1035477,EPL_2023,B,club,England,39,2023,2024-04-02T18:45:00+00:00,FT,excluded_truncated,cohort_B_rotation_date_order,"events,lineups",pending,pending
140/2023/2024-03-31/542/548,1038247,LaLiga_2023,B,club,Spain,140,2023,2024-03-31T16:30:00+00:00,FT,excluded_truncated,cohort_B_rotation_date_order,"events,lineups",pending,pending
135/2023/2024-04-01/490/504,1052544,SerieA_2023,B,club,Italy,135,2023,2024-04-01T13:00:00+00:00,FT,excluded_truncated,cohort_B_rotation_date_order,"events,lineups",pending,pending
78/2023/2024-05-12/176/168,1049175,Bundesliga_2023,B,club,Germany,78,2023,2024-05-12T17:30:00+00:00,FT,excluded_truncated,cohort_B_rotation_date_order,"events,lineups",pending,pending
61/2023/2024-05-15/93/81,1045164,Ligue1_2023,B,club,France,61,2023,2024-05-15T19:00:00+00:00,FT,excluded_truncated,cohort_B_rotation_date_order,"events,lineups",pending,pending
39/2023/2024-04-02/48/47,1035479,EPL_2023,B,club,England,39,2023,2024-04-02T19:15:00+00:00,FT,excluded_truncated,cohort_B_rotation_date_order,"events,lineups",pending,pending
140/2023/2024-03-31/541/531,1038248,LaLiga_2023,B,club,Spain,140,2023,2024-03-31T19:00:00+00:00,FT,excluded_truncated,cohort_B_rotation_date_order,"events,lineups",pending,pending
135/2023/2024-04-01/867/497,1052549,SerieA_2023,B,club,Italy,135,2023,2024-04-01T16:00:00+00:00,FT,excluded_truncated,cohort_B_rotation_date_order,"events,lineups",pending,pending
78/2023/2024-05-18/161/164,1049182,Bundesliga_2023,B,club,Germany,78,2023,2024-05-18T13:30:00+00:00,FT,excluded_truncated,cohort_B_rotation_date_order,"events,lineups",pending,pending
61/2023/2024-05-19/79/84,1045181,Ligue1_2023,B,club,France,61,2023,2024-05-19T19:00:00+00:00,FT,excluded_truncated,cohort_B_rotation_date_order,"events,lineups",pending,pending
39/2023/2024-04-03/42/1359,1035475,EPL_2023,B,club,England,39,2023,2024-04-03T18:30:00+00:00,FT,excluded_truncated,cohort_B_rotation_date_order,"events,lineups",pending,pending
140/2023/2024-04-01/533/530,1038249,LaLiga_2023,B,club,Spain,140,2023,2024-04-01T19:00:00+00:00,FT,excluded_truncated,cohort_B_rotation_date_order,"events,lineups",pending,pending
135/2023/2024-04-01/505/511,1052547,SerieA_2023,B,club,Italy,135,2023,2024-04-01T18:45:00+00:00,FT,excluded_truncated,cohort_B_rotation_date_order,"events,lineups",pending,pending
78/2023/2024-05-18/162/176,1049184,Bundesliga_2023,B,club,Germany,78,2023,2024-05-18T13:30:00+00:00,FT,excluded_truncated,cohort_B_rotation_date_order,"events,lineups",pending,pending
61/2023/2024-05-19/80/95,1045182,Ligue1_2023,B,club,France,61,2023,2024-05-19T19:00:00+00:00,FT,excluded_truncated,cohort_B_rotation_date_order,"events,lineups",pending,pending
39/2023/2024-04-03/55/51,1035476,EPL_2023,B,club,England,39,2023,2024-04-03T18:30:00+00:00,FT,excluded_truncated,cohort_B_rotation_date_order,"events,lineups",pending,pending
140/2023/2024-04-04/715/532,1038208,LaLiga_2023,B,club,Spain,140,2023,2024-04-04T18:00:00+00:00,FT,excluded_truncated,cohort_B_rotation_date_order,"events,lineups",pending,pending
135/2023/2024-04-05/514/488,1052561,SerieA_2023,B,club,Italy,135,2023,2024-04-05T18:45:00+00:00,FT,excluded_truncated,cohort_B_rotation_date_order,"events,lineups",pending,pending
78/2023/2024-05-18/165/181,1049178,Bundesliga_2023,B,club,Germany,78,2023,2024-05-18T13:30:00+00:00,FT,excluded_truncated,cohort_B_rotation_date_order,"events,lineups",pending,pending
61/2023/2024-05-19/91/83,1045180,Ligue1_2023,B,club,France,61,2023,2024-05-19T19:00:00+00:00,FT,excluded_truncated,cohort_B_rotation_date_order,"events,lineups",pending,pending
39/2023/2024-04-03/50/66,1035483,EPL_2023,B,club,England,39,2023,2024-04-03T19:15:00+00:00,FT,excluded_truncated,cohort_B_rotation_date_order,"events,lineups",pending,pending
140/2023/2024-04-12/543/538,1038254,LaLiga_2023,B,club,Spain,140,2023,2024-04-12T19:00:00+00:00,FT,excluded_truncated,cohort_B_rotation_date_order,"events,lineups",pending,pending
135/2023/2024-04-06/489/867,1052558,SerieA_2023,B,club,Italy,135,2023,2024-04-06T13:00:00+00:00,FT,excluded_truncated,cohort_B_rotation_date_order,"events,lineups",pending,pending
78/2023/2024-05-18/167/157,1049183,Bundesliga_2023,B,club,Germany,78,2023,2024-05-18T13:30:00+00:00,FT,excluded_truncated,cohort_B_rotation_date_order,"events,lineups",pending,pending
61/2023/2024-05-19/93/94,1045183,Ligue1_2023,B,club,France,61,2023,2024-05-19T19:00:00+00:00,FT,excluded_truncated,cohort_B_rotation_date_order,"events,lineups",pending,pending
39/2023/2024-04-04/40/62,1035482,EPL_2023,B,club,England,39,2023,2024-04-04T18:30:00+00:00,FT,excluded_truncated,cohort_B_rotation_date_order,"events,lineups",pending,pending
140/2023/2024-04-13/530/547,1038253,LaLiga_2023,B,club,Spain,140,2023,2024-04-13T12:00:00+00:00,FT,excluded_truncated,cohort_B_rotation_date_order,"events,lineups",pending,pending
135/2023/2024-04-06/497/487,1052560,SerieA_2023,B,club,Italy,135,2023,2024-04-06T16:00:00+00:00,FT,excluded_truncated,cohort_B_rotation_date_order,"events,lineups",pending,pending
78/2023/2024-05-18/168/170,1049180,Bundesliga_2023,B,club,Germany,78,2023,2024-05-18T13:30:00+00:00,FT,excluded_truncated,cohort_B_rotation_date_order,"events,lineups",pending,pending
61/2023/2024-05-19/96/106,1045178,Ligue1_2023,B,club,France,61,2023,2024-05-19T19:00:00+00:00,FT,excluded_truncated,cohort_B_rotation_date_order,"events,lineups",pending,pending
39/2023/2024-04-04/49/33,1035480,EPL_2023,B,club,England,39,2023,2024-04-04T19:15:00+00:00,FT,excluded_truncated,cohort_B_rotation_date_order,"events,lineups",pending,pending
140/2023/2024-04-13/728/546,1038260,LaLiga_2023,B,club,Spain,140,2023,2024-04-13T14:15:00+00:00,FT,excluded_truncated,cohort_B_rotation_date_order,"events,lineups",pending,pending
135/2023/2024-04-06/511/503,1052554,SerieA_2023,B,club,Italy,135,2023,2024-04-06T18:45:00+00:00,FT,excluded_truncated,cohort_B_rotation_date_order,"events,lineups",pending,pending
78/2023/2024-05-18/169/173,1049181,Bundesliga_2023,B,club,Germany,78,2023,2024-05-18T13:30:00+00:00,FT,excluded_truncated,cohort_B_rotation_date_order,"events,lineups",pending,pending
61/2023/2024-05-19/97/99,1045179,Ligue1_2023,B,club,France,61,2023,2024-05-19T19:00:00+00:00,FT,excluded_truncated,cohort_B_rotation_date_order,"events,lineups",pending,pending
39/2023/2024-04-06/52/50,1035486,EPL_2023,B,club,England,39,2023,2024-04-06T11:30:00+00:00,FT,excluded_truncated,cohort_B_rotation_date_order,"events,lineups",pending,pending
140/2023/2024-04-13/798/541,1038255,LaLiga_2023,B,club,Spain,140,2023,2024-04-13T16:30:00+00:00,FT,excluded_truncated,cohort_B_rotation_date_order,"events,lineups",pending,pending
135/2023/2024-04-07/512/500,1052555,SerieA_2023,B,club,Italy,135,2023,2024-04-07T10:30:00+00:00,FT,excluded_truncated,cohort_B_rotation_date_order,"events,lineups",pending,pending
78/2023/2024-05-18/172/163,1049185,Bundesliga_2023,B,club,Germany,78,2023,2024-05-18T13:30:00+00:00,FT,excluded_truncated,cohort_B_rotation_date_order,"events,lineups",pending,pending
61/2023/2024-05-19/111/81,1045185,Ligue1_2023,B,club,France,61,2023,2024-05-19T19:00:00+00:00,FT,excluded_truncated,cohort_B_rotation_date_order,"events,lineups",pending,pending
39/2023/2024-04-06/36/34,1035488,EPL_2023,B,club,England,39,2023,2024-04-06T14:00:00+00:00,FT,excluded_truncated,cohort_B_rotation_date_order,"events,lineups",pending,pending
140/2023/2024-04-13/724/529,1038259,LaLiga_2023,B,club,Spain,140,2023,2024-04-13T19:00:00+00:00,FT,excluded_truncated,cohort_B_rotation_date_order,"events,lineups",pending,pending
135/2023/2024-04-07/1579/492,1052559,SerieA_2023,B,club,Italy,135,2023,2024-04-07T13:00:00+00:00,FT,excluded_truncated,cohort_B_rotation_date_order,"events,lineups",pending,pending
78/2023/2024-05-18/180/192,1049186,Bundesliga_2023,B,club,Germany,78,2023,2024-05-18T13:30:00+00:00,FT,excluded_truncated,cohort_B_rotation_date_order,"events,lineups",pending,pending
61/2023/2024-05-19/112/85,1045186,Ligue1_2023,B,club,France,61,2023,2024-05-19T19:00:00+00:00,FT,excluded_truncated,cohort_B_rotation_date_order,"events,lineups",pending,pending
39/2023/2024-04-06/39/48,1035493,EPL_2023,B,club,England,39,2023,2024-04-06T14:00:00+00:00,FT,excluded_truncated,cohort_B_rotation_date_order,"events,lineups",pending,pending
140/2023/2024-04-14/534/536,1038257,LaLiga_2023,B,club,Spain,140,2023,2024-04-14T12:00:00+00:00,FT,excluded_truncated,cohort_B_rotation_date_order,"events,lineups",pending,pending
135/2023/2024-04-07/490/499,1052553,SerieA_2023,B,club,Italy,135,2023,2024-04-07T16:00:00+00:00,FT,excluded_truncated,cohort_B_rotation_date_order,"events,lineups",pending,pending
78/2023/2024-05-18/182/160,1049179,Bundesliga_2023,B,club,Germany,78,2023,2024-05-18T13:30:00+00:00,FT,excluded_truncated,cohort_B_rotation_date_order,"events,lineups",pending,pending
61/2023/2024-05-19/116/82,1045184,Ligue1_2023,B,club,France,61,2023,2024-05-19T19:00:00+00:00,FT,excluded_truncated,cohort_B_rotation_date_order,"events,lineups",pending,pending
39/2023/2024-04-06/45/44,1035487,EPL_2023,B,club,England,39,2023,2024-04-06T14:00:00+00:00,FT,excluded_truncated,cohort_B_rotation_date_order,"events,lineups",pending,pending
140/2023/2024-04-14/715/542,1038261,LaLiga_2023,B,club,Spain,140,2023,2024-04-14T14:15:00+00:00,FT,excluded_truncated,cohort_B_rotation_date_order,"events,lineups",pending,pending
135/2023/2024-04-07/504/495,1052556,SerieA_2023,B,club,Italy,135,2023,2024-04-07T16:00:00+00:00,FT,excluded_truncated,cohort_B_rotation_date_order,"events,lineups",pending,pending
78/2023/2024-05-23/176/158,1200849,Bundesliga_2023,B,club,Germany,78,2023,2024-05-23T18:30:00+00:00,FT,excluded_truncated,cohort_B_rotation_date_order,"events,lineups",pending,pending
61/2023/2024-05-30/1063/112,1201624,Ligue1_2023,B,club,France,61,2023,2024-05-30T18:30:00+00:00,FT,excluded_truncated,cohort_B_rotation_date_order,"events,lineups",pending,pending
39/2023/2024-04-06/66/55,1035484,EPL_2023,B,club,England,39,2023,2024-04-06T14:00:00+00:00,FT,excluded_truncated,cohort_B_rotation_date_order,"events,lineups",pending,pending
140/2023/2024-04-14/531/533,1038252,LaLiga_2023,B,club,Spain,140,2023,2024-04-14T16:30:00+00:00,FT,excluded_truncated,cohort_B_rotation_date_order,"events,lineups",pending,pending
135/2023/2024-04-07/496/502,1052557,SerieA_2023,B,club,Italy,135,2023,2024-04-07T18:45:00+00:00,FT,excluded_truncated,cohort_B_rotation_date_order,"events,lineups",pending,pending
78/2023/2024-05-27/158/176,1200850,Bundesliga_2023,B,club,Germany,78,2023,2024-05-27T18:30:00+00:00,PEN,excluded_truncated,cohort_B_rotation_date_order,"events,lineups",pending,pending
61/2023/2024-06-02/112/1063,1201625,Ligue1_2023,B,club,France,61,2023,2024-06-02T15:00:00+00:00,AET,excluded_truncated,cohort_B_rotation_date_order,"events,lineups",pending,pending
39/2023/2024-04-06/1359/35,1035489,EPL_2023,B,club,England,39,2023,2024-04-06T14:00:00+00:00,FT,excluded_truncated,cohort_B_rotation_date_order,"events,lineups",pending,pending
140/2023/2024-04-14/548/723,1038258,LaLiga_2023,B,club,Spain,140,2023,2024-04-14T19:00:00+00:00,FT,excluded_truncated,cohort_B_rotation_date_order,"events,lineups",pending,pending
135/2023/2024-04-08/494/505,1052562,SerieA_2023,B,club,Italy,135,2023,2024-04-08T18:45:00+00:00,FT,excluded_truncated,cohort_B_rotation_date_order,"events,lineups",pending,pending
39/2023/2024-04-06/51/42,1035485,EPL_2023,B,club,England,39,2023,2024-04-06T16:30:00+00:00,FT,excluded_truncated,cohort_B_rotation_date_order,"events,lineups",pending,pending
140/2023/2024-04-15/727/532,1038256,LaLiga_2023,B,club,Spain,140,2023,2024-04-15T19:00:00+00:00,FT,excluded_truncated,cohort_B_rotation_date_order,"events,lineups",pending,pending
135/2023/2024-04-12/487/514,1052567,SerieA_2023,B,club,Italy,135,2023,2024-04-12T18:45:00+00:00,FT,excluded_truncated,cohort_B_rotation_date_order,"events,lineups",pending,pending
39/2023/2024-04-07/33/40,1035490,EPL_2023,B,club,England,39,2023,2024-04-07T14:30:00+00:00,FT,excluded_truncated,cohort_B_rotation_date_order,"events,lineups",pending,pending
140/2023/2024-04-19/531/715,1038263,LaLiga_2023,B,club,Spain,140,2023,2024-04-19T19:00:00+00:00,FT,excluded_truncated,cohort_B_rotation_date_order,"events,lineups",pending,pending
135/2023/2024-04-13/867/511,1052568,SerieA_2023,B,club,Italy,135,2023,2024-04-13T13:00:00+00:00,FT,excluded_truncated,cohort_B_rotation_date_order,"events,lineups",pending,pending
39/2023/2024-04-07/62/49,1035491,EPL_2023,B,club,England,39,2023,2024-04-07T16:30:00+00:00,FT,excluded_truncated,cohort_B_rotation_date_order,"events,lineups",pending,pending
140/2023/2024-04-20/538/534,1038264,LaLiga_2023,B,club,Spain,140,2023,2024-04-20T12:00:00+00:00,FT,excluded_truncated,cohort_B_rotation_date_order,"events,lineups",pending,pending
135/2023/2024-04-13/503/496,1052571,SerieA_2023,B,club,Italy,135,2023,2024-04-13T16:00:00+00:00,FT,excluded_truncated,cohort_B_rotation_date_order,"events,lineups",pending,pending
39/2023/2024-04-07/47/65,1035492,EPL_2023,B,club,England,39,2023,2024-04-07T17:00:00+00:00,FT,excluded_truncated,cohort_B_rotation_date_order,"events,lineups",pending,pending
140/2023/2024-04-20/728/727,1038271,LaLiga_2023,B,club,Spain,140,2023,2024-04-20T14:15:00+00:00,FT,excluded_truncated,cohort_B_rotation_date_order,"events,lineups",pending,pending
135/2023/2024-04-13/500/1579,1052564,SerieA_2023,B,club,Italy,135,2023,2024-04-13T18:45:00+00:00,FT,excluded_truncated,cohort_B_rotation_date_order,"events,lineups",pending,pending
39/2023/2024-04-13/34/47,1035501,EPL_2023,B,club,England,39,2023,2024-04-13T11:30:00+00:00,FT,excluded_truncated,cohort_B_rotation_date_order,"events,lineups",pending,pending
140/2023/2024-04-20/532/543,1038268,LaLiga_2023,B,club,Spain,140,2023,2024-04-20T16:30:00+00:00,FT,excluded_truncated,cohort_B_rotation_date_order,"events,lineups",pending,pending
135/2023/2024-04-14/492/512,1052569,SerieA_2023,B,club,Italy,135,2023,2024-04-14T10:30:00+00:00,FT,excluded_truncated,cohort_B_rotation_date_order,"events,lineups",pending,pending
39/2023/2024-04-13/44/51,1035497,EPL_2023,B,club,England,39,2023,2024-04-13T14:00:00+00:00,FT,excluded_truncated,cohort_B_rotation_date_order,"events,lineups",pending,pending
140/2023/2024-04-20/547/724,1038269,LaLiga_2023,B,club,Spain,140,2023,2024-04-20T19:00:00+00:00,FT,excluded_truncated,cohort_B_rotation_date_order,"events,lineups",pending,pending
135/2023/2024-04-14/488/489,1052570,SerieA_2023,B,club,Italy,135,2023,2024-04-14T13:00:00+00:00,FT,excluded_truncated,cohort_B_rotation_date_order,"events,lineups",pending,pending
39/2023/2024-04-13/50/1359,1035500,EPL_2023,B,club,England,39,2023,2024-04-13T14:00:00+00:00,FT,excluded_truncated,cohort_B_rotation_date_order,"events,lineups",pending,pending
140/2023/2024-04-21/546/548,1038265,LaLiga_2023,B,club,Spain,140,2023,2024-04-21T12:00:00+00:00,FT,excluded_truncated,cohort_B_rotation_date_order,"events,lineups",pending,pending
135/2023/2024-04-14/505/490,1052566,SerieA_2023,B,club,Italy,135,2023,2024-04-14T18:45:00+00:00,FT,excluded_truncated,cohort_B_rotation_date_order,"events,lineups",pending,pending
39/2023/2024-04-13/55/62,1035496,EPL_2023,B,club,England,39,2023,2024-04-13T14:00:00+00:00,FT,excluded_truncated,cohort_B_rotation_date_order,"events,lineups",pending,pending
140/2023/2024-04-21/723/533,1038262,LaLiga_2023,B,club,Spain,140,2023,2024-04-21T14:15:00+00:00,FT,excluded_truncated,cohort_B_rotation_date_order,"events,lineups",pending,pending
135/2023/2024-04-15/502/495,1052565,SerieA_2023,B,club,Italy,135,2023,2024-04-15T16:30:00+00:00,FT,excluded_truncated,cohort_B_rotation_date_order,"events,lineups",pending,pending
39/2023/2024-04-13/65/39,1035502,EPL_2023,B,club,England,39,2023,2024-04-13T14:00:00+00:00,FT,excluded_truncated,cohort_B_rotation_date_order,"events,lineups",pending,pending
140/2023/2024-04-21/542/530,1038266,LaLiga_2023,B,club,Spain,140,2023,2024-04-21T16:30:00+00:00,FT,excluded_truncated,cohort_B_rotation_date_order,"events,lineups",pending,pending
135/2023/2024-04-15/499/504,1052563,SerieA_2023,B,club,Italy,135,2023,2024-04-15T18:45:00+00:00,FT,excluded_truncated,cohort_B_rotation_date_order,"events,lineups",pending,pending
39/2023/2024-04-13/35/33,1035494,EPL_2023,B,club,England,39,2023,2024-04-13T16:30:00+00:00,FT,excluded_truncated,cohort_B_rotation_date_order,"events,lineups",pending,pending
140/2023/2024-04-21/541/529,1038267,LaLiga_2023,B,club,Spain,140,2023,2024-04-21T19:00:00+00:00,FT,excluded_truncated,cohort_B_rotation_date_order,"events,lineups",pending,pending
135/2023/2024-04-19/495/487,1052575,SerieA_2023,B,club,Italy,135,2023,2024-04-19T16:30:00+00:00,FT,excluded_truncated,cohort_B_rotation_date_order,"events,lineups",pending,pending
39/2023/2024-04-14/40/52,1035499,EPL_2023,B,club,England,39,2023,2024-04-14T13:00:00+00:00,FT,excluded_truncated,cohort_B_rotation_date_order,"events,lineups",pending,pending
140/2023/2024-04-22/536/798,1038270,LaLiga_2023,B,club,Spain,140,2023,2024-04-22T19:00:00+00:00,FT,excluded_truncated,cohort_B_rotation_date_order,"events,lineups",pending,pending
135/2023/2024-04-19/490/496,1052573,SerieA_2023,B,club,Italy,135,2023,2024-04-19T18:45:00+00:00,FT,excluded_truncated,cohort_B_rotation_date_order,"events,lineups",pending,pending
39/2023/2024-04-14/48/36,1035503,EPL_2023,B,club,England,39,2023,2024-04-14T13:00:00+00:00,FT,excluded_truncated,cohort_B_rotation_date_order,"events,lineups",pending,pending
140/2023/2024-04-26/548/541,1038281,LaLiga_2023,B,club,Spain,140,2023,2024-04-26T19:00:00+00:00,FT,excluded_truncated,cohort_B_rotation_date_order,"events,lineups",pending,pending
135/2023/2024-04-20/511/492,1052574,SerieA_2023,B,club,Italy,135,2023,2024-04-20T16:00:00+00:00,FT,excluded_truncated,cohort_B_rotation_date_order,"events,lineups",pending,pending
39/2023/2024-04-14/42/66,1035495,EPL_2023,B,club,England,39,2023,2024-04-14T15:30:00+00:00,FT,excluded_truncated,cohort_B_rotation_date_order,"events,lineups",pending,pending
140/2023/2024-04-27/534/547,1038279,LaLiga_2023,B,club,Spain,140,2023,2024-04-27T12:00:00+00:00,FT,excluded_truncated,cohort_B_rotation_date_order,"events,lineups",pending,pending
135/2023/2024-04-20/504/494,1052576,SerieA_2023,B,club,Italy,135,2023,2024-04-20T18:45:00+00:00,FT,excluded_truncated,cohort_B_rotation_date_order,"events,lineups",pending,pending
39/2023/2024-04-15/49/45,1035498,EPL_2023,B,club,England,39,2023,2024-04-15T19:00:00+00:00,FT,excluded_truncated,cohort_B_rotation_date_order,"events,lineups",pending,pending
140/2023/2024-04-27/723/546,1038272,LaLiga_2023,B,club,Spain,140,2023,2024-04-27T14:15:00+00:00,FT,excluded_truncated,cohort_B_rotation_date_order,"events,lineups",pending,pending
135/2023/2024-04-21/488/867,1052581,SerieA_2023,B,club,Italy,135,2023,2024-04-21T10:30:00+00:00,FT,excluded_truncated,cohort_B_rotation_date_order,"events,lineups",pending,pending
39/2023/2024-04-20/62/44,1035511,EPL_2023,B,club,England,39,2023,2024-04-20T14:00:00+00:00,FT,excluded_truncated,cohort_B_rotation_date_order,"events,lineups",pending,pending
140/2023/2024-04-27/542/538,1038277,LaLiga_2023,B,club,Spain,140,2023,2024-04-27T16:30:00+00:00,FT,excluded_truncated,cohort_B_rotation_date_order,"events,lineups",pending,pending
135/2023/2024-04-21/503/512,1052582,SerieA_2023,B,club,Italy,135,2023,2024-04-21T13:00:00+00:00,FT,excluded_truncated,cohort_B_rotation_date_order,"events,lineups",pending,pending
39/2023/2024-04-20/1359/55,1035509,EPL_2023,B,club,England,39,2023,2024-04-20T14:00:00+00:00,FT,excluded_truncated,cohort_B_rotation_date_order,"events,lineups",pending,pending
140/2023/2024-04-27/530/531,1038278,LaLiga_2023,B,club,Spain,140,2023,2024-04-27T19:00:00+00:00,FT,excluded_truncated,cohort_B_rotation_date_order,"events,lineups",pending,pending
135/2023/2024-04-21/514/502,1052580,SerieA_2023,B,club,Italy,135,2023,2024-04-21T16:00:00+00:00,FT,excluded_truncated,cohort_B_rotation_date_order,"events,lineups",pending,pending
39/2023/2024-04-20/39/42,1035513,EPL_2023,B,club,England,39,2023,2024-04-20T18:30:00+00:00,FT,excluded_truncated,cohort_B_rotation_date_order,"events,lineups",pending,pending
140/2023/2024-04-28/724/798,1038275,LaLiga_2023,B,club,Spain,140,2023,2024-04-28T12:00:00+00:00,FT,excluded_truncated,cohort_B_rotation_date_order,"events,lineups",pending,pending
135/2023/2024-04-21/1579/499,1052578,SerieA_2023,B,club,Italy,135,2023,2024-04-21T18:45:00+00:00,FT,excluded_truncated,cohort_B_rotation_date_order,"events,lineups",pending,pending
39/2023/2024-04-21/45/65,1035507,EPL_2023,B,club,England,39,2023,2024-04-21T12:30:00+00:00,FT,excluded_truncated,cohort_B_rotation_date_order,"events,lineups",pending,pending
140/2023/2024-04-28/715/727,1038276,LaLiga_2023,B,club,Spain,140,2023,2024-04-28T14:15:00+00:00,FT,excluded_truncated,cohort_B_rotation_date_order,"events,lineups",pending,pending
135/2023/2024-04-22/497/500,1052579,SerieA_2023,B,club,Italy,135,2023,2024-04-22T16:30:00+00:00,FT,excluded_truncated,cohort_B_rotation_date_order,"events,lineups",pending,pending
39/2023/2024-04-21/52/48,1035506,EPL_2023,B,club,England,39,2023,2024-04-21T14:00:00+00:00,FT,excluded_truncated,cohort_B_rotation_date_order,"events,lineups",pending,pending
140/2023/2024-04-28/533/728,1038280,LaLiga_2023,B,club,Spain,140,2023,2024-04-28T16:30:00+00:00,FT,excluded_truncated,cohort_B_rotation_date_order,"events,lineups",pending,pending
135/2023/2024-04-22/489/505,1052577,SerieA_2023,B,club,Italy,135,2023,2024-04-22T18:45:00+00:00,FT,excluded_truncated,cohort_B_rotation_date_order,"events,lineups",pending,pending
39/2023/2024-04-21/66/35,1035504,EPL_2023,B,club,England,39,2023,2024-04-21T14:00:00+00:00,FT,excluded_truncated,cohort_B_rotation_date_order,"events,lineups",pending,pending
140/2023/2024-04-28/543/536,1038274,LaLiga_2023,B,club,Spain,140,2023,2024-04-28T19:00:00+00:00,FT,excluded_truncated,cohort_B_rotation_date_order,"events,lineups",pending,pending
135/2023/2024-04-25/494/497,1052572,SerieA_2023,B,club,Italy,135,2023,2024-04-25T16:00:00+00:00,FT,excluded_truncated,cohort_B_rotation_date_order,"events,lineups",pending,pending
39/2023/2024-04-21/36/40,1035508,EPL_2023,B,club,England,39,2023,2024-04-21T15:30:00+00:00,FT,excluded_truncated,cohort_B_rotation_date_order,"events,lineups",pending,pending
140/2023/2024-04-29/529/532,1038273,LaLiga_2023,B,club,Spain,140,2023,2024-04-29T19:00:00+00:00,FT,excluded_truncated,cohort_B_rotation_date_order,"events,lineups",pending,pending
135/2023/2024-04-26/512/514,1052586,SerieA_2023,B,club,Italy,135,2023,2024-04-26T18:45:00+00:00,FT,excluded_truncated,cohort_B_rotation_date_order,"events,lineups",pending,pending
39/2023/2024-04-23/42/49,1035454,EPL_2023,B,club,England,39,2023,2024-04-23T19:00:00+00:00,FT,excluded_truncated,cohort_B_rotation_date_order,"events,lineups",pending,pending
140/2023/2024-05-03/546/531,1038284,LaLiga_2023,B,club,Spain,140,2023,2024-05-03T19:00:00+00:00,FT,excluded_truncated,cohort_B_rotation_date_order,"events,lineups",pending,pending
135/2023/2024-04-27/867/1579,1052591,SerieA_2023,B,club,Italy,135,2023,2024-04-27T13:00:00+00:00,FT,excluded_truncated,cohort_B_rotation_date_order,"events,lineups",pending,pending
39/2023/2024-04-24/39/35,1035463,EPL_2023,B,club,England,39,2023,2024-04-24T18:45:00+00:00,FT,excluded_truncated,cohort_B_rotation_date_order,"events,lineups",pending,pending
140/2023/2024-05-04/548/534,1038290,LaLiga_2023,B,club,Spain,140,2023,2024-05-04T12:00:00+00:00,FT,excluded_truncated,cohort_B_rotation_date_order,"events,lineups",pending,pending
135/2023/2024-04-27/496/489,1052589,SerieA_2023,B,club,Italy,135,2023,2024-04-27T16:00:00+00:00,FT,excluded_truncated,cohort_B_rotation_date_order,"events,lineups",pending,pending
39/2023/2024-04-24/33/62,1035461,EPL_2023,B,club,England,39,2023,2024-04-24T19:00:00+00:00,FT,excluded_truncated,cohort_B_rotation_date_order,"events,lineups",pending,pending
140/2023/2024-05-04/541/724,1038288,LaLiga_2023,B,club,Spain,140,2023,2024-05-04T14:15:00+00:00,FT,excluded_truncated,cohort_B_rotation_date_order,"events,lineups",pending,pending
135/2023/2024-04-27/487/504,1052590,SerieA_2023,B,club,Italy,135,2023,2024-04-27T18:45:00+00:00,FT,excluded_truncated,cohort_B_rotation_date_order,"events,lineups",pending,pending
39/2023/2024-04-24/45/40,1035458,EPL_2023,B,club,England,39,2023,2024-04-24T19:00:00+00:00,FT,excluded_truncated,cohort_B_rotation_date_order,"events,lineups",pending,pending
140/2023/2024-05-04/547/529,1038286,LaLiga_2023,B,club,Spain,140,2023,2024-05-04T16:30:00+00:00,FT,excluded_truncated,cohort_B_rotation_date_order,"events,lineups",pending,pending
135/2023/2024-04-28/505/503,1052588,SerieA_2023,B,club,Italy,135,2023,2024-04-28T10:30:00+00:00,FT,excluded_truncated,cohort_B_rotation_date_order,"events,lineups",pending,pending
39/2023/2024-04-24/52/34,1035457,EPL_2023,B,club,England,39,2023,2024-04-24T19:00:00+00:00,FT,excluded_truncated,cohort_B_rotation_date_order,"events,lineups",pending,pending
140/2023/2024-05-04/798/530,1038285,LaLiga_2023,B,club,Spain,140,2023,2024-05-04T19:00:00+00:00,FT,excluded_truncated,cohort_B_rotation_date_order,"events,lineups",pending,pending
135/2023/2024-04-28/500/494,1052584,SerieA_2023,B,club,Italy,135,2023,2024-04-28T13:00:00+00:00,FT,excluded_truncated,cohort_B_rotation_date_order,"events,lineups",pending,pending
39/2023/2024-04-25/51/50,1035455,EPL_2023,B,club,England,39,2023,2024-04-25T19:00:00+00:00,FT,excluded_truncated,cohort_B_rotation_date_order,"events,lineups",pending,pending
140/2023/2024-05-05/727/543,1038287,LaLiga_2023,B,club,Spain,140,2023,2024-05-05T12:00:00+00:00,FT,excluded_truncated,cohort_B_rotation_date_order,"events,lineups",pending,pending
135/2023/2024-04-28/492/497,1052592,SerieA_2023,B,club,Italy,135,2023,2024-04-28T16:00:00+00:00,FT,excluded_truncated,cohort_B_rotation_date_order,"events,lineups",pending,pending
39/2023/2024-04-27/48/40,1035522,EPL_2023,B,club,England,39,2023,2024-04-27T11:30:00+00:00,FT,excluded_truncated,cohort_B_rotation_date_order,"events,lineups",pending,pending
140/2023/2024-05-05/538/533,1038282,LaLiga_2023,B,club,Spain,140,2023,2024-05-05T14:15:00+00:00,FT,excluded_truncated,cohort_B_rotation_date_order,"events,lineups",pending,pending
135/2023/2024-04-28/499/511,1052583,SerieA_2023,B,club,Italy,135,2023,2024-04-28T16:00:00+00:00,FT,excluded_truncated,cohort_B_rotation_date_order,"events,lineups",pending,pending
39/2023/2024-04-27/33/44,1035518,EPL_2023,B,club,England,39,2023,2024-04-27T14:00:00+00:00,FT,excluded_truncated,cohort_B_rotation_date_order,"events,lineups",pending,pending
140/2023/2024-05-05/532/542,1038291,LaLiga_2023,B,club,Spain,140,2023,2024-05-05T16:30:00+00:00,FT,excluded_truncated,cohort_B_rotation_date_order,"events,lineups",pending,pending
135/2023/2024-04-28/502/488,1052585,SerieA_2023,B,club,Italy,135,2023,2024-04-28T18:45:00+00:00,FT,excluded_truncated,cohort_B_rotation_date_order,"events,lineups",pending,pending
39/2023/2024-04-27/34/62,1035519,EPL_2023,B,club,England,39,2023,2024-04-27T14:00:00+00:00,FT,excluded_truncated,cohort_B_rotation_date_order,"events,lineups",pending,pending
140/2023/2024-05-05/536/715,1038289,LaLiga_2023,B,club,Spain,140,2023,2024-05-05T19:00:00+00:00,FT,excluded_truncated,cohort_B_rotation_date_order,"events,lineups",pending,pending
135/2023/2024-04-29/495/490,1052587,SerieA_2023,B,club,Italy,135,2023,2024-04-29T18:45:00+00:00,FT,excluded_truncated,cohort_B_rotation_date_order,"events,lineups",pending,pending
39/2023/2024-04-27/36/52,1035517,EPL_2023,B,club,England,39,2023,2024-04-27T14:00:00+00:00,FT,excluded_truncated,cohort_B_rotation_date_order,"events,lineups",pending,pending
140/2023/2024-05-05/728/723,1038283,LaLiga_2023,B,club,Spain,140,2023,2024-05-05T19:00:00+00:00,FT,excluded_truncated,cohort_B_rotation_date_order,"events,lineups",pending,pending
135/2023/2024-05-03/503/500,1052601,SerieA_2023,B,club,Italy,135,2023,2024-05-03T18:45:00+00:00,FT,excluded_truncated,cohort_B_rotation_date_order,"events,lineups",pending,pending
39/2023/2024-04-27/39/1359,1035523,EPL_2023,B,club,England,39,2023,2024-04-27T14:00:00+00:00,FT,excluded_truncated,cohort_B_rotation_date_order,"events,lineups",pending,pending
140/2023/2024-05-10/542/547,1038297,LaLiga_2023,B,club,Spain,140,2023,2024-05-10T19:00:00+00:00,FT,excluded_truncated,cohort_B_rotation_date_order,"events,lineups",pending,pending
135/2023/2024-05-04/1579/487,1052597,SerieA_2023,B,club,Italy,135,2023,2024-05-04T16:00:00+00:00,FT,excluded_truncated,cohort_B_rotation_date_order,"events,lineups",pending,pending
39/2023/2024-04-27/45/55,1035516,EPL_2023,B,club,England,39,2023,2024-04-27T16:30:00+00:00,FT,excluded_truncated,cohort_B_rotation_date_order,"events,lineups",pending,pending
140/2023/2024-05-11/798/534,1038301,LaLiga_2023,B,club,Spain,140,2023,2024-05-11T12:00:00+00:00,FT,excluded_truncated,cohort_B_rotation_date_order,"events,lineups",pending,pending
135/2023/2024-05-04/488/505,1052600,SerieA_2023,B,club,Italy,135,2023,2024-05-04T18:45:00+00:00,FT,excluded_truncated,cohort_B_rotation_date_order,"events,lineups",pending,pending
39/2023/2024-04-27/66/49,1035515,EPL_2023,B,club,England,39,2023,2024-04-27T19:00:00+00:00,FT,excluded_truncated,cohort_B_rotation_date_order,"events,lineups",pending,pending
140/2023/2024-05-11/533/536,1038300,LaLiga_2023,B,club,Spain,140,2023,2024-05-11T14:15:00+00:00,FT,excluded_truncated,cohort_B_rotation_date_order,"events,lineups",pending,pending
135/2023/2024-05-05/490/867,1052593,SerieA_2023,B,club,Italy,135,2023,2024-05-05T10:30:00+00:00,FT,excluded_truncated,cohort_B_rotation_date_order,"events,lineups",pending,pending
39/2023/2024-04-28/35/51,1035514,EPL_2023,B,club,England,39,2023,2024-04-28T13:00:00+00:00,FT,excluded_truncated,cohort_B_rotation_date_order,"events,lineups",pending,pending
140/2023/2024-05-11/715/541,1038296,LaLiga_2023,B,club,Spain,140,2023,2024-05-11T16:30:00+00:00,FT,excluded_truncated,cohort_B_rotation_date_order,"events,lineups",pending,pending
135/2023/2024-05-05/504/502,1052595,SerieA_2023,B,club,Italy,135,2023,2024-05-05T13:00:00+00:00,FT,excluded_truncated,cohort_B_rotation_date_order,"events,lineups",pending,pending
39/2023/2024-04-28/47/42,1035521,EPL_2023,B,club,England,39,2023,2024-04-28T13:00:00+00:00,FT,excluded_truncated,cohort_B_rotation_date_order,"events,lineups",pending,pending
140/2023/2024-05-11/531/727,1038292,LaLiga_2023,B,club,Spain,140,2023,2024-05-11T19:00:00+00:00,FT,excluded_truncated,cohort_B_rotation_date_order,"events,lineups",pending,pending
135/2023/2024-05-05/511/512,1052594,SerieA_2023,B,club,Italy,135,2023,2024-05-05T13:00:00+00:00,FT,excluded_truncated,cohort_B_rotation_date_order,"events,lineups",pending,pending
39/2023/2024-04-28/65/50,1035520,EPL_2023,B,club,England,39,2023,2024-04-28T15:30:00+00:00,FT,excluded_truncated,cohort_B_rotation_date_order,"events,lineups",pending,pending
140/2023/2024-05-12/724/546,1038295,LaLiga_2023,B,club,Spain,140,2023,2024-05-12T12:00:00+00:00,FT,excluded_truncated,cohort_B_rotation_date_order,"events,lineups",pending,pending
135/2023/2024-05-05/489/495,1052596,SerieA_2023,B,club,Italy,135,2023,2024-05-05T16:00:00+00:00,FT,excluded_truncated,cohort_B_rotation_date_order,"events,lineups",pending,pending
39/2023/2024-05-02/49/47,1035428,EPL_2023,B,club,England,39,2023,2024-05-02T18:30:00+00:00,FT,excluded_truncated,cohort_B_rotation_date_order,"events,lineups",pending,pending
140/2023/2024-05-12/530/538,1038293,LaLiga_2023,B,club,Spain,140,2023,2024-05-12T14:15:00+00:00,FT,excluded_truncated,cohort_B_rotation_date_order,"events,lineups",pending,pending
135/2023/2024-05-05/497/496,1052598,SerieA_2023,B,club,Italy,135,2023,2024-05-05T18:45:00+00:00,FT,excluded_truncated,cohort_B_rotation_date_order,"events,lineups",pending,pending
39/2023/2024-05-03/1359/45,1035531,EPL_2023,B,club,England,39,2023,2024-05-03T19:00:00+00:00,FT,excluded_truncated,cohort_B_rotation_date_order,"events,lineups",pending,pending
140/2023/2024-05-12/532/728,1038299,LaLiga_2023,B,club,Spain,140,2023,2024-05-12T16:30:00+00:00,FT,excluded_truncated,cohort_B_rotation_date_order,"events,lineups",pending,pending
135/2023/2024-05-06/514/499,1052599,SerieA_2023,B,club,Italy,135,2023,2024-05-06T16:00:00+00:00,FT,excluded_truncated,cohort_B_rotation_date_order,"events,lineups",pending,pending
39/2023/2024-05-04/42/35,1035524,EPL_2023,B,club,England,39,2023,2024-05-04T11:30:00+00:00,FT,excluded_truncated,cohort_B_rotation_date_order,"events,lineups",pending,pending
140/2023/2024-05-12/543/723,1038298,LaLiga_2023,B,club,Spain,140,2023,2024-05-12T19:00:00+00:00,FT,excluded_truncated,cohort_B_rotation_date_order,"events,lineups",pending,pending
135/2023/2024-05-06/494/492,1052602,SerieA_2023,B,club,Italy,135,2023,2024-05-06T18:45:00+00:00,FT,excluded_truncated,cohort_B_rotation_date_order,"events,lineups",pending,pending
39/2023/2024-05-04/44/34,1035527,EPL_2023,B,club,England,39,2023,2024-05-04T14:00:00+00:00,FT,excluded_truncated,cohort_B_rotation_date_order,"events,lineups",pending,pending
140/2023/2024-05-13/529/548,1038294,LaLiga_2023,B,club,Spain,140,2023,2024-05-13T19:00:00+00:00,FT,excluded_truncated,cohort_B_rotation_date_order,"events,lineups",pending,pending
135/2023/2024-05-10/512/505,1052605,SerieA_2023,B,club,Italy,135,2023,2024-05-10T18:45:00+00:00,FT,excluded_truncated,cohort_B_rotation_date_order,"events,lineups",pending,pending
39/2023/2024-05-04/55/36,1035525,EPL_2023,B,club,England,39,2023,2024-05-04T14:00:00+00:00,FT,excluded_truncated,cohort_B_rotation_date_order,"events,lineups",pending,pending
140/2023/2024-05-14/727/798,1038309,LaLiga_2023,B,club,Spain,140,2023,2024-05-14T17:30:00+00:00,FT,excluded_truncated,cohort_B_rotation_date_order,"events,lineups",pending,pending
135/2023/2024-05-11/492/500,1052612,SerieA_2023,B,club,Italy,135,2023,2024-05-11T16:00:00+00:00,FT,excluded_truncated,cohort_B_rotation_date_order,"events,lineups",pending,pending
39/2023/2024-05-04/62/65,1035533,EPL_2023,B,club,England,39,2023,2024-05-04T14:00:00+00:00,FT,excluded_truncated,cohort_B_rotation_date_order,"events,lineups",pending,pending
140/2023/2024-05-14/541/542,1038311,LaLiga_2023,B,club,Spain,140,2023,2024-05-14T19:30:00+00:00,FT,excluded_truncated,cohort_B_rotation_date_order,"events,lineups",pending,pending
135/2023/2024-05-11/489/490,1052611,SerieA_2023,B,club,Italy,135,2023,2024-05-11T18:45:00+00:00,FT,excluded_truncated,cohort_B_rotation_date_order,"events,lineups",pending,pending
39/2023/2024-05-04/50/39,1035532,EPL_2023,B,club,England,39,2023,2024-05-04T16:30:00+00:00,FT,excluded_truncated,cohort_B_rotation_date_order,"events,lineups",pending,pending
140/2023/2024-05-14/547/533,1038303,LaLiga_2023,B,club,Spain,140,2023,2024-05-14T20:00:00+00:00,FT,excluded_truncated,cohort_B_rotation_date_order,"events,lineups",pending,pending
135/2023/2024-05-12/487/511,1052609,SerieA_2023,B,club,Italy,135,2023,2024-05-12T10:30:00+00:00,FT,excluded_truncated,cohort_B_rotation_date_order,"events,lineups",pending,pending
39/2023/2024-05-05/49/48,1035528,EPL_2023,B,club,England,39,2023,2024-05-05T13:00:00+00:00,FT,excluded_truncated,cohort_B_rotation_date_order,"events,lineups",pending,pending
140/2023/2024-05-15/536/724,1038308,LaLiga_2023,B,club,Spain,140,2023,2024-05-15T17:30:00+00:00,FT,excluded_truncated,cohort_B_rotation_date_order,"events,lineups",pending,pending
135/2023/2024-05-12/495/488,1052606,SerieA_2023,B,club,Italy,135,2023,2024-05-12T13:00:00+00:00,FT,excluded_truncated,cohort_B_rotation_date_order,"events,lineups",pending,pending
39/2023/2024-05-05/51/66,1035526,EPL_2023,B,club,England,39,2023,2024-05-05T13:00:00+00:00,FT,excluded_truncated,cohort_B_rotation_date_order,"events,lineups",pending,pending
140/2023/2024-05-15/728/715,1038310,LaLiga_2023,B,club,Spain,140,2023,2024-05-15T17:30:00+00:00,FT,excluded_truncated,cohort_B_rotation_date_order,"events,lineups",pending,pending
135/2023/2024-05-12/504/503,1052607,SerieA_2023,B,club,Italy,135,2023,2024-05-12T13:00:00+00:00,FT,excluded_truncated,cohort_B_rotation_date_order,"events,lineups",pending,pending
39/2023/2024-05-05/40/47,1035530,EPL_2023,B,club,England,39,2023,2024-05-05T15:30:00+00:00,FT,excluded_truncated,cohort_B_rotation_date_order,"events,lineups",pending,pending
140/2023/2024-05-15/538/531,1038305,LaLiga_2023,B,club,Spain,140,2023,2024-05-15T20:00:00+00:00,FT,excluded_truncated,cohort_B_rotation_date_order,"events,lineups",pending,pending
135/2023/2024-05-12/496/514,1052608,SerieA_2023,B,club,Italy,135,2023,2024-05-12T16:00:00+00:00,FT,excluded_truncated,cohort_B_rotation_date_order,"events,lineups",pending,pending
39/2023/2024-05-06/52/33,1035529,EPL_2023,B,club,England,39,2023,2024-05-06T19:00:00+00:00,FT,excluded_truncated,cohort_B_rotation_date_order,"events,lineups",pending,pending
140/2023/2024-05-15/546/530,1038306,LaLiga_2023,B,club,Spain,140,2023,2024-05-15T20:00:00+00:00,FT,excluded_truncated,cohort_B_rotation_date_order,"events,lineups",pending,pending
135/2023/2024-05-12/499/497,1052603,SerieA_2023,B,club,Italy,135,2023,2024-05-12T18:45:00+00:00,FT,excluded_truncated,cohort_B_rotation_date_order,"events,lineups",pending,pending
39/2023/2024-05-11/36/50,1035537,EPL_2023,B,club,England,39,2023,2024-05-11T11:30:00+00:00,FT,excluded_truncated,cohort_B_rotation_date_order,"events,lineups",pending,pending
140/2023/2024-05-16/534/543,1038307,LaLiga_2023,B,club,Spain,140,2023,2024-05-16T17:30:00+00:00,FT,excluded_truncated,cohort_B_rotation_date_order,"events,lineups",pending,pending
135/2023/2024-05-13/867/494,1052610,SerieA_2023,B,club,Italy,135,2023,2024-05-13T16:30:00+00:00,FT,excluded_truncated,cohort_B_rotation_date_order,"events,lineups",pending,pending
39/2023/2024-05-11/34/51,1035539,EPL_2023,B,club,England,39,2023,2024-05-11T14:00:00+00:00,FT,excluded_truncated,cohort_B_rotation_date_order,"events,lineups",pending,pending
140/2023/2024-05-16/723/529,1038302,LaLiga_2023,B,club,Spain,140,2023,2024-05-16T19:30:00+00:00,FT,excluded_truncated,cohort_B_rotation_date_order,"events,lineups",pending,pending
135/2023/2024-05-13/502/1579,1052604,SerieA_2023,B,club,Italy,135,2023,2024-05-13T18:45:00+00:00,FT,excluded_truncated,cohort_B_rotation_date_order,"events,lineups",pending,pending
39/2023/2024-05-11/35/55,1035534,EPL_2023,B,club,England,39,2023,2024-05-11T14:00:00+00:00,FT,excluded_truncated,cohort_B_rotation_date_order,"events,lineups",pending,pending
140/2023/2024-05-16/548/532,1038304,LaLiga_2023,B,club,Spain,140,2023,2024-05-16T20:00:00+00:00,FT,excluded_truncated,cohort_B_rotation_date_order,"events,lineups",pending,pending
135/2023/2024-05-17/502/492,1052614,SerieA_2023,B,club,Italy,135,2023,2024-05-17T18:45:00+00:00,FT,excluded_truncated,cohort_B_rotation_date_order,"events,lineups",pending,pending
39/2023/2024-05-11/39/52,1035543,EPL_2023,B,club,England,39,2023,2024-05-11T14:00:00+00:00,FT,excluded_truncated,cohort_B_rotation_date_order,"events,lineups",pending,pending
140/2023/2024-05-18/542/546,1038317,LaLiga_2023,B,club,Spain,140,2023,2024-05-18T19:00:00+00:00,FT,excluded_truncated,cohort_B_rotation_date_order,"events,lineups",pending,pending
135/2023/2024-05-18/867/499,1052616,SerieA_2023,B,club,Italy,135,2023,2024-05-18T16:00:00+00:00,FT,excluded_truncated,cohort_B_rotation_date_order,"events,lineups",pending,pending
39/2023/2024-05-11/45/62,1035536,EPL_2023,B,club,England,39,2023,2024-05-11T14:00:00+00:00,FT,excluded_truncated,cohort_B_rotation_date_order,"events,lineups",pending,pending
140/2023/2024-05-19/529/728,1038314,LaLiga_2023,B,club,Spain,140,2023,2024-05-19T17:00:00+00:00,FT,excluded_truncated,cohort_B_rotation_date_order,"events,lineups",pending,pending
135/2023/2024-05-18/503/489,1052621,SerieA_2023,B,club,Italy,135,2023,2024-05-18T18:45:00+00:00,FT,excluded_truncated,cohort_B_rotation_date_order,"events,lineups",pending,pending
39/2023/2024-05-11/47/44,1035541,EPL_2023,B,club,England,39,2023,2024-05-11T14:00:00+00:00,FT,excluded_truncated,cohort_B_rotation_date_order,"events,lineups",pending,pending
140/2023/2024-05-19/530/727,1038313,LaLiga_2023,B,club,Spain,140,2023,2024-05-19T17:00:00+00:00,FT,excluded_truncated,cohort_B_rotation_date_order,"events,lineups",pending,pending
135/2023/2024-05-19/488/490,1052620,SerieA_2023,B,club,Italy,135,2023,2024-05-19T10:30:00+00:00,FT,excluded_truncated,cohort_B_rotation_date_order,"events,lineups",pending,pending
39/2023/2024-05-11/48/1359,1035542,EPL_2023,B,club,England,39,2023,2024-05-11T14:00:00+00:00,FT,excluded_truncated,cohort_B_rotation_date_order,"events,lineups",pending,pending
140/2023/2024-05-19/531/536,1038312,LaLiga_2023,B,club,Spain,140,2023,2024-05-19T17:00:00+00:00,FT,excluded_truncated,cohort_B_rotation_date_order,"events,lineups",pending,pending
135/2023/2024-05-19/494/511,1052622,SerieA_2023,B,club,Italy,135,2023,2024-05-19T13:00:00+00:00,FT,excluded_truncated,cohort_B_rotation_date_order,"events,lineups",pending,pending
39/2023/2024-05-11/65/49,1035540,EPL_2023,B,club,England,39,2023,2024-05-11T16:30:00+00:00,FT,excluded_truncated,cohort_B_rotation_date_order,"events,lineups",pending,pending
140/2023/2024-05-19/532/547,1038320,LaLiga_2023,B,club,Spain,140,2023,2024-05-19T17:00:00+00:00,FT,excluded_truncated,cohort_B_rotation_date_order,"events,lineups",pending,pending
135/2023/2024-05-19/1579/512,1052617,SerieA_2023,B,club,Italy,135,2023,2024-05-19T13:00:00+00:00,FT,excluded_truncated,cohort_B_rotation_date_order,"events,lineups",pending,pending
39/2023/2024-05-12/33/42,1035538,EPL_2023,B,club,England,39,2023,2024-05-12T15:30:00+00:00,FT,excluded_truncated,cohort_B_rotation_date_order,"events,lineups",pending,pending
140/2023/2024-05-19/533/541,1038321,LaLiga_2023,B,club,Spain,140,2023,2024-05-19T17:00:00+00:00,FT,excluded_truncated,cohort_B_rotation_date_order,"events,lineups",pending,pending
135/2023/2024-05-19/505/487,1052615,SerieA_2023,B,club,Italy,135,2023,2024-05-19T16:00:00+00:00,FT,excluded_truncated,cohort_B_rotation_date_order,"events,lineups",pending,pending
39/2023/2024-05-13/66/40,1035535,EPL_2023,B,club,England,39,2023,2024-05-13T19:00:00+00:00,FT,excluded_truncated,cohort_B_rotation_date_order,"events,lineups",pending,pending
140/2023/2024-05-19/543/548,1038315,LaLiga_2023,B,club,Spain,140,2023,2024-05-19T17:00:00+00:00,FT,excluded_truncated,cohort_B_rotation_date_order,"events,lineups",pending,pending
135/2023/2024-05-19/497/495,1052618,SerieA_2023,B,club,Italy,135,2023,2024-05-19T18:45:00+00:00,FT,excluded_truncated,cohort_B_rotation_date_order,"events,lineups",pending,pending
39/2023/2024-05-14/47/50,1035512,EPL_2023,B,club,England,39,2023,2024-05-14T19:00:00+00:00,FT,excluded_truncated,cohort_B_rotation_date_order,"events,lineups",pending,pending
140/2023/2024-05-19/715/538,1038319,LaLiga_2023,B,club,Spain,140,2023,2024-05-19T17:00:00+00:00,FT,excluded_truncated,cohort_B_rotation_date_order,"events,lineups",pending,pending
135/2023/2024-05-20/514/504,1052619,SerieA_2023,B,club,Italy,135,2023,2024-05-20T16:30:00+00:00,FT,excluded_truncated,cohort_B_rotation_date_order,"events,lineups",pending,pending
39/2023/2024-05-15/51/49,1035505,EPL_2023,B,club,England,39,2023,2024-05-15T18:45:00+00:00,FT,excluded_truncated,cohort_B_rotation_date_order,"events,lineups",pending,pending
140/2023/2024-05-19/724/534,1038316,LaLiga_2023,B,club,Spain,140,2023,2024-05-19T17:00:00+00:00,FT,excluded_truncated,cohort_B_rotation_date_order,"events,lineups",pending,pending
135/2023/2024-05-20/500/496,1052613,SerieA_2023,B,club,Italy,135,2023,2024-05-20T18:45:00+00:00,FT,excluded_truncated,cohort_B_rotation_date_order,"events,lineups",pending,pending
39/2023/2024-05-15/33/34,1035510,EPL_2023,B,club,England,39,2023,2024-05-15T19:00:00+00:00,FT,excluded_truncated,cohort_B_rotation_date_order,"events,lineups",pending,pending
140/2023/2024-05-19/798/723,1038318,LaLiga_2023,B,club,Spain,140,2023,2024-05-19T17:00:00+00:00,FT,excluded_truncated,cohort_B_rotation_date_order,"events,lineups",pending,pending
135/2023/2024-05-23/490/502,1052624,SerieA_2023,B,club,Italy,135,2023,2024-05-23T18:45:00+00:00,FT,excluded_truncated,cohort_B_rotation_date_order,"events,lineups",pending,pending
39/2023/2024-05-19/40/39,1035550,EPL_2023,B,club,England,39,2023,2024-05-19T15:00:00+00:00,FT,excluded_truncated,cohort_B_rotation_date_order,"events,lineups",pending,pending
140/2023/2024-05-24/547/715,1038325,LaLiga_2023,B,club,Spain,140,2023,2024-05-24T19:00:00+00:00,FT,excluded_truncated,cohort_B_rotation_date_order,"events,lineups",pending,pending
135/2023/2024-05-24/495/500,1052627,SerieA_2023,B,club,Italy,135,2023,2024-05-24T18:45:00+00:00,FT,excluded_truncated,cohort_B_rotation_date_order,"events,lineups",pending,pending
39/2023/2024-05-19/42/45,1035544,EPL_2023,B,club,England,39,2023,2024-05-19T15:00:00+00:00,FT,excluded_truncated,cohort_B_rotation_date_order,"events,lineups",pending,pending
140/2023/2024-05-25/727/533,1038326,LaLiga_2023,B,club,Spain,140,2023,2024-05-25T12:00:00+00:00,FT,excluded_truncated,cohort_B_rotation_date_order,"events,lineups",pending,pending
135/2023/2024-05-25/496/1579,1052629,SerieA_2023,B,club,Italy,135,2023,2024-05-25T16:00:00+00:00,FT,excluded_truncated,cohort_B_rotation_date_order,"events,lineups",pending,pending
39/2023/2024-05-19/44/65,1035547,EPL_2023,B,club,England,39,2023,2024-05-19T15:00:00+00:00,FT,excluded_truncated,cohort_B_rotation_date_order,"events,lineups",pending,pending
140/2023/2024-05-25/548/530,1038328,LaLiga_2023,B,club,Spain,140,2023,2024-05-25T14:15:00+00:00,FT,excluded_truncated,cohort_B_rotation_date_order,"events,lineups",pending,pending
135/2023/2024-05-25/489/514,1052631,SerieA_2023,B,club,Italy,135,2023,2024-05-25T18:45:00+00:00,FT,excluded_truncated,cohort_B_rotation_date_order,"events,lineups",pending,pending
39/2023/2024-05-19/49/35,1035548,EPL_2023,B,club,England,39,2023,2024-05-19T15:00:00+00:00,FT,excluded_truncated,cohort_B_rotation_date_order,"events,lineups",pending,pending
140/2023/2024-05-25/723/724,1038322,LaLiga_2023,B,club,Spain,140,2023,2024-05-25T16:30:00+00:00,FT,excluded_truncated,cohort_B_rotation_date_order,"events,lineups",pending,pending
135/2023/2024-05-26/492/867,1052632,SerieA_2023,B,club,Italy,135,2023,2024-05-26T16:00:00+00:00,FT,excluded_truncated,cohort_B_rotation_date_order,"events,lineups",pending,pending
39/2023/2024-05-19/50/48,1035552,EPL_2023,B,club,England,39,2023,2024-05-19T15:00:00+00:00,FT,excluded_truncated,cohort_B_rotation_date_order,"events,lineups",pending,pending
140/2023/2024-05-25/728/531,1038327,LaLiga_2023,B,club,Spain,140,2023,2024-05-25T16:30:00+00:00,FT,excluded_truncated,cohort_B_rotation_date_order,"events,lineups",pending,pending
135/2023/2024-05-26/499/503,1052623,SerieA_2023,B,club,Italy,135,2023,2024-05-26T16:00:00+00:00,FT,excluded_truncated,cohort_B_rotation_date_order,"events,lineups",pending,pending
39/2023/2024-05-19/51/33,1035546,EPL_2023,B,club,England,39,2023,2024-05-19T15:00:00+00:00,FT,excluded_truncated,cohort_B_rotation_date_order,"events,lineups",pending,pending
140/2023/2024-05-25/541/543,1038330,LaLiga_2023,B,club,Spain,140,2023,2024-05-25T19:00:00+00:00,FT,excluded_truncated,cohort_B_rotation_date_order,"events,lineups",pending,pending
135/2023/2024-05-26/487/488,1052630,SerieA_2023,B,club,Italy,135,2023,2024-05-26T18:45:00+00:00,FT,excluded_truncated,cohort_B_rotation_date_order,"events,lineups",pending,pending
39/2023/2024-05-19/52/66,1035549,EPL_2023,B,club,England,39,2023,2024-05-19T15:00:00+00:00,FT,excluded_truncated,cohort_B_rotation_date_order,"events,lineups",pending,pending
140/2023/2024-05-26/546/798,1038324,LaLiga_2023,B,club,Spain,140,2023,2024-05-26T12:00:00+00:00,FT,excluded_truncated,cohort_B_rotation_date_order,"events,lineups",pending,pending
135/2023/2024-05-26/504/505,1052628,SerieA_2023,B,club,Italy,135,2023,2024-05-26T18:45:00+00:00,FT,excluded_truncated,cohort_B_rotation_date_order,"events,lineups",pending,pending
39/2023/2024-05-19/55/34,1035545,EPL_2023,B,club,England,39,2023,2024-05-19T15:00:00+00:00,FT,excluded_truncated,cohort_B_rotation_date_order,"events,lineups",pending,pending
140/2023/2024-05-26/534/542,1038331,LaLiga_2023,B,club,Spain,140,2023,2024-05-26T14:15:00+00:00,FT,excluded_truncated,cohort_B_rotation_date_order,"events,lineups",pending,pending
135/2023/2024-05-26/511/497,1052625,SerieA_2023,B,club,Italy,135,2023,2024-05-26T18:45:00+00:00,FT,excluded_truncated,cohort_B_rotation_date_order,"events,lineups",pending,pending
39/2023/2024-05-19/62/47,1035553,EPL_2023,B,club,England,39,2023,2024-05-19T15:00:00+00:00,FT,excluded_truncated,cohort_B_rotation_date_order,"events,lineups",pending,pending
140/2023/2024-05-26/538/532,1038323,LaLiga_2023,B,club,Spain,140,2023,2024-05-26T14:15:00+00:00,FT,excluded_truncated,cohort_B_rotation_date_order,"events,lineups",pending,pending
135/2023/2024-05-26/512/494,1052626,SerieA_2023,B,club,Italy,135,2023,2024-05-26T18:45:00+00:00,FT,excluded_truncated,cohort_B_rotation_date_order,"events,lineups",pending,pending
39/2023/2024-05-19/1359/36,1035551,EPL_2023,B,club,England,39,2023,2024-05-19T15:00:00+00:00,FT,excluded_truncated,cohort_B_rotation_date_order,"events,lineups",pending,pending
140/2023/2024-05-26/536/529,1038329,LaLiga_2023,B,club,Spain,140,2023,2024-05-26T19:00:00+00:00,FT,excluded_truncated,cohort_B_rotation_date_order,"events,lineups",pending,pending
135/2023/2024-06-02/499/502,1052533,SerieA_2023,B,club,Italy,135,2023,2024-06-02T16:00:00+00:00,FT,excluded_truncated,cohort_B_rotation_date_order,"events,lineups",pending,pending
