domain,competition,season,match_id,sb_match_id,match_date,home,away,source_sha256,source_present,source_reason,n_events,starting_xi_ok,max_regulation_minute,has_extra_time,regulation_clock_ok,n_half_start_events,n_half_end_events,n_shots,n_shots_with_xg,xg_coverage,xg_available,possession_available,location_available,pressure_available,n_pressure_events,n_set_piece_deliveries,set_piece_available,n_yellow_cards,n_red_cards,cards_available,n_substitutions,sub_available,snapshot_count,regulation_eligible,target_eligible_wdl,target_eligible_event_process,is_2026_wc_excluded,primary_fold,loco_fold,quality_grade,cap_possession_structure,cap_territory_thirds,cap_box_entries,cap_field_tilt,cap_attack_phase,cap_pressure,cap_recoveries,cap_turnovers,cap_blocks_clearances,cap_shot_events,cap_shot_xg,cap_shot_location,cap_shot_freeze_frame,cap_cards
international,FIFA World Cup 2018,2018,7525,7525,2018-06-14,Russia,Saudi Arabia,bc04e7442328cc43d52e3e2e549d926b366f40ec0a443fa99e4d58210e8484e5,True,lake_object_read,3318,True,94.8,False,True,4,4,20,20,available_verified,True,True,True,True,268,32,True,2,0,True,6,True,106,True,True,True,False,0,FIFA World Cup 2018,A,available_verified,available_verified,available_verified,available_verified,available_verified,available_verified,available_verified,available_verified,available_verified,available_verified,available_verified,available_verified,available_verified,available_verified
international,FIFA World Cup 2018,2018,7529,7529,2018-06-16,Croatia,Nigeria,20e43592bb389db6689447595d5f0dd82abf7c11189e70b68c3a3587d74bc214,True,lake_object_read,3320,True,94.15,False,True,4,4,24,24,available_verified,True,True,True,True,312,39,True,3,0,True,6,True,137,True,True,True,False,0,FIFA World Cup 2018,A,available_verified,available_verified,available_verified,available_verified,available_verified,available_verified,available_verified,available_verified,available_verified,available_verified,available_verified,available_verified,available_partial,available_verified
international,FIFA World Cup 2018,2018,7530,7530,2018-06-16,France,Australia,0e4a1f824d3539b210ba58de4bc4d6cb9f34466b4a7059df0d2b5bfe0a7a3370,True,lake_object_read,3472,True,95.483,False,True,4,4,17,17,available_verified,True,True,True,True,249,29,True,4,0,True,6,True,94,True,True,True,False,0,FIFA World Cup 2018,A,available_verified,available_verified,available_verified,available_verified,available_verified,available_verified,available_verified,available_verified,available_verified,available_verified,available_verified,available_verified,available_partial,available_verified
international,FIFA World Cup 2018,2018,7531,7531,2018-06-16,Argentina,Iceland,4fb8cc5585b17b8cdadad272697eb66029554b230fcc743aec9276a23093857a,True,lake_object_read,3599,True,95.017,False,True,4,4,37,37,available_verified,True,True,True,True,260,30,True,0,0,True,6,True,173,True,True,True,False,0,FIFA World Cup 2018,A,available_verified,available_verified,available_verified,available_verified,available_verified,available_verified,available_verified,available_verified,available_verified,available_verified,available_verified,available_verified,available_partial,available_verified
international,FIFA World Cup 2018,2018,7532,7532,2018-06-16,Peru,Denmark,963b9082b9e84915f4414e201db60293ea321dff575c5d3a6cf91f7487fca9bb,True,lake_object_read,3097,True,95.117,False,True,4,4,28,28,available_verified,True,True,True,True,291,33,True,3,0,True,6,True,151,True,True,True,False,0,FIFA World Cup 2018,A,available_verified,available_verified,available_verified,available_verified,available_verified,available_verified,available_verified,available_verified,available_verified,available_verified,available_verified,available_verified,available_partial,available_verified
international,FIFA World Cup 2018,2018,7533,7533,2018-06-17,Brazil,Switzerland,c3f4468ddeb33d0d6322a55eb0dbbf570782afb8cc044eab12c03fc004ee2832,True,lake_object_read,4010,True,96.45,False,True,4,4,28,28,available_verified,True,True,True,True,500,25,True,3,0,True,6,True,134,True,True,True,False,0,FIFA World Cup 2018,A,available_verified,available_verified,available_verified,available_verified,available_verified,available_verified,available_verified,available_verified,available_verified,available_verified,available_verified,available_verified,available_verified,available_verified
international,FIFA World Cup 2018,2018,7534,7534,2018-06-17,Germany,Mexico,1b6b98fd6627e42174cc09416a131ef5d2f04951e43c9dcb6125b8c24b2b9eb2,True,lake_object_read,3704,True,93.167,False,True,4,4,38,38,available_verified,True,True,True,True,489,22,True,4,0,True,6,True,177,True,True,True,False,0,FIFA World Cup 2018,A,available_verified,available_verified,available_verified,available_verified,available_verified,available_verified,available_verified,available_verified,available_verified,available_verified,available_verified,available_verified,available_verified,available_verified
international,FIFA World Cup 2018,2018,7535,7535,2018-06-17,Costa Rica,Serbia,87e35700fdbb24b63577fa2ca6090ea672b49be0531bfe030c67d77c420371b7,True,lake_object_read,3183,True,97.617,False,True,4,4,22,22,available_verified,True,True,True,True,223,30,True,4,0,True,6,True,137,True,True,True,False,0,FIFA World Cup 2018,A,available_verified,available_verified,available_verified,available_verified,available_verified,available_verified,available_verified,available_verified,available_verified,available_verified,available_verified,available_verified,available_verified,available_verified
international,FIFA World Cup 2018,2018,7536,7536,2018-06-18,Belgium,Panama,656ad5f1b82b6b879d070eae5e65f7a0835a8c90959f1c05b51d9ebc8a669558,True,lake_object_read,3662,True,94.15,False,True,4,4,22,22,available_verified,True,True,True,True,429,36,True,8,0,True,6,True,128,True,True,True,False,0,FIFA World Cup 2018,A,available_verified,available_verified,available_verified,available_verified,available_verified,available_verified,available_verified,available_verified,available_verified,available_verified,available_verified,available_verified,available_verified,available_verified
international,FIFA World Cup 2018,2018,7537,7537,2018-06-18,Tunisia,England,5e5b1f702eb190bd3120ebc26c8ce98c554bb755cd593ff04443fc46eb33acbf,True,lake_object_read,3548,True,94.733,False,True,4,4,24,24,available_verified,True,True,True,True,453,30,True,1,0,True,6,True,113,True,False,False,False,0,FIFA World Cup 2018,A,available_verified,available_verified,available_verified,available_verified,available_verified,available_verified,available_verified,available_verified,available_verified,available_verified,available_verified,available_verified,available_partial,available_verified
international,FIFA World Cup 2018,2018,7538,7538,2018-06-18,Sweden,South Korea,ac684143ef2c246c1745a078d03e0c7ab31b96a7ea3863e42ea539b7c6d3383e,True,lake_object_read,3117,True,94.2,False,True,4,4,21,21,available_verified,True,True,True,True,263,35,True,3,0,True,6,True,126,True,True,True,False,0,FIFA World Cup 2018,A,available_verified,available_verified,available_verified,available_verified,available_verified,available_verified,available_verified,available_verified,available_verified,available_verified,available_verified,available_verified,available_partial,available_verified
international,FIFA World Cup 2018,2018,7539,7539,2018-06-19,Poland,Senegal,ee7b02c0f464cbe4b525c974aadb086f3d3ceebbb96093e958c62613938b8d53,True,lake_object_read,3457,True,94.267,False,True,4,4,17,17,available_verified,True,True,True,True,369,23,True,2,0,True,6,True,111,True,True,True,False,0,FIFA World Cup 2018,A,available_verified,available_verified,available_verified,available_verified,available_verified,available_verified,available_verified,available_verified,available_verified,available_verified,available_verified,available_verified,available_verified,available_verified
international,UEFA Euro 2020,2020,3788741,3788741,2021-06-11,Turkey,Italy,b9ddce6bee771bdb1f3564c9ac0552619257e412d0767939f1e7f1500ace3062,True,lake_object_read,3803,True,93.05,False,True,4,4,27,27,available_verified,True,True,True,True,382,34,True,2,0,True,9,True,142,True,True,True,False,1,UEFA Euro 2020,A,available_verified,available_verified,available_verified,available_verified,available_verified,available_verified,available_verified,available_verified,available_verified,available_verified,available_verified,available_verified,available_verified,available_verified
international,UEFA Euro 2020,2020,3788742,3788742,2021-06-12,Denmark,Finland,1408d239936cecb7235754f17d73717292eff58e8e09ad8d0552707925fdda08,True,lake_object_read,3488,True,94.067,False,True,4,4,23,23,available_verified,True,True,True,True,354,32,True,2,0,True,9,True,138,True,True,True,False,1,UEFA Euro 2020,A,available_verified,available_verified,available_verified,available_verified,available_verified,available_verified,available_verified,available_verified,available_verified,available_verified,available_verified,available_verified,available_partial,available_verified
international,UEFA Euro 2020,2020,3788743,3788743,2021-06-12,Belgium,Russia,38cf62081036062f3ad640a5ba6a0d99148e8fb078de9eedd37ede323e4f4e8d,True,lake_object_read,3856,True,91.933,False,True,4,4,14,14,available_verified,True,True,True,True,276,28,True,0,0,True,9,True,99,True,True,True,False,1,UEFA Euro 2020,A,available_verified,available_verified,available_verified,available_verified,available_verified,available_verified,available_verified,available_verified,available_verified,available_verified,available_verified,available_verified,available_verified,available_verified
international,UEFA Euro 2020,2020,3788744,3788744,2021-06-12,Wales,Switzerland,43b362fc808ac3217cb6f53f73774e3f9e3f793da8cde5b48a0816c3ebd50edf,True,lake_object_read,2996,True,95.417,False,True,4,4,27,27,available_verified,True,True,True,True,221,35,True,3,0,True,4,True,128,True,True,True,False,1,UEFA Euro 2020,A,available_verified,available_verified,available_verified,available_verified,available_verified,available_verified,available_verified,available_verified,available_verified,available_verified,available_verified,available_verified,available_verified,available_verified
international,UEFA Euro 2020,2020,3788745,3788745,2021-06-13,England,Croatia,79201b48256e507f904d405b7f75b3586d4fe3b864ec39a038f46cbad92de66c,True,lake_object_read,3366,True,94.583,False,True,4,4,16,16,available_verified,True,True,True,True,353,23,True,4,0,True,7,True,87,True,True,True,False,1,UEFA Euro 2020,A,available_verified,available_verified,available_verified,available_verified,available_verified,available_verified,available_verified,available_verified,available_verified,available_verified,available_verified,available_verified,available_verified,available_verified
international,UEFA Euro 2020,2020,3788746,3788746,2021-06-13,Netherlands,Ukraine,15c2f6ef998f71c0e4ff602ed7551b1877f9f8c6e50e806841fcedb7e5e1d0c5,True,lake_object_read,3969,True,95.067,False,True,4,4,22,22,available_verified,True,True,True,True,347,25,True,1,0,True,7,True,129,True,True,True,False,1,UEFA Euro 2020,A,available_verified,available_verified,available_verified,available_verified,available_verified,available_verified,available_verified,available_verified,available_verified,available_verified,available_verified,available_verified,available_verified,available_verified
international,UEFA Euro 2020,2020,3788747,3788747,2021-06-13,Austria,North Macedonia,8712c3dd14a1b8dfa5994b95624e6948c781a3858762195d939cb70852970317,True,lake_object_read,3464,True,94.267,False,True,4,4,17,17,available_verified,True,True,True,True,321,34,True,3,0,True,9,True,106,True,True,True,False,1,UEFA Euro 2020,A,available_verified,available_verified,available_verified,available_verified,available_verified,available_verified,available_verified,available_verified,available_verified,available_verified,available_verified,available_verified,available_verified,available_verified
international,UEFA Euro 2020,2020,3788748,3788748,2021-06-14,Scotland,Czech Republic,a4a20bc3796e7a5e3fbe4fcf3e91a676d7b740e42a07715bcea59345c1b944eb,True,lake_object_read,3440,True,94.517,False,True,4,4,29,29,available_verified,True,True,True,True,381,27,True,0,0,True,10,True,147,True,True,True,False,1,UEFA Euro 2020,A,available_verified,available_verified,available_verified,available_verified,available_verified,available_verified,available_verified,available_verified,available_verified,available_verified,available_verified,available_verified,available_verified,available_verified
international,UEFA Euro 2020,2020,3788749,3788749,2021-06-14,Poland,Slovakia,0a54ec9254bfa3cb869df320d74627c1d931dfe73ad1bf6113d26dc6f93d7f6f,True,lake_object_read,3628,True,94.45,False,True,4,4,29,29,available_verified,True,True,True,True,413,35,True,2,1,True,9,True,128,True,True,True,False,1,UEFA Euro 2020,A,available_verified,available_verified,available_verified,available_verified,available_verified,available_verified,available_verified,available_verified,available_verified,available_verified,available_verified,available_verified,available_verified,available_verified
international,UEFA Euro 2020,2020,3788750,3788750,2021-06-14,Spain,Sweden,d580719d87a47a84f49be09af6e13f4ae592201fe51626bef9d479d76f2ab14f,True,lake_object_read,3677,True,96.2,False,True,4,4,21,21,available_verified,True,True,True,True,197,28,True,1,0,True,10,True,132,True,True,True,False,1,UEFA Euro 2020,A,available_verified,available_verified,available_verified,available_verified,available_verified,available_verified,available_verified,available_verified,available_verified,available_verified,available_verified,available_verified,available_verified,available_verified
international,UEFA Euro 2020,2020,3788751,3788751,2021-06-15,France,Germany,b8538cde72d2596c3eade9546a36edd2dfdc462cdfe836863dd2ad161ced2748,True,lake_object_read,4031,True,98.117,False,True,4,4,14,14,available_verified,True,True,True,True,313,28,True,1,0,True,6,True,105,True,True,True,False,1,UEFA Euro 2020,A,available_verified,available_verified,available_verified,available_verified,available_verified,available_verified,available_verified,available_verified,available_verified,available_verified,available_verified,available_verified,available_verified,available_verified
international,UEFA Euro 2020,2020,3788752,3788752,2021-06-15,Hungary,Portugal,1fe3809da92ce4330e12e3b729f48d77174e481875d12737c90f04144cabf7cd,True,lake_object_read,3709,True,95.033,False,True,4,4,16,16,available_verified,True,True,True,True,332,34,True,3,0,True,9,True,122,True,True,True,False,1,UEFA Euro 2020,A,available_verified,available_verified,available_verified,available_verified,available_verified,available_verified,available_verified,available_verified,available_verified,available_verified,available_verified,available_verified,available_partial,available_verified
international,FIFA World Cup 2022,2022,3857254,3857254,2022-11-22,Denmark,Tunisia,05b8584eea49fb178102bc067ccb5dad82c1c1988ec971a875a9229e27badb5a,True,lake_object_read,3680,True,97.6,False,True,4,4,24,24,available_verified,True,True,True,True,239,41,True,3,0,True,9,True,120,True,True,True,False,2,FIFA World Cup 2022,A,available_verified,available_verified,available_verified,available_verified,available_verified,available_verified,available_verified,available_verified,available_verified,available_verified,available_verified,available_verified,available_verified,available_verified
international,FIFA World Cup 2022,2022,3857255,3857255,2022-12-01,Japan,Spain,dec08979312350b0c3910b5ed15c7e4f7c10f438b733be0231d47a487b74e7a0,True,lake_object_read,4450,True,97.017,False,True,4,4,18,18,available_verified,True,True,True,True,318,22,True,3,0,True,10,True,105,True,True,True,False,2,FIFA World Cup 2022,A,available_verified,available_verified,available_verified,available_verified,available_verified,available_verified,available_verified,available_verified,available_verified,available_verified,available_verified,available_verified,available_verified,available_verified
international,FIFA World Cup 2022,2022,3857256,3857256,2022-12-02,Serbia,Switzerland,e1c5c6d486cac99e336669951946b5d31983b28285089470943f42d16ced7337,True,lake_object_read,3210,True,100.3,False,True,4,4,26,26,available_verified,True,True,True,True,177,34,True,11,0,True,9,True,120,True,True,True,False,2,FIFA World Cup 2022,A,available_verified,available_verified,available_verified,available_verified,available_verified,available_verified,available_verified,available_verified,available_verified,available_verified,available_verified,available_verified,available_verified,available_verified
international,FIFA World Cup 2022,2022,3857257,3857257,2022-11-30,Australia,Denmark,a9cc7eef2a5f15d49f2fe5bc2b0040732862c500b1363b3c0f6694cf41498cbf,True,lake_object_read,3594,True,96.05,False,True,4,4,22,22,available_verified,True,True,True,True,202,33,True,3,0,True,9,True,135,True,True,True,False,2,FIFA World Cup 2022,A,available_verified,available_verified,available_verified,available_verified,available_verified,available_verified,available_verified,available_verified,available_verified,available_verified,available_verified,available_verified,available_verified,available_verified
international,FIFA World Cup 2022,2022,3857258,3857258,2022-11-24,Brazil,Serbia,0b47aafb78f7a131cf536753291ec3be96a54509407ec7e400c143730ae4db74,True,lake_object_read,3656,True,97.133,False,True,4,4,28,28,available_verified,True,True,True,True,249,27,True,3,0,True,10,True,138,True,True,True,False,2,FIFA World Cup 2022,A,available_verified,available_verified,available_verified,available_verified,available_verified,available_verified,available_verified,available_verified,available_verified,available_verified,available_verified,available_verified,available_verified,available_verified
international,FIFA World Cup 2022,2022,3857259,3857259,2022-11-28,Cameroon,Serbia,54006e5292f8a12a121d39c68a796d8fbe94c0f93304558a40bb80d81972f264,True,lake_object_read,3270,True,96.217,False,True,4,4,28,28,available_verified,True,True,True,True,237,31,True,4,0,True,10,True,149,True,True,True,False,2,FIFA World Cup 2022,A,available_verified,available_verified,available_verified,available_verified,available_verified,available_verified,available_verified,available_verified,available_verified,available_verified,available_verified,available_verified,available_verified,available_verified
international,FIFA World Cup 2022,2022,3857260,3857260,2022-11-30,Saudi Arabia,Mexico,7d619884b464cb63bb5ae13085cc3e6f2390cb2c6ef42107e2f85abb751579e7,True,lake_object_read,2912,True,97.633,False,True,4,4,36,36,available_verified,True,True,True,True,268,49,True,7,0,True,9,True,132,True,True,True,False,2,FIFA World Cup 2022,A,available_verified,available_verified,available_verified,available_verified,available_verified,available_verified,available_verified,available_verified,available_verified,available_verified,available_verified,available_verified,available_verified,available_verified
international,FIFA World Cup 2022,2022,3857261,3857261,2022-11-29,Wales,England,ec4f9d3ebb2fe5dd32664a60fec79c4e5b4536748315f35fca050fd7f8bb23c2,True,lake_object_read,3315,True,94.0,False,True,4,4,25,25,available_verified,True,True,True,True,210,32,True,2,0,True,10,True,110,True,True,True,False,2,FIFA World Cup 2022,A,available_verified,available_verified,available_verified,available_verified,available_verified,available_verified,available_verified,available_verified,available_verified,available_verified,available_verified,available_verified,available_verified,available_verified
international,FIFA World Cup 2022,2022,3857262,3857262,2022-12-02,South Korea,Portugal,f67026e3be8362a24da7df778ca96cdfc631bef071b07b4edb6cef1cb1eafacf,True,lake_object_read,3378,True,96.983,False,True,4,4,25,25,available_verified,True,True,True,True,194,33,True,2,0,True,9,True,117,True,False,False,False,2,FIFA World Cup 2022,A,available_verified,available_verified,available_verified,available_verified,available_verified,available_verified,available_verified,available_verified,available_verified,available_verified,available_verified,available_verified,available_verified,available_verified
international,FIFA World Cup 2022,2022,3857263,3857263,2022-11-27,Spain,Germany,16617ba95154db870ba833156348acfafa037730391ec0f8fe3f2635eba135ad,True,lake_object_read,3603,True,95.817,False,True,4,4,18,18,available_verified,True,True,True,True,282,41,True,4,0,True,9,True,117,True,True,True,False,2,FIFA World Cup 2022,A,available_verified,available_verified,available_verified,available_verified,available_verified,available_verified,available_verified,available_verified,available_verified,available_verified,available_verified,available_verified,available_verified,available_verified
international,FIFA World Cup 2022,2022,3857264,3857264,2022-11-30,Poland,Argentina,b5e2357a818badd8b294b854b2b327ea7a07cdf7a627973f20a81ebf98e494ce,True,lake_object_read,4052,True,96.017,False,True,4,4,28,28,available_verified,True,True,True,True,193,26,True,2,0,True,10,True,137,True,True,True,False,2,FIFA World Cup 2022,A,available_verified,available_verified,available_verified,available_verified,available_verified,available_verified,available_verified,available_verified,available_verified,available_verified,available_verified,available_verified,available_partial,available_verified
international,FIFA World Cup 2022,2022,3857265,3857265,2022-11-22,Mexico,Poland,ed76f94790148cc865622a26fd3d29df3d5253bd04bf053c0207dc0d15e6c0a6,True,lake_object_read,3184,True,97.383,False,True,4,4,17,17,available_verified,True,True,True,True,231,42,True,3,0,True,6,True,118,True,True,True,False,2,FIFA World Cup 2022,A,available_verified,available_verified,available_verified,available_verified,available_verified,available_verified,available_verified,available_verified,available_verified,available_verified,available_verified,available_verified,available_partial,available_verified
international,UEFA Euro 2024,2024,3930158,3930158,2024-06-14,Germany,Scotland,4c7412bf2e4a25d7bdf9c0e5f78fbb55c8fc30a918c68a48eb7c7a434d3e91a9,True,lake_object_read,3372,True,93.65,False,True,4,4,21,21,available_verified,True,True,True,True,260,32,True,3,1,True,10,True,112,True,True,True,False,3,UEFA Euro 2024,A,available_verified,available_verified,available_verified,available_verified,available_verified,available_verified,available_verified,available_verified,available_verified,available_verified,available_verified,available_verified,available_partial,available_verified
international,UEFA Euro 2024,2024,3930159,3930159,2024-06-15,Hungary,Switzerland,694c7c4422592ee3a38a1f6375004d23355d40f8918c705a9df967e063dcce40,True,lake_object_read,3370,True,97.0,False,True,4,4,21,21,available_verified,True,True,True,True,327,35,True,4,0,True,9,True,117,True,True,True,False,3,UEFA Euro 2024,A,available_verified,available_verified,available_verified,available_verified,available_verified,available_verified,available_verified,available_verified,available_verified,available_verified,available_verified,available_verified,available_verified,available_verified
international,UEFA Euro 2024,2024,3930160,3930160,2024-06-15,Spain,Croatia,e04ef2100f09adeab65d8a63c389fbf9487323223f9027b12abbeb4b577b8790,True,lake_object_read,3793,True,95.15,False,True,4,4,27,27,available_verified,True,True,True,True,430,32,True,1,0,True,9,True,113,True,True,True,False,3,UEFA Euro 2024,A,available_verified,available_verified,available_verified,available_verified,available_verified,available_verified,available_verified,available_verified,available_verified,available_verified,available_verified,available_verified,available_partial,available_verified
international,UEFA Euro 2024,2024,3930161,3930161,2024-06-15,Italy,Albania,4c87b1547af72dabb5eb812f16749b24f196d4735606efd06a20c494372f32e5,True,lake_object_read,4066,True,95.417,False,True,4,4,25,25,available_verified,True,True,True,True,178,24,True,4,0,True,9,True,120,True,True,True,False,3,UEFA Euro 2024,A,available_verified,available_verified,available_verified,available_verified,available_verified,available_verified,available_verified,available_verified,available_verified,available_verified,available_verified,available_verified,available_verified,available_verified
international,UEFA Euro 2024,2024,3930162,3930162,2024-06-16,Slovenia,Denmark,e97379bf5fc05d24d07c7ac98defc2856203d0fd8c52b64c05dec19f0e768e37,True,lake_object_read,3509,True,94.467,False,True,4,4,27,27,available_verified,True,True,True,True,281,39,True,3,0,True,10,True,140,True,True,True,False,3,UEFA Euro 2024,A,available_verified,available_verified,available_verified,available_verified,available_verified,available_verified,available_verified,available_verified,available_verified,available_verified,available_verified,available_verified,available_verified,available_verified
international,UEFA Euro 2024,2024,3930163,3930163,2024-06-16,Serbia,England,1e73b8517f4a51d08eced1c77995c188b9eddcec0cb599c8f5067fd007b29b13,True,lake_object_read,3920,True,94.033,False,True,4,4,11,11,available_verified,True,True,True,True,256,30,True,2,0,True,8,True,92,True,True,True,False,3,UEFA Euro 2024,A,available_verified,available_verified,available_verified,available_verified,available_verified,available_verified,available_verified,available_verified,available_verified,available_verified,available_verified,available_verified,available_verified,available_verified
international,UEFA Euro 2024,2024,3930164,3930164,2024-06-17,Belgium,Slovakia,573e66df5216af87f1d90fcea9981717a2fb7a1d8c634cd358c8df5347298c60,True,lake_object_read,3543,True,98.033,False,True,4,4,26,26,available_verified,True,True,True,True,315,39,True,4,0,True,8,True,127,True,True,True,False,3,UEFA Euro 2024,A,available_verified,available_verified,available_verified,available_verified,available_verified,available_verified,available_verified,available_verified,available_verified,available_verified,available_verified,available_verified,available_verified,available_verified
international,UEFA Euro 2024,2024,3930165,3930165,2024-06-17,Austria,France,3450034b725d7e8145a283ba2a8de31499a9c2b44d8b0164302805c2f3f22698,True,lake_object_read,3718,True,99.217,False,True,4,4,19,19,available_verified,True,True,True,True,356,36,True,7,0,True,9,True,124,True,True,True,False,3,UEFA Euro 2024,A,available_verified,available_verified,available_verified,available_verified,available_verified,available_verified,available_verified,available_verified,available_verified,available_verified,available_verified,available_verified,available_verified,available_verified
international,UEFA Euro 2024,2024,3930166,3930166,2024-06-18,Portugal,Czech Republic,aae2a1e51c98abb3f35f7898ddadc5641132907bd0a758b45ca0f5776e33c3a2,True,lake_object_read,3610,True,95.033,False,True,4,4,24,24,available_verified,True,True,True,True,264,31,True,3,0,True,10,True,148,True,False,False,False,3,UEFA Euro 2024,A,available_verified,available_verified,available_verified,available_verified,available_verified,available_verified,available_verified,available_verified,available_verified,available_verified,available_verified,available_verified,available_verified,available_verified
international,UEFA Euro 2024,2024,3930167,3930167,2024-06-19,Croatia,Albania,4dbd82ba45e05f8b3ec16965f221fcbf6b788256ee49419c15bab3fbbf8048f8,True,lake_object_read,3719,True,98.083,False,True,4,4,35,35,available_verified,True,True,True,True,326,33,True,4,0,True,9,True,149,True,False,False,False,3,UEFA Euro 2024,A,available_verified,available_verified,available_verified,available_verified,available_verified,available_verified,available_verified,available_verified,available_verified,available_verified,available_verified,available_verified,available_verified,available_verified
international,UEFA Euro 2024,2024,3930168,3930168,2024-06-19,Germany,Hungary,c125d9215805fbf285226b89e5de5b87376111a7a969eaf4de3d01be69bf6272,True,lake_object_read,3880,True,93.15,False,True,4,4,30,30,available_verified,True,True,True,True,283,39,True,4,0,True,10,True,155,True,True,True,False,3,UEFA Euro 2024,A,available_verified,available_verified,available_verified,available_verified,available_verified,available_verified,available_verified,available_verified,available_verified,available_verified,available_verified,available_verified,available_verified,available_verified
international,UEFA Euro 2024,2024,3930169,3930169,2024-06-19,Scotland,Switzerland,07b490aeec4ea23dd77c05351f0d846e2ad8210d1cf40458b63d9a3c0aef137c,True,lake_object_read,3130,True,94.067,False,True,4,4,23,23,available_verified,True,True,True,True,315,40,True,5,0,True,9,True,116,True,True,True,False,3,UEFA Euro 2024,A,available_verified,available_verified,available_verified,available_verified,available_verified,available_verified,available_verified,available_verified,available_verified,available_verified,available_verified,available_verified,available_verified,available_verified
international,Copa America 2024,2024,3939969,3939969,2024-06-21,Argentina,Canada,eed071b6914cb1cffd6d0dc4ae55611ac06681c76f14c9cc711e614118f86cba,True,lake_object_read,3619,True,95.3,False,True,4,4,29,29,available_verified,True,True,True,True,356,35,True,4,0,True,9,True,134,True,True,True,False,4,Copa America 2024,A,available_verified,available_verified,available_verified,available_verified,available_verified,available_verified,available_verified,available_verified,available_verified,available_verified,available_verified,available_verified,available_verified,available_verified
international,Copa America 2024,2024,3939970,3939970,2024-06-22,Peru,Chile,3ff13c7e6a78f272d1d9af9dbad88c1607911a149b88b70c0464479bd72a6a27,True,lake_object_read,3212,True,95.55,False,True,4,4,18,18,available_verified,True,True,True,True,309,44,True,4,0,True,9,True,110,True,True,True,False,4,Copa America 2024,A,available_verified,available_verified,available_verified,available_verified,available_verified,available_verified,available_verified,available_verified,available_verified,available_verified,available_verified,available_verified,available_verified,available_verified
international,Copa America 2024,2024,3939971,3939971,2024-06-23,Mexico,Jamaica,91beb2897804fbd30457b8e99da404ef8797fa62c6af8d938868c229081cbb83,True,lake_object_read,3308,True,93.583,False,True,4,4,33,33,available_verified,True,True,True,True,259,29,True,0,0,True,9,True,157,True,True,True,False,4,Copa America 2024,A,available_verified,available_verified,available_verified,available_verified,available_verified,available_verified,available_verified,available_verified,available_verified,available_verified,available_verified,available_verified,available_verified,available_verified
international,Copa America 2024,2024,3939972,3939972,2024-06-22,Ecuador,Venezuela,b608a9b94c4a566f4730687fec4983767cb35e03f02241ad2e0de7099bca0d33,True,lake_object_read,3038,True,95.383,False,True,4,4,23,23,available_verified,True,True,True,True,233,45,True,4,1,True,9,True,130,True,True,True,False,4,Copa America 2024,A,available_verified,available_verified,available_verified,available_verified,available_verified,available_verified,available_verified,available_verified,available_verified,available_verified,available_verified,available_verified,available_verified,available_verified
international,Copa America 2024,2024,3939973,3939973,2024-06-24,Uruguay,Panama,0cfe02b9437829e686269b4d551267989d0ecf3c326c94dbf6c6bbf67b6be314,True,lake_object_read,2995,True,94.967,False,True,4,4,30,30,available_verified,True,True,True,True,264,36,True,1,0,True,9,True,147,True,True,True,False,4,Copa America 2024,A,available_verified,available_verified,available_verified,available_verified,available_verified,available_verified,available_verified,available_verified,available_verified,available_verified,available_verified,available_verified,available_verified,available_verified
international,Copa America 2024,2024,3939974,3939974,2024-06-23,United States,Bolivia,4145afd7abba55786a32caac6d4b7f81118e547bbafacd6519bf48fb18096eb6,True,lake_object_read,3398,True,94.1,False,True,4,4,26,26,available_verified,True,True,True,True,313,34,True,5,0,True,10,True,139,True,True,True,False,4,Copa America 2024,A,available_verified,available_verified,available_verified,available_verified,available_verified,available_verified,available_verified,available_verified,available_verified,available_verified,available_verified,available_verified,available_verified,available_verified
international,Copa America 2024,2024,3939975,3939975,2024-06-24,Colombia,Paraguay,c242229212b16f2ce7b621e162b6d0ad20f3cfc6885dd9ff930184bbfb7f9ab2,True,lake_object_read,2994,True,97.283,False,True,4,4,22,22,available_verified,True,True,True,True,293,36,True,3,0,True,10,True,108,True,True,True,False,4,Copa America 2024,A,available_verified,available_verified,available_verified,available_verified,available_verified,available_verified,available_verified,available_verified,available_verified,available_verified,available_verified,available_verified,available_verified,available_verified
international,Copa America 2024,2024,3939976,3939976,2024-06-25,Brazil,Costa Rica,464234e632a40314f16793059210a7e54c1841628315541853d1b0f8838dffcc,True,lake_object_read,3697,True,95.117,False,True,4,4,22,22,available_verified,True,True,True,True,315,35,True,3,0,True,8,True,146,True,True,True,False,4,Copa America 2024,A,available_verified,available_verified,available_verified,available_verified,available_verified,available_verified,available_verified,available_verified,available_verified,available_verified,available_verified,available_verified,available_verified,available_verified
international,Copa America 2024,2024,3939977,3939977,2024-06-26,Chile,Argentina,ad7a12a4efbaee99c291851648c36daf7c1fb97ada69ced7b60fdce102e15c14,True,lake_object_read,3653,True,95.85,False,True,4,4,25,25,available_verified,True,True,True,True,372,34,True,2,0,True,9,True,116,True,True,True,False,4,Copa America 2024,A,available_verified,available_verified,available_verified,available_verified,available_verified,available_verified,available_verified,available_verified,available_verified,available_verified,available_verified,available_verified,available_verified,available_verified
international,Copa America 2024,2024,3939979,3939979,2024-06-27,Venezuela,Mexico,e5a22122a712640553dc25befa86f87a8b41ec5c509df717ee9b8e2bb15ccbcb,True,lake_object_read,3264,True,97.45,False,True,4,4,28,28,available_verified,True,True,True,True,270,32,True,4,0,True,10,True,128,True,True,True,False,4,Copa America 2024,A,available_verified,available_verified,available_verified,available_verified,available_verified,available_verified,available_verified,available_verified,available_verified,available_verified,available_verified,available_verified,available_partial,available_verified
international,Copa America 2024,2024,3939982,3939982,2024-06-28,uruguay,bolivia,8814ca7746ff1dd8742df9cd672726a4dfaccbba068c06ff76bd9ba8218984a7,True,lake_object_read,3293,True,93.283,False,True,4,4,22,22,available_verified,True,True,True,True,285,35,True,1,0,True,10,True,128,True,True,True,False,4,Copa America 2024,A,available_verified,available_verified,available_verified,available_verified,available_verified,available_verified,available_verified,available_verified,available_verified,available_verified,available_verified,available_verified,available_verified,available_verified
international,FIFA World Cup 2018,2018,7540,7540,2018-06-19,Russia,Egypt,f2bbcf6157a2f537c09f0423aa40940ec0ffcfa9f036c4b22ebd1eced8f0a1ab,True,lake_object_read,3348,True,94.1,False,True,4,4,27,27,available_verified,True,True,True,True,348,25,True,3,0,True,6,True,148,True,True,True,False,0,FIFA World Cup 2018,A,available_verified,available_verified,available_verified,available_verified,available_verified,available_verified,available_verified,available_verified,available_verified,available_verified,available_verified,available_verified,available_partial,available_verified
international,FIFA World Cup 2018,2018,7542,7542,2018-06-20,Portugal,Morocco,bf413501a7245ad9f69dbfc51b038b92457345a47f363d594887d6987ccf5e90,True,lake_object_read,3243,True,95.1,False,True,4,4,29,29,available_verified,True,True,True,True,242,41,True,2,0,True,6,True,126,True,True,True,False,0,FIFA World Cup 2018,A,available_verified,available_verified,available_verified,available_verified,available_verified,available_verified,available_verified,available_verified,available_verified,available_verified,available_verified,available_verified,available_verified,available_verified
international,FIFA World Cup 2018,2018,7543,7543,2018-06-20,Iran,Spain,a71116f175234e1696cf28cc5e5123eceae8f224ae837226c01b785d552059e0,True,lake_object_read,3822,True,94.15,False,True,4,4,24,24,available_verified,True,True,True,True,394,25,True,2,0,True,6,True,134,True,True,True,False,0,FIFA World Cup 2018,A,available_verified,available_verified,available_verified,available_verified,available_verified,available_verified,available_verified,available_verified,available_verified,available_verified,available_verified,available_verified,available_verified,available_verified
international,FIFA World Cup 2018,2018,7541,7541,2018-06-19,Colombia,Japan,ed25888e92193f0394e121a9101c4d3a7607a225b4c7416c9b13a647b54b9584,True,lake_object_read,3869,True,95.217,False,True,4,4,24,24,available_verified,True,True,True,True,420,29,True,2,1,True,6,True,118,True,True,True,False,0,FIFA World Cup 2018,A,available_verified,available_verified,available_verified,available_verified,available_verified,available_verified,available_verified,available_verified,available_verified,available_verified,available_verified,available_verified,available_partial,available_verified
international,FIFA World Cup 2018,2018,7544,7544,2018-06-20,Uruguay,Saudi Arabia,c4309dfb9ad2a13b93f296fd98758fd0e1afae531b5580097fe21bbe9279cfb8,True,lake_object_read,3952,True,94.017,False,True,4,4,22,22,available_verified,True,True,True,True,413,18,True,0,0,True,6,True,110,True,True,True,False,0,FIFA World Cup 2018,A,available_verified,available_verified,available_verified,available_verified,available_verified,available_verified,available_verified,available_verified,available_verified,available_verified,available_verified,available_verified,available_verified,available_verified
international,FIFA World Cup 2018,2018,7545,7545,2018-06-21,Argentina,Croatia,f4512ba549a1c4704cf650e509d922284754b1ef51879eb91da24c6ba294d868,True,lake_object_read,3463,True,94.1,False,True,4,4,24,24,available_verified,True,True,True,True,430,31,True,8,0,True,6,True,108,True,True,True,False,0,FIFA World Cup 2018,A,available_verified,available_verified,available_verified,available_verified,available_verified,available_verified,available_verified,available_verified,available_verified,available_verified,available_verified,available_verified,available_verified,available_verified
international,FIFA World Cup 2018,2018,7547,7547,2018-06-21,Denmark,Australia,c1cdb35444c8a353bc9e2663ea578821ef6499d593e1764f4bb34823e7a751b8,True,lake_object_read,3576,True,93.45,False,True,4,4,23,23,available_verified,True,True,True,True,320,17,True,2,0,True,5,True,129,True,True,True,False,0,FIFA World Cup 2018,A,available_verified,available_verified,available_verified,available_verified,available_verified,available_verified,available_verified,available_verified,available_verified,available_verified,available_verified,available_verified,available_partial,available_verified
international,FIFA World Cup 2018,2018,7548,7548,2018-06-22,Brazil,Costa Rica,60f334286e04a6575ca8db14c7177abcc5bd2505d10070c1e36138f32def14a1,True,lake_object_read,3721,True,98.017,False,True,4,4,27,27,available_verified,True,True,True,True,253,33,True,3,0,True,6,True,141,True,False,False,False,0,FIFA World Cup 2018,A,available_verified,available_verified,available_verified,available_verified,available_verified,available_verified,available_verified,available_verified,available_verified,available_verified,available_verified,available_verified,available_verified,available_verified
international,FIFA World Cup 2018,2018,7546,7546,2018-06-21,France,Peru,5fd54c82f9f84d9b2b1d3f198d5b1f82c6752574ea6533acc22f93f53c286879,True,lake_object_read,3742,True,94.45,False,True,4,4,24,24,available_verified,True,True,True,True,490,27,True,4,0,True,6,True,119,True,True,True,False,0,FIFA World Cup 2018,A,available_verified,available_verified,available_verified,available_verified,available_verified,available_verified,available_verified,available_verified,available_verified,available_verified,available_verified,available_verified,available_verified,available_verified
international,FIFA World Cup 2018,2018,7549,7549,2018-06-22,Nigeria,Iceland,92c978cd230d5ef10df7f843b3526f6ad6f4350b113d84d252b3e347df6ae253,True,lake_object_read,3219,True,96.567,False,True,4,4,27,27,available_verified,True,True,True,True,417,23,True,1,0,True,6,True,127,True,True,True,False,0,FIFA World Cup 2018,A,available_verified,available_verified,available_verified,available_verified,available_verified,available_verified,available_verified,available_verified,available_verified,available_verified,available_verified,available_verified,available_partial,available_verified
international,FIFA World Cup 2018,2018,7551,7551,2018-06-23,Germany,Sweden,504191e8c993c96e4e1b69141a74e46b71266b9252f550a8aaf737048af4798f,True,lake_object_read,3460,True,97.15,False,True,4,4,25,25,available_verified,True,True,True,True,363,28,True,3,1,True,6,True,146,True,False,False,False,0,FIFA World Cup 2018,A,available_verified,available_verified,available_verified,available_verified,available_verified,available_verified,available_verified,available_verified,available_verified,available_verified,available_verified,available_verified,available_verified,available_verified
international,FIFA World Cup 2018,2018,7552,7552,2018-06-23,Belgium,Tunisia,31cb3931c4ceb69bc6df24c68f4572229b57f751e813494f1fe109359e4b5439,True,lake_object_read,3483,True,93.117,False,True,4,4,40,40,available_verified,True,True,True,True,432,26,True,1,0,True,6,True,148,True,True,True,False,0,FIFA World Cup 2018,A,available_verified,available_verified,available_verified,available_verified,available_verified,available_verified,available_verified,available_verified,available_verified,available_verified,available_verified,available_verified,available_partial,available_verified
international,FIFA World Cup 2018,2018,7550,7550,2018-06-22,Serbia,Switzerland,b15a39d3338316a7ef07902ae43261259e6865ae59b4f26d2f6516e58ff90226,True,lake_object_read,3475,True,95.8,False,True,4,4,31,31,available_verified,True,True,True,True,443,31,True,5,0,True,5,True,137,True,True,True,False,0,FIFA World Cup 2018,A,available_verified,available_verified,available_verified,available_verified,available_verified,available_verified,available_verified,available_verified,available_verified,available_verified,available_verified,available_verified,available_verified,available_verified
international,FIFA World Cup 2018,2018,7553,7553,2018-06-23,South Korea,Mexico,20520d4bb5b6820dfe2c8ebb6fc651217721747638fe86647a9c4c8e772167ac,True,lake_object_read,3287,True,95.15,False,True,4,4,31,31,available_verified,True,True,True,True,337,28,True,3,0,True,6,True,126,True,True,True,False,0,FIFA World Cup 2018,A,available_verified,available_verified,available_verified,available_verified,available_verified,available_verified,available_verified,available_verified,available_verified,available_verified,available_verified,available_verified,available_partial,available_verified
international,FIFA World Cup 2018,2018,7554,7554,2018-06-24,England,Panama,ea3aea09aa464da831487d412548fe033625fd913bbb918c76469d0c2b355acd,True,lake_object_read,3573,True,94.383,False,True,4,4,19,19,available_verified,True,True,True,True,341,33,True,4,0,True,6,True,91,True,True,True,False,0,FIFA World Cup 2018,A,available_verified,available_verified,available_verified,available_verified,available_verified,available_verified,available_verified,available_verified,available_verified,available_verified,available_verified,available_verified,available_partial,available_verified
international,FIFA World Cup 2018,2018,7555,7555,2018-06-24,Poland,Colombia,2eb87c884c49202ff395d0614444f2592efc84f6e3ae10a5634c18bc12fc2089,True,lake_object_read,3749,True,95.067,False,True,4,4,24,24,available_verified,True,True,True,True,422,31,True,2,0,True,6,True,137,True,True,True,False,0,FIFA World Cup 2018,A,available_verified,available_verified,available_verified,available_verified,available_verified,available_verified,available_verified,available_verified,available_verified,available_verified,available_verified,available_verified,available_verified,available_verified
international,FIFA World Cup 2018,2018,7556,7556,2018-06-24,Japan,Senegal,f2caf0325cf34afd47af2c8d0740a42bb3246b9f28069ed137b66da6fe781c8f,True,lake_object_read,3039,True,94.017,False,True,4,4,22,22,available_verified,True,True,True,True,285,26,True,5,0,True,6,True,124,True,True,True,False,0,FIFA World Cup 2018,A,available_verified,available_verified,available_verified,available_verified,available_verified,available_verified,available_verified,available_verified,available_verified,available_verified,available_verified,available_verified,available_verified,available_verified
international,FIFA World Cup 2018,2018,7558,7558,2018-06-25,Uruguay,Russia,b863dad8dd9d75f136afccfd5b71160e3d73f0536962481b6a195c04cd7a2038,True,lake_object_read,3268,True,94.617,False,True,4,4,19,19,available_verified,True,True,True,True,364,29,True,2,1,True,6,True,106,True,True,True,False,0,FIFA World Cup 2018,A,available_verified,available_verified,available_verified,available_verified,available_verified,available_verified,available_verified,available_verified,available_verified,available_verified,available_verified,available_verified,available_verified,available_verified
international,FIFA World Cup 2018,2018,7557,7557,2018-06-25,Iran,Portugal,993a23a8652d8e78581831cfa5c291e55e60fda9058b3b7944441d5a8506439b,True,lake_object_read,3188,True,97.267,False,True,4,4,24,24,available_verified,True,True,True,True,304,18,True,3,0,True,6,True,106,True,False,False,False,0,FIFA World Cup 2018,A,available_verified,available_verified,available_verified,available_verified,available_verified,available_verified,available_verified,available_verified,available_verified,available_verified,available_verified,available_verified,available_partial,available_verified
international,FIFA World Cup 2018,2018,7560,7560,2018-06-25,Spain,Morocco,20b6ca18e502f55801e9d0de5a5e476886e53ccec71a7c5026bb901d931ad7e1,True,lake_object_read,3599,True,96.75,False,True,4,4,26,26,available_verified,True,True,True,True,407,19,True,6,0,True,6,True,126,True,False,False,False,0,FIFA World Cup 2018,A,available_verified,available_verified,available_verified,available_verified,available_verified,available_verified,available_verified,available_verified,available_verified,available_verified,available_verified,available_verified,available_verified,available_verified
international,FIFA World Cup 2018,2018,7559,7559,2018-06-25,Saudi Arabia,Egypt,1833d363a3d7839c38a87035d8be17574f79f2fcd4d7b1368716fdbe21c5d560,True,lake_object_read,3831,True,95.55,False,True,4,4,29,29,available_verified,True,True,True,True,376,21,True,2,0,True,5,True,142,True,False,False,False,0,FIFA World Cup 2018,A,available_verified,available_verified,available_verified,available_verified,available_verified,available_verified,available_verified,available_verified,available_verified,available_verified,available_verified,available_verified,available_partial,available_verified
international,FIFA World Cup 2018,2018,7561,7561,2018-06-26,Iceland,Croatia,f95f4a023ca825311e94cefef5fdb00ccfc8cdd70672e9bd21aecbd5cb143761,True,lake_object_read,3325,True,94.1,False,True,4,4,30,30,available_verified,True,True,True,True,448,27,True,4,0,True,6,True,116,True,True,True,False,0,FIFA World Cup 2018,A,available_verified,available_verified,available_verified,available_verified,available_verified,available_verified,available_verified,available_verified,available_verified,available_verified,available_verified,available_verified,available_partial,available_verified
international,FIFA World Cup 2018,2018,7562,7562,2018-06-26,Australia,Peru,85b6e7448441d4843805091198cf0a07ac8c441e28058f4f7a91ae68409e6d0a,True,lake_object_read,3630,True,94.067,False,True,4,4,20,20,available_verified,True,True,True,True,444,33,True,5,0,True,6,True,121,True,True,True,False,0,FIFA World Cup 2018,A,available_verified,available_verified,available_verified,available_verified,available_verified,available_verified,available_verified,available_verified,available_verified,available_verified,available_verified,available_verified,available_verified,available_verified
international,FIFA World Cup 2018,2018,7563,7563,2018-06-26,Denmark,France,098b337d5fe5e0ab65acf3eb622f6b5b8c800ac8e2e89cc4ffd5614b1777c003,True,lake_object_read,3605,True,93.117,False,True,4,4,16,16,available_verified,True,True,True,True,283,21,True,1,0,True,6,True,113,True,True,True,False,0,FIFA World Cup 2018,A,available_verified,available_verified,available_verified,available_verified,available_verified,available_verified,available_verified,available_verified,available_verified,available_verified,available_verified,available_verified,available_verified,available_verified
international,FIFA World Cup 2018,2018,7565,7565,2018-06-27,Serbia,Brazil,e5b6946b810598b946b8263230e7a5464207fae423c351cf8f9244ea7882f16f,True,lake_object_read,4083,True,93.067,False,True,4,4,26,26,available_verified,True,True,True,True,472,27,True,3,0,True,6,True,155,True,True,True,False,0,FIFA World Cup 2018,A,available_verified,available_verified,available_verified,available_verified,available_verified,available_verified,available_verified,available_verified,available_verified,available_verified,available_verified,available_verified,available_verified,available_verified
international,FIFA World Cup 2018,2018,7564,7564,2018-06-26,Nigeria,Argentina,24a91a7964cd9b75effb9181fb4287878d9d1749b99bdf0f3a749ab305a1a5a7,True,lake_object_read,3503,True,94.5,False,True,4,4,17,17,available_verified,True,True,True,True,436,33,True,5,0,True,6,True,107,True,True,True,False,0,FIFA World Cup 2018,A,available_verified,available_verified,available_verified,available_verified,available_verified,available_verified,available_verified,available_verified,available_verified,available_verified,available_verified,available_verified,available_partial,available_verified
international,FIFA World Cup 2018,2018,7566,7566,2018-06-27,Mexico,Sweden,2139ee5a437a66b53a23b5ad7522962dab41eb807fe6ac5926a9506fb14e6d0b,True,lake_object_read,2831,True,94.183,False,True,4,4,37,37,available_verified,True,True,True,True,271,30,True,5,0,True,6,True,144,True,True,True,False,0,FIFA World Cup 2018,A,available_verified,available_verified,available_verified,available_verified,available_verified,available_verified,available_verified,available_verified,available_verified,available_verified,available_verified,available_verified,available_partial,available_verified
international,FIFA World Cup 2018,2018,7568,7568,2018-06-27,Switzerland,Costa Rica,df6e2bc09e75526f8afa13f01c435aff16a21b5ce79e2e3480dcd7f076d8e23d,True,lake_object_read,3347,True,95.1,False,True,4,4,27,27,available_verified,True,True,True,True,290,20,True,4,0,True,6,True,128,True,False,False,False,0,FIFA World Cup 2018,A,available_verified,available_verified,available_verified,available_verified,available_verified,available_verified,available_verified,available_verified,available_verified,available_verified,available_verified,available_verified,available_verified,available_verified
international,FIFA World Cup 2018,2018,7567,7567,2018-06-27,South Korea,Germany,30ea0f1dff7bf66c4b2c58b2fd73ba4bf11eec66061c849333c3eaf780e0b553,True,lake_object_read,3708,True,99.383,False,True,4,4,41,41,available_verified,True,True,True,True,406,24,True,4,0,True,6,True,162,True,False,False,False,0,FIFA World Cup 2018,A,available_verified,available_verified,available_verified,available_verified,available_verified,available_verified,available_verified,available_verified,available_verified,available_verified,available_verified,available_verified,available_verified,available_verified
international,FIFA World Cup 2018,2018,7569,7569,2018-06-28,Panama,Tunisia,22a4bc3f31e7a1d79bd8975ab9e6c2b4ae0798e64c8d6a194b6c9455747d0825,True,lake_object_read,3410,True,97.5,False,True,4,4,24,24,available_verified,True,True,True,True,317,33,True,4,0,True,6,True,124,True,True,True,False,0,FIFA World Cup 2018,A,available_verified,available_verified,available_verified,available_verified,available_verified,available_verified,available_verified,available_verified,available_verified,available_verified,available_verified,available_verified,available_verified,available_verified
international,FIFA World Cup 2018,2018,7570,7570,2018-06-28,England,Belgium,b9e70d1891617c960d2212a63d7703d5a9418c275cc35634197249579548b5e8,True,lake_object_read,3986,True,93.1,False,True,4,4,26,26,available_verified,True,True,True,True,403,28,True,2,0,True,4,True,130,True,True,True,False,0,FIFA World Cup 2018,A,available_verified,available_verified,available_verified,available_verified,available_verified,available_verified,available_verified,available_verified,available_verified,available_verified,available_verified,available_verified,available_verified,available_verified
international,FIFA World Cup 2018,2018,7571,7571,2018-06-28,Senegal,Colombia,dea2396406e4fd1e72fbf7ad8eb1e3da666faf2555253a0e589ea1997e3eac84,True,lake_object_read,2816,True,93.983,False,True,4,4,11,11,available_verified,True,True,True,True,313,32,True,2,0,True,6,True,85,True,True,True,False,0,FIFA World Cup 2018,A,available_verified,available_verified,available_verified,available_verified,available_verified,available_verified,available_verified,available_verified,available_verified,available_verified,available_verified,available_verified,available_verified,available_verified
international,FIFA World Cup 2018,2018,7577,7577,2018-06-15,Morocco,Iran,12f628a05b12a15d0ed4721e9ef1ea0775db74fe8ad40ffeac0119644ee9ebf1,True,lake_object_read,2875,True,96.05,False,True,4,4,22,22,available_verified,True,True,True,True,357,31,True,4,0,True,6,True,104,True,False,False,False,0,FIFA World Cup 2018,A,available_verified,available_verified,available_verified,available_verified,available_verified,available_verified,available_verified,available_verified,available_verified,available_verified,available_verified,available_verified,available_verified,available_verified
international,FIFA World Cup 2018,2018,7572,7572,2018-06-28,Japan,Poland,5e019e3e70721bb14b501dc75c05f8de47361084b8f3750708a3073d47d4852f,True,lake_object_read,3671,True,93.05,False,True,4,4,22,22,available_verified,True,True,True,True,328,28,True,1,0,True,5,True,106,True,True,True,False,0,FIFA World Cup 2018,A,available_verified,available_verified,available_verified,available_verified,available_verified,available_verified,available_verified,available_verified,available_verified,available_verified,available_verified,available_verified,available_verified,available_verified
international,FIFA World Cup 2018,2018,7576,7576,2018-06-15,Portugal,Spain,f1b386d53625b1c118cca037ef8dd39b100ce6eb3c6d4c839506cedfc401db79,True,lake_object_read,4153,True,94.917,False,True,4,4,22,22,available_verified,True,True,True,True,482,20,True,2,0,True,6,True,106,True,True,True,False,0,FIFA World Cup 2018,A,available_verified,available_verified,available_verified,available_verified,available_verified,available_verified,available_verified,available_verified,available_verified,available_verified,available_verified,available_verified,available_partial,available_verified
international,FIFA World Cup 2018,2018,7578,7578,2018-06-15,Egypt,Uruguay,e2a7f8738cbfb20c83b7e49badaf45cdac565df2047fd77f95cf6a17d9caccef,True,lake_object_read,3758,True,96.15,False,True,4,4,24,24,available_verified,True,True,True,True,285,16,True,1,0,True,6,True,129,True,True,True,False,0,FIFA World Cup 2018,A,available_verified,available_verified,available_verified,available_verified,available_verified,available_verified,available_verified,available_verified,available_verified,available_verified,available_verified,available_verified,available_verified,available_verified
international,FIFA World Cup 2018,2018,7580,7580,2018-06-30,France,Argentina,382dac9abfa4c3bb540e9599ad5f7fde5ec9675aab636452d3b1418a924d4321,True,lake_object_read,3549,True,95.05,False,True,4,4,21,21,available_verified,True,True,True,True,461,27,True,6,0,True,6,True,116,True,True,True,False,0,FIFA World Cup 2018,A,available_verified,available_verified,available_verified,available_verified,available_verified,available_verified,available_verified,available_verified,available_verified,available_verified,available_verified,available_verified,available_partial,available_verified
international,FIFA World Cup 2018,2018,7579,7579,2018-06-30,Uruguay,Portugal,3c296f9f6588f85788b939c1f4503042c4986a25bec2648799c8dd4de06cc7a1,True,lake_object_read,3196,True,95.95,False,True,4,4,28,28,available_verified,True,True,True,True,281,29,True,1,0,True,6,True,141,True,True,True,False,0,FIFA World Cup 2018,A,available_verified,available_verified,available_verified,available_verified,available_verified,available_verified,available_verified,available_verified,available_verified,available_verified,available_verified,available_verified,available_verified,available_verified
international,FIFA World Cup 2018,2018,7581,7581,2018-07-01,Croatia,Denmark,ac7cf56be3d394d49c9e864d427e2ea2e8927244544794ef4917e74d988a5104,True,lake_object_read,4285,True,93.167,True,True,10,10,45,45,available_verified,True,True,True,True,347,28,True,1,0,True,8,True,128,True,True,True,False,0,FIFA World Cup 2018,A,available_verified,available_verified,available_verified,available_verified,available_verified,available_verified,available_verified,available_verified,available_verified,available_verified,available_verified,available_verified,available_partial,available_verified
international,FIFA World Cup 2018,2018,7583,7583,2018-07-02,Brazil,Mexico,8c3293ec7bb9bd7754eccacfb1c2a6fe10e4d5983f11808fc5c4887d30a059fb,True,lake_object_read,3393,True,96.167,False,True,4,4,33,33,available_verified,True,True,True,True,410,30,True,6,0,True,6,True,163,True,True,True,False,0,FIFA World Cup 2018,A,available_verified,available_verified,available_verified,available_verified,available_verified,available_verified,available_verified,available_verified,available_verified,available_verified,available_verified,available_verified,available_verified,available_verified
international,FIFA World Cup 2018,2018,7584,7584,2018-07-02,Belgium,Japan,42b2a15f88146e6f549d4339f671a3847c5d55f2005c2cc43c2e8547b6308ad2,True,lake_object_read,3715,True,95.067,False,True,4,4,40,40,available_verified,True,True,True,True,307,24,True,1,0,True,4,True,181,True,False,False,False,0,FIFA World Cup 2018,A,available_verified,available_verified,available_verified,available_verified,available_verified,available_verified,available_verified,available_verified,available_verified,available_verified,available_verified,available_verified,available_verified,available_verified
international,FIFA World Cup 2018,2018,7585,7585,2018-07-03,Colombia,England,6a0c480fc22762a147f3b3996c21a7953c2a813a9ec9dc06bd516568bf874646,True,lake_object_read,4019,True,96.133,True,True,10,10,41,41,available_verified,True,True,True,True,342,39,True,8,0,True,8,True,105,True,False,False,False,0,FIFA World Cup 2018,A,available_verified,available_verified,available_verified,available_verified,available_verified,available_verified,available_verified,available_verified,available_verified,available_verified,available_verified,available_verified,available_partial,available_verified
international,FIFA World Cup 2018,2018,7582,7582,2018-07-01,Spain,Russia,57de09afe0fc3f570129210e1fe76b333cd312b70ce5af5fb81a2e537191c28f,True,lake_object_read,5024,True,94.1,True,True,10,10,41,41,available_verified,True,True,True,True,400,28,True,3,0,True,8,True,106,True,True,True,False,0,FIFA World Cup 2018,A,available_verified,available_verified,available_verified,available_verified,available_verified,available_verified,available_verified,available_verified,available_verified,available_verified,available_verified,available_verified,available_partial,available_verified
international,FIFA World Cup 2018,2018,7586,7586,2018-07-03,Sweden,Switzerland,8e959c90c20170e7fd50494dd66ebf70f402a9cef194b46ea6f7b22f60a0c91d,True,lake_object_read,3318,True,96.267,False,True,4,4,28,28,available_verified,True,True,True,True,403,33,True,3,1,True,5,True,146,True,True,True,False,0,FIFA World Cup 2018,A,available_verified,available_verified,available_verified,available_verified,available_verified,available_verified,available_verified,available_verified,available_verified,available_verified,available_verified,available_verified,available_verified,available_verified
international,FIFA World Cup 2018,2018,8649,8649,2018-07-06,Uruguay,France,4b0c3bfd013a2ae10c3d4132dd597e5808439e97dfa8d01e3c7584b3776c5524,True,lake_object_read,3375,True,94.967,False,True,4,4,21,21,available_verified,True,True,True,True,353,31,True,4,0,True,6,True,128,True,True,True,False,0,FIFA World Cup 2018,A,available_verified,available_verified,available_verified,available_verified,available_verified,available_verified,available_verified,available_verified,available_verified,available_verified,available_verified,available_verified,available_verified,available_verified
international,FIFA World Cup 2018,2018,8650,8650,2018-07-06,Brazil,Belgium,1e45557a50b3f7333e0d962cc4d4678c9b3edf2f52ee06b77f29fc3837020af3,True,lake_object_read,3589,True,95.05,False,True,4,4,33,33,available_verified,True,True,True,True,498,24,True,4,0,True,5,True,164,True,True,True,False,0,FIFA World Cup 2018,A,available_verified,available_verified,available_verified,available_verified,available_verified,available_verified,available_verified,available_verified,available_verified,available_verified,available_verified,available_verified,available_verified,available_verified
international,FIFA World Cup 2018,2018,8651,8651,2018-07-07,Sweden,England,903fe28488c56cbd041375f94571824aff6a64361c72645e2c97a0bec6773384,True,lake_object_read,3303,True,95.033,False,True,4,4,20,20,available_verified,True,True,True,True,358,24,True,3,0,True,6,True,139,True,True,True,False,0,FIFA World Cup 2018,A,available_verified,available_verified,available_verified,available_verified,available_verified,available_verified,available_verified,available_verified,available_verified,available_verified,available_verified,available_verified,available_verified,available_verified
international,FIFA World Cup 2018,2018,8655,8655,2018-07-10,France,Belgium,531f7db538d1026ddef77178b939ee28c38ae7a15a91d07826e97d352d26464a,True,lake_object_read,3354,True,96.25,False,True,4,4,28,28,available_verified,True,True,True,True,246,26,True,5,0,True,5,True,129,True,True,True,False,0,FIFA World Cup 2018,A,available_verified,available_verified,available_verified,available_verified,available_verified,available_verified,available_verified,available_verified,available_verified,available_verified,available_verified,available_verified,available_verified,available_verified
international,FIFA World Cup 2018,2018,8652,8652,2018-07-07,Russia,Croatia,0c17c5424fef71cd74c10a67eca55007c2da5594d85af159cd384b3d974c56cd,True,lake_object_read,4041,True,95.067,True,True,10,10,41,41,available_verified,True,True,True,True,323,42,True,5,0,True,8,True,136,True,True,True,False,0,FIFA World Cup 2018,A,available_verified,available_verified,available_verified,available_verified,available_verified,available_verified,available_verified,available_verified,available_verified,available_verified,available_verified,available_verified,available_partial,available_verified
international,FIFA World Cup 2018,2018,8656,8656,2018-07-11,Croatia,England,3f6b7f638235421f6b2ca1b4b38f3cfedb89572a847a6a4e06d8ee4f4c137c13,True,lake_object_read,4165,True,93.083,True,True,8,8,33,33,available_verified,True,True,True,True,503,46,True,3,0,True,8,True,140,True,True,True,False,0,FIFA World Cup 2018,A,available_verified,available_verified,available_verified,available_verified,available_verified,available_verified,available_verified,available_verified,available_verified,available_verified,available_verified,available_verified,available_verified,available_verified
international,FIFA World Cup 2018,2018,8657,8657,2018-07-14,Belgium,England,6cc79ec754303d65ca3f2cbc4bd29384a8d6e6492e168991159a07a0ba7c626e,True,lake_object_read,4426,True,93.067,False,True,4,4,26,26,available_verified,True,True,True,True,533,18,True,3,0,True,6,True,153,True,True,True,False,0,FIFA World Cup 2018,A,available_verified,available_verified,available_verified,available_verified,available_verified,available_verified,available_verified,available_verified,available_verified,available_verified,available_verified,available_verified,available_verified,available_verified
international,FIFA World Cup 2018,2018,8658,8658,2018-07-15,France,Croatia,a9aa72c042153fa351c3591ee11e7fba95b0c8841c4489da4aa6809de1edbdf5,True,lake_object_read,2978,True,95.05,False,True,4,4,23,23,available_verified,True,True,True,True,254,25,True,2,0,True,5,True,128,True,True,True,False,0,FIFA World Cup 2018,A,available_verified,available_verified,available_verified,available_verified,available_verified,available_verified,available_verified,available_verified,available_verified,available_verified,available_verified,available_verified,available_partial,available_verified
international,UEFA Euro 2020,2020,3788753,3788753,2021-06-16,Finland,Russia,0f25b7260cc4b7dab280a53b290c87a3c9c41b3629b4d8c8a509cb20ee7a2f7d,True,lake_object_read,3805,True,96.817,False,True,4,4,25,25,available_verified,True,True,True,True,355,32,True,5,0,True,8,True,158,True,True,True,False,1,UEFA Euro 2020,A,available_verified,available_verified,available_verified,available_verified,available_verified,available_verified,available_verified,available_verified,available_verified,available_verified,available_verified,available_verified,available_verified,available_verified
international,UEFA Euro 2020,2020,3788755,3788755,2021-06-16,Turkey,Wales,4cd736b2ab37ec319086fb9f92f089ffe03e2d16629492e5ebebb17735790fbb,True,lake_object_read,3262,True,96.517,False,True,4,4,34,34,available_verified,True,True,True,True,318,43,True,4,0,True,8,True,162,True,True,True,False,1,UEFA Euro 2020,A,available_verified,available_verified,available_verified,available_verified,available_verified,available_verified,available_verified,available_verified,available_verified,available_verified,available_verified,available_verified,available_verified,available_verified
international,UEFA Euro 2020,2020,3788754,3788754,2021-06-16,Italy,Switzerland,9eee7a755c14758638de7d6e8f50c26021650da3128d2a99c7b4e1e9d1a2e1e6,True,lake_object_read,3830,True,93.067,False,True,4,4,19,19,available_verified,True,True,True,True,346,34,True,2,0,True,10,True,119,True,True,True,False,1,UEFA Euro 2020,A,available_verified,available_verified,available_verified,available_verified,available_verified,available_verified,available_verified,available_verified,available_verified,available_verified,available_verified,available_verified,available_verified,available_verified
international,UEFA Euro 2020,2020,3788756,3788756,2021-06-17,Netherlands,Austria,120470b3f95d62c23307f60bf3cde62f92665124882cb77538abf8df29911bdb,True,lake_object_read,3748,True,94.517,False,True,4,4,23,23,available_verified,True,True,True,True,368,29,True,3,0,True,10,True,119,True,True,True,False,1,UEFA Euro 2020,A,available_verified,available_verified,available_verified,available_verified,available_verified,available_verified,available_verified,available_verified,available_verified,available_verified,available_verified,available_verified,available_partial,available_verified
international,UEFA Euro 2020,2020,3788757,3788757,2021-06-17,Denmark,Belgium,3d55557e05be42ec58423de4039c0090320d693330ae8c11db4193e7e0e1135a,True,lake_object_read,3978,True,95.55,False,True,4,4,27,27,available_verified,True,True,True,True,258,31,True,4,0,True,9,True,130,True,True,True,False,1,UEFA Euro 2020,A,available_verified,available_verified,available_verified,available_verified,available_verified,available_verified,available_verified,available_verified,available_verified,available_verified,available_verified,available_verified,available_verified,available_verified
international,UEFA Euro 2020,2020,3788758,3788758,2021-06-17,Ukraine,North Macedonia,15cc8ed4221036b50de6ec0d1ccdb3f1f0b9ce1a92f7a0f5484228af0962b446,True,lake_object_read,3337,True,94.933,False,True,4,4,30,30,available_verified,True,True,True,True,299,28,True,3,0,True,9,True,128,True,True,True,False,1,UEFA Euro 2020,A,available_verified,available_verified,available_verified,available_verified,available_verified,available_verified,available_verified,available_verified,available_verified,available_verified,available_verified,available_verified,available_partial,available_verified
international,UEFA Euro 2020,2020,3788759,3788759,2021-06-18,England,Scotland,6ee3af3dc9754aa344baee37ee694e4ac8f3e9b9a55bb2989bcf33265e4a8507,True,lake_object_read,3366,True,92.083,False,True,4,4,20,20,available_verified,True,True,True,True,289,40,True,2,0,True,4,True,118,True,True,True,False,1,UEFA Euro 2020,A,available_verified,available_verified,available_verified,available_verified,available_verified,available_verified,available_verified,available_verified,available_verified,available_verified,available_verified,available_verified,available_verified,available_verified
international,UEFA Euro 2020,2020,3788760,3788760,2021-06-18,Croatia,Czech Republic,d12a2f15af6fae5f41e29da9b2f47efdef9e5bb92c7a8ec50986040774bfd549,True,lake_object_read,3401,True,92.717,False,True,4,4,22,22,available_verified,True,True,True,True,348,27,True,4,0,True,9,True,133,True,True,True,False,1,UEFA Euro 2020,A,available_verified,available_verified,available_verified,available_verified,available_verified,available_verified,available_verified,available_verified,available_verified,available_verified,available_verified,available_verified,available_partial,available_verified
international,UEFA Euro 2020,2020,3788761,3788761,2021-06-18,Sweden,Slovakia,d1bce34b562baed1ac8bff54cabefbe782022e6b378189f801280f5a1225910f,True,lake_object_read,3925,True,96.017,False,True,4,4,23,23,available_verified,True,True,True,True,308,39,True,4,0,True,10,True,118,True,True,True,False,1,UEFA Euro 2020,A,available_verified,available_verified,available_verified,available_verified,available_verified,available_verified,available_verified,available_verified,available_verified,available_verified,available_verified,available_verified,available_partial,available_verified
international,UEFA Euro 2020,2020,3788762,3788762,2021-06-19,Spain,Poland,88c276863f4cee1da4e1ff8e13513c3fedba02a4b599799630fe82125407b879,True,lake_object_read,3653,True,94.967,False,True,4,4,17,17,available_verified,True,True,True,True,394,43,True,6,0,True,8,True,130,True,True,True,False,1,UEFA Euro 2020,A,available_verified,available_verified,available_verified,available_verified,available_verified,available_verified,available_verified,available_verified,available_verified,available_verified,available_verified,available_verified,available_verified,available_verified
international,UEFA Euro 2020,2020,3788763,3788763,2021-06-19,Hungary,France,a02670d0c7bcf62e11bdf618b39d31ec47313d892e49be5c3bea9821b73282a5,True,lake_object_read,3610,True,94.633,False,True,4,4,22,22,available_verified,True,True,True,True,239,36,True,2,0,True,7,True,110,True,True,True,False,1,UEFA Euro 2020,A,available_verified,available_verified,available_verified,available_verified,available_verified,available_verified,available_verified,available_verified,available_verified,available_verified,available_verified,available_verified,available_verified,available_verified
international,UEFA Euro 2020,2020,3788764,3788764,2021-06-19,Portugal,Germany,9bc533cfc18494050135772f5b1379211e2356e81ad2706d3fadbcff8cd9cda6,True,lake_object_read,3582,True,94.033,False,True,4,4,20,20,available_verified,True,True,True,True,288,32,True,2,0,True,9,True,143,True,True,True,False,1,UEFA Euro 2020,A,available_verified,available_verified,available_verified,available_verified,available_verified,available_verified,available_verified,available_verified,available_verified,available_verified,available_verified,available_verified,available_verified,available_verified
international,UEFA Euro 2020,2020,3788766,3788766,2021-06-20,Italy,Wales,da68fbe5f0bdb7a35d1fcef155cc544280f258f0e3ecc8116708d6b64dbd2475,True,lake_object_read,3136,True,92.967,False,True,4,4,26,26,available_verified,True,True,True,True,221,36,True,3,1,True,10,True,130,True,True,True,False,1,UEFA Euro 2020,A,available_verified,available_verified,available_verified,available_verified,available_verified,available_verified,available_verified,available_verified,available_verified,available_verified,available_verified,available_verified,available_verified,available_verified
international,UEFA Euro 2020,2020,3788767,3788767,2021-06-21,Ukraine,Austria,7229a9916d9d42ebd6d303550befcf43f4decbbb135a17380d781e8ee70fa9c9,True,lake_object_read,3587,True,93.183,False,True,4,4,23,23,available_verified,True,True,True,True,336,37,True,0,0,True,6,True,135,True,True,True,False,1,UEFA Euro 2020,A,available_verified,available_verified,available_verified,available_verified,available_verified,available_verified,available_verified,available_verified,available_verified,available_verified,available_verified,available_verified,available_verified,available_verified
international,UEFA Euro 2020,2020,3788765,3788765,2021-06-20,Switzerland,Turkey,076df0798b3d857f4d799ce6b82dd58bbc9281be61f47f3bb4320bfc095af91b,True,lake_object_read,3780,True,93.567,False,True,4,4,43,43,available_verified,True,True,True,True,374,50,True,4,0,True,10,True,150,True,True,True,False,1,UEFA Euro 2020,A,available_verified,available_verified,available_verified,available_verified,available_verified,available_verified,available_verified,available_verified,available_verified,available_verified,available_verified,available_verified,available_verified,available_verified
international,UEFA Euro 2020,2020,3788769,3788769,2021-06-21,Russia,Denmark,8caba8bb79a925c77718409bf7574965fb83aada1c9f23910cdb5685ee632672,True,lake_object_read,3029,True,92.883,False,True,4,4,22,22,available_verified,True,True,True,True,194,40,True,3,0,True,9,True,129,True,True,True,False,1,UEFA Euro 2020,A,available_verified,available_verified,available_verified,available_verified,available_verified,available_verified,available_verified,available_verified,available_verified,available_verified,available_verified,available_verified,available_partial,available_verified
international,UEFA Euro 2020,2020,3788768,3788768,2021-06-21,Finland,Belgium,d0f9457bc52a7deb859badd7daf273956ba06be4345f7bc776c1c509a7f519d6,True,lake_object_read,4085,True,93.65,False,True,4,4,24,24,available_verified,True,True,True,True,296,23,True,0,0,True,9,True,152,True,True,True,False,1,UEFA Euro 2020,A,available_verified,available_verified,available_verified,available_verified,available_verified,available_verified,available_verified,available_verified,available_verified,available_verified,available_verified,available_verified,available_verified,available_verified
international,UEFA Euro 2020,2020,3788771,3788771,2021-06-22,Croatia,Scotland,795a80d7b40bc355a896b7153648a39ca01645f603b3a3f63e6d27ebf226bc1a,True,lake_object_read,3692,True,94.067,False,True,4,4,22,22,available_verified,True,True,True,True,368,36,True,2,0,True,8,True,116,True,True,True,False,1,UEFA Euro 2020,A,available_verified,available_verified,available_verified,available_verified,available_verified,available_verified,available_verified,available_verified,available_verified,available_verified,available_verified,available_verified,available_verified,available_verified
international,UEFA Euro 2020,2020,3788770,3788770,2021-06-21,North Macedonia,Netherlands,992959102dd5d65a4aacf3c8c8850309eacbc281015329edb01e0ebc1026d11d,True,lake_object_read,3830,True,94.017,False,True,4,4,30,30,available_verified,True,True,True,True,305,37,True,4,0,True,10,True,142,True,True,True,False,1,UEFA Euro 2020,A,available_verified,available_verified,available_verified,available_verified,available_verified,available_verified,available_verified,available_verified,available_verified,available_verified,available_verified,available_verified,available_verified,available_verified
international,UEFA Euro 2020,2020,3788772,3788772,2021-06-22,Czech Republic,England,a58ea3424064268f22b715bef31c55a6b7729c5d39661c139d1cfe88864753d8,True,lake_object_read,3443,True,93.217,False,True,4,4,13,13,available_verified,True,True,True,True,357,38,True,1,0,True,10,True,117,True,True,True,False,1,UEFA Euro 2020,A,available_verified,available_verified,available_verified,available_verified,available_verified,available_verified,available_verified,available_verified,available_verified,available_verified,available_verified,available_verified,available_verified,available_verified
international,UEFA Euro 2020,2020,3788774,3788774,2021-06-23,Germany,Hungary,25271f0d3a3442c2a1ab82d992a5dea8058368ebb94c932d02bd08e01ec10ebc,True,lake_object_read,3675,True,94.017,False,True,4,4,27,27,available_verified,True,True,True,True,221,26,True,5,0,True,9,True,128,True,True,True,False,1,UEFA Euro 2020,A,available_verified,available_verified,available_verified,available_verified,available_verified,available_verified,available_verified,available_verified,available_verified,available_verified,available_verified,available_verified,available_verified,available_verified
international,UEFA Euro 2020,2020,3788775,3788775,2021-06-23,Slovakia,Spain,11e537fc89de74c3574c8c5d91df03a34b7e078d3edd7c4ea5834ebeb67ee2dd,True,lake_object_read,3627,True,94.3,False,True,4,4,22,22,available_verified,True,True,True,True,312,28,True,4,0,True,10,True,115,True,True,True,False,1,UEFA Euro 2020,A,available_verified,available_verified,available_verified,available_verified,available_verified,available_verified,available_verified,available_verified,available_verified,available_verified,available_verified,available_verified,available_partial,available_verified
international,UEFA Euro 2020,2020,3788773,3788773,2021-06-23,Portugal,France,245cfef3ac8813d07182b7f96dbdedf6c13b6e8aa3d5c255d4955cea2b77a2ca,True,lake_object_read,3889,True,95.1,False,True,4,4,21,21,available_verified,True,True,True,True,227,23,True,4,0,True,9,True,85,True,True,True,False,1,UEFA Euro 2020,A,available_verified,available_verified,available_verified,available_verified,available_verified,available_verified,available_verified,available_verified,available_verified,available_verified,available_verified,available_verified,available_partial,available_verified
international,UEFA Euro 2020,2020,3788776,3788776,2021-06-23,Sweden,Poland,4c812b52ee1e805866f4d2b9d94d1e6914d01c4091704b1c348bc38f495670d8,True,lake_object_read,2879,True,95.0,False,True,4,4,29,29,available_verified,True,True,True,True,242,43,True,3,0,True,8,True,171,True,False,False,False,1,UEFA Euro 2020,A,available_verified,available_verified,available_verified,available_verified,available_verified,available_verified,available_verified,available_verified,available_verified,available_verified,available_verified,available_verified,available_verified,available_verified
international,UEFA Euro 2020,2020,3794685,3794685,2021-06-26,Italy,Austria,9cf5bc17592edae0b3fd78364f304af8b67adb1d299e61d11f36967dbe42cb1c,True,lake_object_read,4882,True,95.1,True,True,8,8,42,42,available_verified,True,True,True,True,479,42,True,5,0,True,11,True,130,True,True,True,False,1,UEFA Euro 2020,A,available_verified,available_verified,available_verified,available_verified,available_verified,available_verified,available_verified,available_verified,available_verified,available_verified,available_verified,available_verified,available_verified,available_verified
international,UEFA Euro 2020,2020,3794687,3794687,2021-06-27,Belgium,Portugal,805c8201bd26abb0c4bd70452c4a0a7548c197ba80994fab474f21adc4272138,True,lake_object_read,3793,True,95.483,False,True,4,4,29,29,available_verified,True,True,True,True,203,27,True,5,0,True,8,True,117,True,True,True,False,1,UEFA Euro 2020,A,available_verified,available_verified,available_verified,available_verified,available_verified,available_verified,available_verified,available_verified,available_verified,available_verified,available_verified,available_verified,available_verified,available_verified
international,UEFA Euro 2020,2020,3794686,3794686,2021-06-28,Croatia,Spain,dcba23892f0ff0244494c32096afccd21f5cf1e7295c3a9d31f53e131e61edb8,True,lake_object_read,4858,True,96.0,True,True,8,8,35,35,available_verified,True,True,True,True,438,53,True,2,0,True,12,True,126,True,False,False,False,1,UEFA Euro 2020,A,available_verified,available_verified,available_verified,available_verified,available_verified,available_verified,available_verified,available_verified,available_verified,available_verified,available_verified,available_verified,available_verified,available_verified
international,UEFA Euro 2020,2020,3794689,3794689,2021-06-26,Wales,Denmark,d27437dc4f6919552febf013c13321682e49caa9502eb81c2508ab01d0ea1d62,True,lake_object_read,3117,True,96.333,False,True,4,4,27,27,available_verified,True,True,True,True,234,29,True,4,1,True,9,True,151,True,True,True,False,1,UEFA Euro 2020,A,available_verified,available_verified,available_verified,available_verified,available_verified,available_verified,available_verified,available_verified,available_verified,available_verified,available_verified,available_verified,available_verified,available_verified
international,UEFA Euro 2020,2020,3794688,3794688,2021-06-29,England,Germany,daad57d94b63665ee22463289499b0d5513dce7865eae9a9c14a719ae1ea8fc2,True,lake_object_read,3454,True,94.133,False,True,4,4,14,14,available_verified,True,True,True,True,253,29,True,5,0,True,6,True,102,True,True,True,False,1,UEFA Euro 2020,A,available_verified,available_verified,available_verified,available_verified,available_verified,available_verified,available_verified,available_verified,available_verified,available_verified,available_verified,available_verified,available_verified,available_verified
international,UEFA Euro 2020,2020,3794690,3794690,2021-06-27,Netherlands,Czech Republic,ccd18c6308058c9554e522f28bfdfdb8ee3199f755eb0b8dc048afa0b6b7e1bd,True,lake_object_read,3099,True,96.367,False,True,4,4,18,18,available_verified,True,True,True,True,217,35,True,3,1,True,9,True,120,True,True,True,False,1,UEFA Euro 2020,A,available_verified,available_verified,available_verified,available_verified,available_verified,available_verified,available_verified,available_verified,available_verified,available_verified,available_verified,available_verified,available_verified,available_verified
international,UEFA Euro 2020,2020,3794691,3794691,2021-06-28,France,Switzerland,350032c156d4f41a47755d6c1b797367667a93aa05528e66a5433ab301501dcd,True,lake_object_read,4569,True,94.1,True,True,10,10,49,49,available_verified,True,True,True,True,449,39,True,7,0,True,10,True,122,True,True,True,False,1,UEFA Euro 2020,A,available_verified,available_verified,available_verified,available_verified,available_verified,available_verified,available_verified,available_verified,available_verified,available_verified,available_verified,available_verified,available_partial,available_verified
international,UEFA Euro 2020,2020,3795107,3795107,2021-07-02,Belgium,Italy,d3ed3de173c7cd940e217851f871a0ca84d31d676855faf2aba8ec027426b731,True,lake_object_read,3616,True,97.033,False,True,4,4,24,24,available_verified,True,True,True,True,209,45,True,3,0,True,8,True,140,True,True,True,False,1,UEFA Euro 2020,A,available_verified,available_verified,available_verified,available_verified,available_verified,available_verified,available_verified,available_verified,available_verified,available_verified,available_verified,available_verified,available_partial,available_verified
international,UEFA Euro 2020,2020,3794692,3794692,2021-06-29,Sweden,Ukraine,9e9bb259ef5c90ad146bac3e75ce9541c7a83f828b629647ab737df7ec80e8ce,True,lake_object_read,4919,True,91.95,True,True,8,8,28,28,available_verified,True,True,True,True,284,29,True,4,1,True,12,True,121,True,True,True,False,1,UEFA Euro 2020,A,available_verified,available_verified,available_verified,available_verified,available_verified,available_verified,available_verified,available_verified,available_verified,available_verified,available_verified,available_verified,available_verified,available_verified
international,UEFA Euro 2020,2020,3795109,3795109,2021-07-03,Czech Republic,Denmark,4089e7e5ac0a3273f00645c3dce70a89065f884fe6fca8aa758e173f3c8627ed,True,lake_object_read,3217,True,96.067,False,True,4,4,27,27,available_verified,True,True,True,True,240,37,True,2,0,True,10,True,145,True,True,True,False,1,UEFA Euro 2020,A,available_verified,available_verified,available_verified,available_verified,available_verified,available_verified,available_verified,available_verified,available_verified,available_verified,available_verified,available_verified,available_verified,available_verified
international,UEFA Euro 2020,2020,3795108,3795108,2021-07-02,Switzerland,Spain,7cd286e364e7614d75176a8fbf9c442b3a7a7ba73511d6e6a91dcbfe7d9ff5cd,True,lake_object_read,4989,True,94.083,True,True,10,10,46,46,available_verified,True,True,True,True,324,54,True,3,1,True,12,True,116,True,True,True,False,1,UEFA Euro 2020,A,available_verified,available_verified,available_verified,available_verified,available_verified,available_verified,available_verified,available_verified,available_verified,available_verified,available_verified,available_verified,available_verified,available_verified
international,UEFA Euro 2020,2020,3795187,3795187,2021-07-03,Ukraine,England,83e9ebffcac03aac530854f939b9aeaec845bb1fc482426db3dddf425d630aac,True,lake_object_read,4264,True,90.083,False,True,4,4,17,17,available_verified,True,True,True,True,352,21,True,0,0,True,7,True,97,True,True,True,False,1,UEFA Euro 2020,A,available_verified,available_verified,available_verified,available_verified,available_verified,available_verified,available_verified,available_verified,available_verified,available_verified,available_verified,available_verified,available_verified,available_verified
international,UEFA Euro 2020,2020,3795220,3795220,2021-07-06,Italy,Spain,0f675fb093f0fe410bad61d131d85db305513a75c9b16375d38568bd0265a070,True,lake_object_read,4824,True,93.083,True,True,10,10,32,32,available_verified,True,True,True,True,411,49,True,3,0,True,12,True,107,True,True,True,False,1,UEFA Euro 2020,A,available_verified,available_verified,available_verified,available_verified,available_verified,available_verified,available_verified,available_verified,available_verified,available_verified,available_verified,available_verified,available_partial,available_verified
international,UEFA Euro 2020,2020,3795221,3795221,2021-07-07,England,Denmark,f75e0e782f4abbedb2823051af32e959394d826f4e12e55e526b64ccc6eefb8d,True,lake_object_read,4691,True,96.883,True,True,8,8,27,27,available_verified,True,True,True,True,342,40,True,2,0,True,10,True,119,True,True,True,False,1,UEFA Euro 2020,A,available_verified,available_verified,available_verified,available_verified,available_verified,available_verified,available_verified,available_verified,available_verified,available_verified,available_verified,available_verified,available_partial,available_verified
international,UEFA Euro 2020,2020,3795506,3795506,2021-07-11,Italy,England,662e5a13d9433abb6eb573a0a9a3bf95ada7b8df94da38ce47216cf58454f25b,True,lake_object_read,4796,True,96.417,True,True,10,10,35,35,available_verified,True,True,True,True,370,45,True,6,0,True,11,True,98,True,True,True,False,1,UEFA Euro 2020,A,available_verified,available_verified,available_verified,available_verified,available_verified,available_verified,available_verified,available_verified,available_verified,available_verified,available_verified,available_verified,available_partial,available_verified
international,FIFA World Cup 2022,2022,3857267,3857267,2022-11-29,Ecuador,Senegal,7c05c6fa755649d4d882f98817944d6f90613ca424af061d0cfbc080585ac95d,True,lake_object_read,2827,True,96.933,False,True,4,4,22,22,available_verified,True,True,True,True,239,43,True,1,0,True,7,True,106,True,True,True,False,2,FIFA World Cup 2022,A,available_verified,available_verified,available_verified,available_verified,available_verified,available_verified,available_verified,available_verified,available_verified,available_verified,available_verified,available_verified,available_partial,available_verified
international,FIFA World Cup 2022,2022,3857266,3857266,2022-11-26,France,Denmark,f375137a64c13b2c22e456fae9394bc810ca2bb98a439d94da18fea1365a98a8,True,lake_object_read,3853,True,97.15,False,True,4,4,31,31,available_verified,True,True,True,True,236,25,True,3,0,True,8,True,130,True,True,True,False,2,FIFA World Cup 2022,A,available_verified,available_verified,available_verified,available_verified,available_verified,available_verified,available_verified,available_verified,available_verified,available_verified,available_verified,available_verified,available_verified,available_verified
international,FIFA World Cup 2022,2022,3857268,3857268,2022-11-23,Belgium,Canada,1e9c9f2cf8b229388e826a32bb04224ab9aadb91e5aa4614ecf66cc07c6caa48,True,lake_object_read,3499,True,95.05,False,True,4,4,31,31,available_verified,True,True,True,True,195,33,True,5,0,True,9,True,133,True,True,True,False,2,FIFA World Cup 2022,A,available_verified,available_verified,available_verified,available_verified,available_verified,available_verified,available_verified,available_verified,available_verified,available_verified,available_verified,available_verified,available_partial,available_verified
international,FIFA World Cup 2022,2022,3857269,3857269,2022-11-28,Brazil,Switzerland,20c7d2dd0ca6ff6dbfb5ccebfd8dfb4483783de6afded86060aa0043943e258e,True,lake_object_read,3786,True,95.917,False,True,4,4,19,19,available_verified,True,True,True,True,216,42,True,2,0,True,10,True,120,True,True,True,False,2,FIFA World Cup 2022,A,available_verified,available_verified,available_verified,available_verified,available_verified,available_verified,available_verified,available_verified,available_verified,available_verified,available_verified,available_verified,available_verified,available_verified
international,FIFA World Cup 2022,2022,3857271,3857271,2022-11-21,England,Iran,3195e45476b96c3257e15043ac4fe17bbb640c548a4edb74d2c3b3eb8b3519e3,True,lake_object_read,3649,True,103.083,False,True,4,4,21,21,available_verified,True,True,True,True,242,33,True,2,0,True,11,True,99,True,True,True,False,2,FIFA World Cup 2022,A,available_verified,available_verified,available_verified,available_verified,available_verified,available_verified,available_verified,available_verified,available_verified,available_verified,available_verified,available_verified,available_partial,available_verified
international,FIFA World Cup 2022,2022,3857270,3857270,2022-11-28,Portugal,Uruguay,29d7a2c5f589c6fe7ffbc97ca0738d0959e900d1f0f3f488d3ff7f91f94c30fb,True,lake_object_read,3441,True,100.133,False,True,4,4,26,26,available_verified,True,True,True,True,211,35,True,5,0,True,10,True,106,True,True,True,False,2,FIFA World Cup 2022,A,available_verified,available_verified,available_verified,available_verified,available_verified,available_verified,available_verified,available_verified,available_verified,available_verified,available_verified,available_verified,available_partial,available_verified
international,FIFA World Cup 2022,2022,3857272,3857272,2022-11-25,England,United States,9d560f65771f71885fb97643240f0c858d7ddd66410d7fbc6e2783533eb6919b,True,lake_object_read,3519,True,94.567,False,True,4,4,18,18,available_verified,True,True,True,True,260,35,True,0,0,True,7,True,122,True,True,True,False,2,FIFA World Cup 2022,A,available_verified,available_verified,available_verified,available_verified,available_verified,available_verified,available_verified,available_verified,available_verified,available_verified,available_verified,available_verified,available_verified,available_verified
international,FIFA World Cup 2022,2022,3857273,3857273,2022-11-25,Wales,Iran,7bee8a23bbf5bf6db47d7668289e80cf8eb4f49cab46b449073f5839b15f450b,True,lake_object_read,3133,True,102.133,False,True,4,4,31,31,available_verified,True,True,True,True,251,32,True,3,1,True,9,True,139,True,False,False,False,2,FIFA World Cup 2022,A,available_verified,available_verified,available_verified,available_verified,available_verified,available_verified,available_verified,available_verified,available_verified,available_verified,available_verified,available_verified,available_verified,available_verified
international,FIFA World Cup 2022,2022,3857275,3857275,2022-11-30,Tunisia,France,8531cc2ce4bfab163e2660f8e5dea4f88d97794423ef3d894f789602b1fab610,True,lake_object_read,3564,True,102.683,False,True,4,4,15,15,available_verified,True,True,True,True,204,38,True,1,0,True,8,True,116,True,True,True,False,2,FIFA World Cup 2022,A,available_verified,available_verified,available_verified,available_verified,available_verified,available_verified,available_verified,available_verified,available_verified,available_verified,available_verified,available_verified,available_verified,available_verified
international,FIFA World Cup 2022,2022,3857274,3857274,2022-11-25,Netherlands,Ecuador,40f8b9d5fe6e8e2cb9ea823a99485d142a67eba46b228d237774a687ab3a9d66,True,lake_object_read,3563,True,96.133,False,True,4,4,17,17,available_verified,True,True,True,True,305,38,True,1,0,True,7,True,91,True,True,True,False,2,FIFA World Cup 2022,A,available_verified,available_verified,available_verified,available_verified,available_verified,available_verified,available_verified,available_verified,available_verified,available_verified,available_verified,available_verified,available_verified,available_verified
international,FIFA World Cup 2022,2022,3857277,3857277,2022-11-23,Morocco,Croatia,0bb3e4c8ad11587af05ca6734d50e6f7ea883db9ff73d79540c434bc50715a0f,True,lake_object_read,3719,True,96.05,False,True,4,4,13,13,available_verified,True,True,True,True,275,31,True,1,0,True,8,True,99,True,True,True,False,2,FIFA World Cup 2022,A,available_verified,available_verified,available_verified,available_verified,available_verified,available_verified,available_verified,available_verified,available_verified,available_verified,available_verified,available_verified,available_verified,available_verified
international,FIFA World Cup 2022,2022,3857276,3857276,2022-12-01,Canada,Morocco,8320cf567b912bac1ff9f5a49deb1263ba5aa2610cf6f3dcf6db60f065bf1e99,True,lake_object_read,3388,True,93.9,False,True,4,4,12,12,available_verified,True,True,True,True,289,43,True,4,0,True,10,True,88,True,True,True,False,2,FIFA World Cup 2022,A,available_verified,available_verified,available_verified,available_verified,available_verified,available_verified,available_verified,available_verified,available_verified,available_verified,available_verified,available_verified,available_verified,available_verified
international,FIFA World Cup 2022,2022,3857278,3857278,2022-11-29,Iran,United States,63962cc1cc2b6b0c7e9e12e3e9e9ee855ce7036b8f0aa123e3bdd297a99ec095,True,lake_object_read,3596,True,99.883,False,True,4,4,16,16,available_verified,True,True,True,True,290,32,True,4,0,True,10,True,121,True,True,True,False,2,FIFA World Cup 2022,A,available_verified,available_verified,available_verified,available_verified,available_verified,available_verified,available_verified,available_verified,available_verified,available_verified,available_verified,available_verified,available_verified,available_verified
international,FIFA World Cup 2022,2022,3857279,3857279,2022-11-22,France,Australia,6e35ec73c164565b99684ab534efed808f23f6cb2c75842c8f2b413501ec96fb,True,lake_object_read,3963,True,97.217,False,True,4,4,27,27,available_verified,True,True,True,True,188,24,True,3,0,True,10,True,140,True,True,True,False,2,FIFA World Cup 2022,A,available_verified,available_verified,available_verified,available_verified,available_verified,available_verified,available_verified,available_verified,available_verified,available_verified,available_verified,available_verified,available_verified,available_verified
international,FIFA World Cup 2022,2022,3857280,3857280,2022-12-02,Cameroon,Brazil,78ea79b4145e6d694180fe8eef748531ea96b0d75d18c1f9ccebd0228c7bf017,True,lake_object_read,3299,True,100.1,False,True,4,4,28,28,available_verified,True,True,True,True,272,41,True,6,1,True,8,True,145,True,False,False,False,2,FIFA World Cup 2022,A,available_verified,available_verified,available_verified,available_verified,available_verified,available_verified,available_verified,available_verified,available_verified,available_verified,available_verified,available_verified,available_verified,available_verified
international,FIFA World Cup 2022,2022,3857281,3857281,2022-11-27,Croatia,Canada,f99ed7e0cb4f7a9c28b05ecae768bd10812f52987060f0edb324fb77ac610375,True,lake_object_read,3724,True,96.017,False,True,4,4,21,21,available_verified,True,True,True,True,299,28,True,4,0,True,10,True,140,True,True,True,False,2,FIFA World Cup 2022,A,available_verified,available_verified,available_verified,available_verified,available_verified,available_verified,available_verified,available_verified,available_verified,available_verified,available_verified,available_verified,available_verified,available_verified
international,FIFA World Cup 2022,2022,3857282,3857282,2022-11-21,United States,Wales,2a6d3d04b6257bfc35a2e0c5a35f05a8997a089191ce27d0c2a5f02108f3b9db,True,lake_object_read,3687,True,100.583,False,True,4,4,13,13,available_verified,True,True,True,True,265,34,True,6,0,True,9,True,112,True,True,True,False,2,FIFA World Cup 2022,A,available_verified,available_verified,available_verified,available_verified,available_verified,available_verified,available_verified,available_verified,available_verified,available_verified,available_verified,available_verified,available_partial,available_verified
international,FIFA World Cup 2022,2022,3857283,3857283,2022-11-27,Belgium,Morocco,9dd25252fdcfa200588ad3b8d66b618fa6a01633d34b0327776a006ffd6ba5a3,True,lake_object_read,3620,True,95.233,False,True,4,4,20,20,available_verified,True,True,True,True,268,39,True,2,0,True,10,True,106,True,True,True,False,2,FIFA World Cup 2022,A,available_verified,available_verified,available_verified,available_verified,available_verified,available_verified,available_verified,available_verified,available_verified,available_verified,available_verified,available_verified,available_verified,available_verified
international,FIFA World Cup 2022,2022,3857284,3857284,2022-11-23,Germany,Japan,669bc6550cbe4dfb70305b04b2b8eacb0de676e576c69e4be209826bb425f0c6,True,lake_object_read,3717,True,98.15,False,True,4,4,38,38,available_verified,True,True,True,True,270,39,True,0,0,True,10,True,163,True,True,True,False,2,FIFA World Cup 2022,A,available_verified,available_verified,available_verified,available_verified,available_verified,available_verified,available_verified,available_verified,available_verified,available_verified,available_verified,available_verified,available_partial,available_verified
international,FIFA World Cup 2022,2022,3857285,3857285,2022-11-21,Senegal,Netherlands,b97e53a23b76d1fd7b4895cf68820539e24300e7e0032e4cfe429fca7a95b0fa,True,lake_object_read,3133,True,100.117,False,True,4,4,25,25,available_verified,True,True,True,True,216,42,True,3,0,True,8,True,137,True,True,True,False,2,FIFA World Cup 2022,A,available_verified,available_verified,available_verified,available_verified,available_verified,available_verified,available_verified,available_verified,available_verified,available_verified,available_verified,available_verified,available_verified,available_verified
international,FIFA World Cup 2022,2022,3857286,3857286,2022-11-20,Qatar,Ecuador,27c12e2f24a7679d7bf60690c0832e61e04e56bdf1d62323c33b93829c673ea9,True,lake_object_read,3299,True,95.317,False,True,4,4,11,11,available_verified,True,True,True,True,233,39,True,6,0,True,6,True,84,True,True,True,False,2,FIFA World Cup 2022,A,available_verified,available_verified,available_verified,available_verified,available_verified,available_verified,available_verified,available_verified,available_verified,available_verified,available_verified,available_verified,available_partial,available_verified
international,FIFA World Cup 2022,2022,3857287,3857287,2022-11-24,Uruguay,South Korea,5cf5213afda5d31a431fb1dc26d8f5403aea0d7f9dec82a04fe4787ef0152f2c,True,lake_object_read,3462,True,97.783,False,True,4,4,17,17,available_verified,True,True,True,True,205,25,True,2,0,True,7,True,103,True,True,True,False,2,FIFA World Cup 2022,A,available_verified,available_verified,available_verified,available_verified,available_verified,available_verified,available_verified,available_verified,available_verified,available_verified,available_verified,available_verified,available_verified,available_verified
international,FIFA World Cup 2022,2022,3857289,3857289,2022-11-26,Argentina,Mexico,8c0d993f9e80602812ec0e73959a4a88a617d14414a2decd3ecfbfebdfab2e08,True,lake_object_read,3375,True,96.483,False,True,4,4,9,9,available_verified,True,True,True,True,256,44,True,5,0,True,9,True,75,True,True,True,False,2,FIFA World Cup 2022,A,available_verified,available_verified,available_verified,available_verified,available_verified,available_verified,available_verified,available_verified,available_verified,available_verified,available_verified,available_verified,available_verified,available_verified
international,FIFA World Cup 2022,2022,3857288,3857288,2022-11-26,Tunisia,Australia,850f40e36dfadd46ae4660e15558308b5855406821c32d477648272e3fd6be11,True,lake_object_read,3359,True,96.283,False,True,4,4,23,23,available_verified,True,True,True,True,248,40,True,3,0,True,9,True,133,True,True,True,False,2,FIFA World Cup 2022,A,available_verified,available_verified,available_verified,available_verified,available_verified,available_verified,available_verified,available_verified,available_verified,available_verified,available_verified,available_verified,available_verified,available_verified
international,FIFA World Cup 2022,2022,3857290,3857290,2022-11-24,Switzerland,Cameroon,eb446ea4a6227a31b589a2c9e4b3c557a15a763723326611e1c03ec90640e97c,True,lake_object_read,3601,True,96.233,False,True,4,4,15,15,available_verified,True,True,True,True,288,41,True,3,0,True,9,True,126,True,True,True,False,2,FIFA World Cup 2022,A,available_verified,available_verified,available_verified,available_verified,available_verified,available_verified,available_verified,available_verified,available_verified,available_verified,available_verified,available_verified,available_verified,available_verified
international,FIFA World Cup 2022,2022,3857291,3857291,2022-11-23,Spain,Costa Rica,85918fc69760bc1b208f5cfb49ef4f44337673558b5d1e00909844e91810a570,True,lake_object_read,4351,True,98.067,False,True,4,4,17,17,available_verified,True,True,True,True,229,33,True,2,0,True,10,True,115,True,True,True,False,2,FIFA World Cup 2022,A,available_verified,available_verified,available_verified,available_verified,available_verified,available_verified,available_verified,available_verified,available_verified,available_verified,available_verified,available_verified,available_partial,available_verified
international,FIFA World Cup 2022,2022,3857293,3857293,2022-12-02,Ghana,Uruguay,a995a7ced8343eb536cbfd8cd16a42f8613312672b3485baed1d573fc2c341f7,True,lake_object_read,3495,True,100.167,False,True,4,4,21,21,available_verified,True,True,True,True,293,37,True,7,0,True,10,True,110,True,True,True,False,2,FIFA World Cup 2022,A,available_verified,available_verified,available_verified,available_verified,available_verified,available_verified,available_verified,available_verified,available_verified,available_verified,available_verified,available_verified,available_partial,available_verified
international,FIFA World Cup 2022,2022,3857292,3857292,2022-12-01,Costa Rica,Germany,1836a8dbdd33472eb3f1e57a898abfd9a944870e45dce8a83984445281ac2fb0,True,lake_object_read,3869,True,100.033,False,True,4,4,38,38,available_verified,True,True,True,True,265,34,True,1,0,True,10,True,176,True,True,True,False,2,FIFA World Cup 2022,A,available_verified,available_verified,available_verified,available_verified,available_verified,available_verified,available_verified,available_verified,available_verified,available_verified,available_verified,available_verified,available_verified,available_verified
international,FIFA World Cup 2022,2022,3857294,3857294,2022-11-29,Netherlands,Qatar,a5f13d9cb976c9e695ccd4ef449ff63ae1c5a1f7da2ecfb00603f23d6dc65a56,True,lake_object_read,4311,True,96.05,False,True,4,4,18,18,available_verified,True,True,True,True,264,37,True,1,0,True,10,True,101,True,True,True,False,2,FIFA World Cup 2022,A,available_verified,available_verified,available_verified,available_verified,available_verified,available_verified,available_verified,available_verified,available_verified,available_verified,available_verified,available_verified,available_verified,available_verified
international,FIFA World Cup 2022,2022,3857295,3857295,2022-11-27,Japan,Costa Rica,a59119793b57b85db364f1c9148f2c8ba1243555c7a25972e947b4d0aa36bb37,True,lake_object_read,3825,True,96.35,False,True,4,4,17,17,available_verified,True,True,True,True,307,36,True,6,0,True,9,True,92,True,True,True,False,2,FIFA World Cup 2022,A,available_verified,available_verified,available_verified,available_verified,available_verified,available_verified,available_verified,available_verified,available_verified,available_verified,available_verified,available_verified,available_verified,available_verified
international,FIFA World Cup 2022,2022,3857296,3857296,2022-12-01,Croatia,Belgium,e86579ac60aa4fec884716d3cc438610cc1a61c8453cd339c9223098be665a7c,True,lake_object_read,4116,True,93.983,False,True,4,4,27,27,available_verified,True,True,True,True,283,26,True,1,0,True,8,True,161,True,True,True,False,2,FIFA World Cup 2022,A,available_verified,available_verified,available_verified,available_verified,available_verified,available_verified,available_verified,available_verified,available_verified,available_verified,available_verified,available_verified,available_verified,available_verified
international,FIFA World Cup 2022,2022,3857299,3857299,2022-11-28,South Korea,Ghana,b5e3534f6838cba64bcc46dfbef5bc14b768f35ad5aea2038e2990fe19c989c0,True,lake_object_read,3346,True,100.917,False,True,4,4,28,28,available_verified,True,True,True,True,252,40,True,4,0,True,9,True,137,True,True,True,False,2,FIFA World Cup 2022,A,available_verified,available_verified,available_verified,available_verified,available_verified,available_verified,available_verified,available_verified,available_verified,available_verified,available_verified,available_verified,available_verified,available_verified
international,FIFA World Cup 2022,2022,3857298,3857298,2022-11-24,Portugal,Ghana,1d83208ea85fbadbacf2a8886a62a14bb5202bd57b494606b0ccdbe10709ab51,True,lake_object_read,3738,True,100.117,False,True,4,4,20,20,available_verified,True,True,True,True,250,40,True,6,0,True,10,True,117,True,True,True,False,2,FIFA World Cup 2022,A,available_verified,available_verified,available_verified,available_verified,available_verified,available_verified,available_verified,available_verified,available_verified,available_verified,available_verified,available_verified,available_partial,available_verified
international,FIFA World Cup 2022,2022,3857300,3857300,2022-11-22,Argentina,Saudi Arabia,76fa92d3cc2d235a47eed0a7a722332a7c3ec5d3386a8785102eeec69db80ee8,True,lake_object_read,3329,True,103.833,False,True,4,4,18,18,available_verified,True,True,True,True,248,48,True,6,0,True,9,True,115,True,True,True,False,2,FIFA World Cup 2022,A,available_verified,available_verified,available_verified,available_verified,available_verified,available_verified,available_verified,available_verified,available_verified,available_verified,available_verified,available_verified,available_partial,available_verified
international,FIFA World Cup 2022,2022,3857297,3857297,2022-11-26,Poland,Saudi Arabia,ba51d6820d4b5e19e3dc858d4e111b9214696c5d5ccd78eae6eb97306d26a49d,True,lake_object_read,3202,True,97.083,False,True,4,4,26,26,available_verified,True,True,True,True,226,40,True,5,0,True,7,True,136,True,True,True,False,2,FIFA World Cup 2022,A,available_verified,available_verified,available_verified,available_verified,available_verified,available_verified,available_verified,available_verified,available_verified,available_verified,available_verified,available_verified,available_partial,available_verified
international,FIFA World Cup 2022,2022,3857301,3857301,2022-11-25,Qatar,Senegal,6a211a48871d386e146b6cd416d47d1e94244c5798feedce121e6d169286f0a3,True,lake_object_read,3546,True,96.033,False,True,4,4,22,22,available_verified,True,True,True,True,286,38,True,6,0,True,9,True,116,True,True,True,False,2,FIFA World Cup 2022,A,available_verified,available_verified,available_verified,available_verified,available_verified,available_verified,available_verified,available_verified,available_verified,available_verified,available_verified,available_verified,available_verified,available_verified
international,FIFA World Cup 2022,2022,3869117,3869117,2022-12-03,Netherlands,United States,1b0e02160e25013b840c716b304ba1bc7b9254cb044e2ca216d582f0ede3eaf0,True,lake_object_read,3582,True,96.167,False,True,4,4,29,29,available_verified,True,True,True,True,241,27,True,2,0,True,10,True,136,True,True,True,False,2,FIFA World Cup 2022,A,available_verified,available_verified,available_verified,available_verified,available_verified,available_verified,available_verified,available_verified,available_verified,available_verified,available_verified,available_verified,available_verified,available_verified
international,FIFA World Cup 2022,2022,3869151,3869151,2022-12-03,Argentina,Australia,0157c399b6ff7ec46b265024b5a98ee878d73a8a1a0d5966de3a3d1cfb56a414,True,lake_object_read,4150,True,97.367,False,True,4,4,19,19,available_verified,True,True,True,True,343,30,True,2,0,True,10,True,85,True,True,True,False,2,FIFA World Cup 2022,A,available_verified,available_verified,available_verified,available_verified,available_verified,available_verified,available_verified,available_verified,available_verified,available_verified,available_verified,available_verified,available_verified,available_verified
international,FIFA World Cup 2022,2022,3869118,3869118,2022-12-04,England,Senegal,b9a98ce90b475f5308bca34d6dde87f332091e61fe78d45badbf3fed53dffc9f,True,lake_object_read,3505,True,94.2,False,True,4,4,18,18,available_verified,True,True,True,True,232,32,True,1,0,True,10,True,103,True,True,True,False,2,FIFA World Cup 2022,A,available_verified,available_verified,available_verified,available_verified,available_verified,available_verified,available_verified,available_verified,available_verified,available_verified,available_verified,available_verified,available_verified,available_verified
international,FIFA World Cup 2022,2022,3869152,3869152,2022-12-04,France,Poland,750ec4a0672adb8c85e89c7bc9e150b911d21a4d2172652273094c8aa7d4c095,True,lake_object_read,3618,True,99.267,False,True,4,4,28,28,available_verified,True,True,True,True,237,25,True,3,0,True,9,True,129,True,True,True,False,2,FIFA World Cup 2022,A,available_verified,available_verified,available_verified,available_verified,available_verified,available_verified,available_verified,available_verified,available_verified,available_verified,available_verified,available_verified,available_partial,available_verified
international,FIFA World Cup 2022,2022,3869219,3869219,2022-12-05,Japan,Croatia,717f0a1e9923bc43528546c29267c5195e071fdc3f6d63563c0d58e58fb3ec40,True,lake_object_read,4559,True,94.0,True,True,10,10,38,38,available_verified,True,True,True,True,283,45,True,2,0,True,11,True,130,True,True,True,False,2,FIFA World Cup 2022,A,available_verified,available_verified,available_verified,available_verified,available_verified,available_verified,available_verified,available_verified,available_verified,available_verified,available_verified,available_verified,available_partial,available_verified
international,FIFA World Cup 2022,2022,3869220,3869220,2022-12-06,Morocco,Spain,ca1d27f3a1b2454bf9d0b0b5e44aedecf01f39dde8ee1f3b6198acad3f24f966,True,lake_object_read,4750,True,95.183,True,True,10,10,25,25,available_verified,True,True,True,True,329,45,True,2,0,True,12,True,97,True,True,True,False,2,FIFA World Cup 2022,A,available_verified,available_verified,available_verified,available_verified,available_verified,available_verified,available_verified,available_verified,available_verified,available_verified,available_verified,available_verified,available_partial,available_verified
international,FIFA World Cup 2022,2022,3869254,3869254,2022-12-06,Portugal,Switzerland,8317fefc7c2c0e4e072064b844077849856860ef81ef29c97916fd1c19ba7d44,True,lake_object_read,3422,True,94.133,False,True,4,4,25,25,available_verified,True,True,True,True,278,38,True,2,0,True,10,True,118,True,True,True,False,2,FIFA World Cup 2022,A,available_verified,available_verified,available_verified,available_verified,available_verified,available_verified,available_verified,available_verified,available_verified,available_verified,available_verified,available_verified,available_verified,available_verified
international,FIFA World Cup 2022,2022,3869253,3869253,2022-12-05,Brazil,South Korea,c6081e65da563f21c7f902bcf2f70d4fe26f4ac7d34a867388c1d5e6f21091d5,True,lake_object_read,4046,True,93.967,False,True,4,4,26,26,available_verified,True,True,True,True,278,32,True,1,0,True,10,True,134,True,True,True,False,2,FIFA World Cup 2022,A,available_verified,available_verified,available_verified,available_verified,available_verified,available_verified,available_verified,available_verified,available_verified,available_verified,available_verified,available_verified,available_partial,available_verified
international,FIFA World Cup 2022,2022,3869321,3869321,2022-12-09,Netherlands,Argentina,dd0472e758207eea4dc1726c778f506e91c1f630b3020b101cf111267c2621ed,True,lake_object_read,4708,True,102.667,True,True,10,10,31,31,available_verified,True,True,True,True,406,58,True,15,1,True,11,True,95,True,False,False,False,2,FIFA World Cup 2022,A,available_verified,available_verified,available_verified,available_verified,available_verified,available_verified,available_verified,available_verified,available_verified,available_verified,available_verified,available_verified,available_partial,available_verified
international,FIFA World Cup 2022,2022,3869354,3869354,2022-12-10,England,France,50c32503dc49d25430e9cbf254160bce7e1c7ee0975be826dbf4da413f4c280e,True,lake_object_read,3239,True,100.483,False,True,4,4,24,24,available_verified,True,True,True,True,230,30,True,4,0,True,5,True,117,True,True,True,False,2,FIFA World Cup 2022,A,available_verified,available_verified,available_verified,available_verified,available_verified,available_verified,available_verified,available_verified,available_verified,available_verified,available_verified,available_verified,available_partial,available_verified
international,FIFA World Cup 2022,2022,3869420,3869420,2022-12-09,Croatia,Brazil,0936838f0a1a27df11352a4b96c6265b3ef89b164ff96817e46ae6619f0ab164,True,lake_object_read,5145,True,93.833,True,True,10,10,37,37,available_verified,True,True,True,True,315,60,True,5,0,True,10,True,115,True,True,True,False,2,FIFA World Cup 2022,A,available_verified,available_verified,available_verified,available_verified,available_verified,available_verified,available_verified,available_verified,available_verified,available_verified,available_verified,available_verified,available_partial,available_verified
international,FIFA World Cup 2022,2022,3869486,3869486,2022-12-10,Morocco,Portugal,455127b456021593874476ee8b5dad01b0166b8da814c095300b6ed608a08993,True,lake_object_read,3381,True,98.033,False,True,4,4,21,21,available_verified,True,True,True,True,242,40,True,3,1,True,10,True,114,True,True,True,False,2,FIFA World Cup 2022,A,available_verified,available_verified,available_verified,available_verified,available_verified,available_verified,available_verified,available_verified,available_verified,available_verified,available_verified,available_verified,available_verified,available_verified
international,FIFA World Cup 2022,2022,3869519,3869519,2022-12-13,Argentina,Croatia,4ee7a0a1484045f49d42e74b7ca1881446ca7245087c6b6d47e536d47d58da6d,True,lake_object_read,3806,True,95.033,False,True,4,4,21,21,available_verified,True,True,True,True,290,27,True,4,0,True,10,True,103,True,True,True,False,2,FIFA World Cup 2022,A,available_verified,available_verified,available_verified,available_verified,available_verified,available_verified,available_verified,available_verified,available_verified,available_verified,available_verified,available_verified,available_partial,available_verified
international,FIFA World Cup 2022,2022,3869684,3869684,2022-12-17,Croatia,Morocco,2206de792571a821d762a34c63d189db62f7a9bdacab80ef497545f4191fdd28,True,lake_object_read,3560,True,96.15,False,True,4,4,21,21,available_verified,True,True,True,True,257,37,True,2,0,True,9,True,121,True,True,True,False,2,FIFA World Cup 2022,A,available_verified,available_verified,available_verified,available_verified,available_verified,available_verified,available_verified,available_verified,available_verified,available_verified,available_verified,available_verified,available_verified,available_verified
international,FIFA World Cup 2022,2022,3869552,3869552,2022-12-14,France,Morocco,a8d0c4c65503004d6e12403815b21f65c101b394b7b42bd6c84fc26357d3868e,True,lake_object_read,3551,True,95.967,False,True,4,4,27,27,available_verified,True,True,True,True,308,33,True,1,0,True,7,True,117,True,True,True,False,2,FIFA World Cup 2022,A,available_verified,available_verified,available_verified,available_verified,available_verified,available_verified,available_verified,available_verified,available_verified,available_verified,available_verified,available_verified,available_verified,available_verified
international,FIFA World Cup 2022,2022,3869685,3869685,2022-12-18,Argentina,France,a0b0036d50c10a4c8879d1ee9f24a7502ec2cfb264a61951c8d500dfc897ec35,True,lake_object_read,4407,True,98.617,True,True,10,10,38,38,available_verified,True,True,True,True,361,62,True,8,0,True,13,True,92,True,True,True,False,2,FIFA World Cup 2022,A,available_verified,available_verified,available_verified,available_verified,available_verified,available_verified,available_verified,available_verified,available_verified,available_verified,available_verified,available_verified,available_partial,available_verified
international,UEFA Euro 2024,2024,3930170,3930170,2024-06-20,Slovenia,Serbia,3d0641d64fd8c76ef7797902405ef68178488c754518ad52d42597d09a05699c,True,lake_object_read,3552,True,96.433,False,True,4,4,27,27,available_verified,True,True,True,True,255,33,True,6,0,True,9,True,138,True,False,False,False,3,UEFA Euro 2024,A,available_verified,available_verified,available_verified,available_verified,available_verified,available_verified,available_verified,available_verified,available_verified,available_verified,available_verified,available_verified,available_verified,available_verified
international,UEFA Euro 2024,2024,3930172,3930172,2024-06-20,Spain,Italy,abf0a997a0723ad593eee176d4dff387a1e72ce95093942dd47125a4d783b9c3,True,lake_object_read,3982,True,96.233,False,True,4,4,24,24,available_verified,True,True,True,True,384,37,True,5,0,True,10,True,110,True,True,True,False,3,UEFA Euro 2024,A,available_verified,available_verified,available_verified,available_verified,available_verified,available_verified,available_verified,available_verified,available_verified,available_verified,available_verified,available_verified,available_verified,available_verified
international,UEFA Euro 2024,2024,3930173,3930173,2024-06-21,Netherlands,France,acf4f80fdf726920ccfed08359e8b6853da676abb9f5e9b8cc3b26c387d69f1a,True,lake_object_read,3681,True,95.367,False,True,4,4,24,24,available_verified,True,True,True,True,208,32,True,1,0,True,6,True,113,True,True,True,False,3,UEFA Euro 2024,A,available_verified,available_verified,available_verified,available_verified,available_verified,available_verified,available_verified,available_verified,available_verified,available_verified,available_verified,available_verified,available_verified,available_verified
international,UEFA Euro 2024,2024,3930171,3930171,2024-06-20,Denmark,England,d4f834a5c560f9af3095351aaaf5f308dde96fae230a00da788b468e18606d7f,True,lake_object_read,3881,True,93.083,False,True,4,4,28,28,available_verified,True,True,True,True,261,28,True,4,0,True,9,True,126,True,True,True,False,3,UEFA Euro 2024,A,available_verified,available_verified,available_verified,available_verified,available_verified,available_verified,available_verified,available_verified,available_verified,available_verified,available_verified,available_verified,available_verified,available_verified
international,UEFA Euro 2024,2024,3930175,3930175,2024-06-22,Belgium,Romania,47ca0ed1482c400b7cbb4abd8dbe00791f68f50a765f4019ee47080bcfda79f4,True,lake_object_read,3203,True,94.033,False,True,4,4,34,34,available_verified,True,True,True,True,289,39,True,3,0,True,8,True,172,True,True,True,False,3,UEFA Euro 2024,A,available_verified,available_verified,available_verified,available_verified,available_verified,available_verified,available_verified,available_verified,available_verified,available_verified,available_verified,available_verified,available_verified,available_verified
international,UEFA Euro 2024,2024,3930177,3930177,2024-06-23,Scotland,Hungary,3f996dc352237a3260abdc128099c554d49bdbf64e27250647b072ceaa370bb2,True,lake_object_read,3386,True,101.55,False,True,4,4,18,18,available_verified,True,True,True,True,331,44,True,6,0,True,10,True,110,True,False,False,False,3,UEFA Euro 2024,A,available_verified,available_verified,available_verified,available_verified,available_verified,available_verified,available_verified,available_verified,available_verified,available_verified,available_verified,available_verified,available_verified,available_verified
international,UEFA Euro 2024,2024,3930174,3930174,2024-06-22,Turkey,Portugal,eb07ab0fe87cd5ecf06863ecf4d1ff878d5b23dbdf808fb7742c14b7e5cc6a80,True,lake_object_read,3781,True,95.083,False,True,4,4,23,23,available_verified,True,True,True,True,289,38,True,5,0,True,10,True,134,True,True,True,False,3,UEFA Euro 2024,A,available_verified,available_verified,available_verified,available_verified,available_verified,available_verified,available_verified,available_verified,available_verified,available_verified,available_verified,available_verified,available_verified,available_verified
international,UEFA Euro 2024,2024,3930176,3930176,2024-06-23,Switzerland,Germany,7f4043b0afe1a97ce5c47a674c56edf8cc9d02773a9b0cf38419b6c1cd423cdd,True,lake_object_read,3727,True,94.067,False,True,4,4,22,22,available_verified,True,True,True,True,339,41,True,4,0,True,8,True,133,True,False,False,False,3,UEFA Euro 2024,A,available_verified,available_verified,available_verified,available_verified,available_verified,available_verified,available_verified,available_verified,available_verified,available_verified,available_verified,available_verified,available_verified,available_verified
international,UEFA Euro 2024,2024,3930178,3930178,2024-06-24,Croatia,Italy,c30cf383f2c3f85ce28dff572cdc8d8d1a51217755a70a05090ef36e90ba801a,True,lake_object_read,4008,True,99.017,False,True,4,4,19,19,available_verified,True,True,True,True,325,37,True,8,0,True,10,True,127,True,False,False,False,3,UEFA Euro 2024,A,available_verified,available_verified,available_verified,available_verified,available_verified,available_verified,available_verified,available_verified,available_verified,available_verified,available_verified,available_verified,available_partial,available_verified
international,UEFA Euro 2024,2024,3930181,3930181,2024-06-25,England,Slovenia,3cf0b798289f035d0880f789126b1eee83cd947280d16488ba62978b69c294c7,True,lake_object_read,3688,True,94.033,False,True,4,4,16,16,available_verified,True,True,True,True,278,27,True,5,0,True,8,True,102,True,True,True,False,3,UEFA Euro 2024,A,available_verified,available_verified,available_verified,available_verified,available_verified,available_verified,available_verified,available_verified,available_verified,available_verified,available_verified,available_verified,available_verified,available_verified
international,UEFA Euro 2024,2024,3930179,3930179,2024-06-24,Albania,Spain,a65d0878381a7acdaebc74ad937f6451c4c1ddd6f47ae08abaf018867fdf47c6,True,lake_object_read,3776,True,94.617,False,True,4,4,26,26,available_verified,True,True,True,True,313,33,True,3,0,True,9,True,131,True,True,True,False,3,UEFA Euro 2024,A,available_verified,available_verified,available_verified,available_verified,available_verified,available_verified,available_verified,available_verified,available_verified,available_verified,available_verified,available_verified,available_verified,available_verified
international,UEFA Euro 2024,2024,3930180,3930180,2024-06-25,Netherlands,Austria,aff9750bc5b7223c89c805e048d412616e627f45378ded0ac79f642e498f5b3b,True,lake_object_read,3206,True,97.117,False,True,4,4,20,20,available_verified,True,True,True,True,306,35,True,3,0,True,9,True,117,True,True,True,False,3,UEFA Euro 2024,A,available_verified,available_verified,available_verified,available_verified,available_verified,available_verified,available_verified,available_verified,available_verified,available_verified,available_verified,available_verified,available_verified,available_verified
international,UEFA Euro 2024,2024,3930183,3930183,2024-06-26,Slovakia,Romania,d9127adb5f8ca29137912a8d30744496e011599fdfcdae41434a937ceb39ca80,True,lake_object_read,2880,True,94.217,False,True,4,4,22,22,available_verified,True,True,True,True,175,28,True,4,0,True,9,True,109,True,True,True,False,3,UEFA Euro 2024,A,available_verified,available_verified,available_verified,available_verified,available_verified,available_verified,available_verified,available_verified,available_verified,available_verified,available_verified,available_verified,available_partial,available_verified
international,UEFA Euro 2024,2024,3930182,3930182,2024-06-25,Denmark,Serbia,48cd23ecd5e033fb3a5d3084757a833fe024d26ff02ee05ff206e2577027e768,True,lake_object_read,3787,True,95.067,False,True,4,4,15,15,available_verified,True,True,True,True,276,29,True,4,0,True,10,True,104,True,True,True,False,3,UEFA Euro 2024,A,available_verified,available_verified,available_verified,available_verified,available_verified,available_verified,available_verified,available_verified,available_verified,available_verified,available_verified,available_verified,available_verified,available_verified
international,UEFA Euro 2024,2024,3938637,3938637,2024-06-16,Poland,Netherlands,031b6bcc24b43b9d5e0ef444f65db4dba2f7504391532eafe891ecd1e7ad6130,True,lake_object_read,3409,True,95.033,False,True,4,4,33,33,available_verified,True,True,True,True,263,29,True,1,0,True,10,True,157,True,True,True,False,3,UEFA Euro 2024,A,available_verified,available_verified,available_verified,available_verified,available_verified,available_verified,available_verified,available_verified,available_verified,available_verified,available_verified,available_verified,available_verified,available_verified
international,UEFA Euro 2024,2024,3930184,3930184,2024-06-26,Czech Republic,Turkey,b32ec79b13e1a1606634f677bd7713ad272bbe38e9c7ef955d6237ac1b689765,True,lake_object_read,2953,True,97.667,False,True,4,4,30,30,available_verified,True,True,True,True,231,36,True,17,2,True,10,True,159,True,False,False,False,3,UEFA Euro 2024,A,available_verified,available_verified,available_verified,available_verified,available_verified,available_verified,available_verified,available_verified,available_verified,available_verified,available_verified,available_verified,available_verified,available_verified
international,UEFA Euro 2024,2024,3938638,3938638,2024-06-17,Romania,Ukraine,b642135a6ac4e0b10c5a96d26498eb1d9a7a3c00abc2cef989f873bbc4cccfef,True,lake_object_read,3169,True,94.067,False,True,4,4,23,23,available_verified,True,True,True,True,215,28,True,2,0,True,10,True,117,True,True,True,False,3,UEFA Euro 2024,A,available_verified,available_verified,available_verified,available_verified,available_verified,available_verified,available_verified,available_verified,available_verified,available_verified,available_verified,available_verified,available_verified,available_verified
international,UEFA Euro 2024,2024,3938640,3938640,2024-06-21,Slovakia,Ukraine,eb9e13650dcab1bc41738f5b9577377b5e3c55c9528fcfbaf947dd28a62d9975,True,lake_object_read,3512,True,95.267,False,True,4,4,27,27,available_verified,True,True,True,True,201,33,True,1,0,True,10,True,130,True,True,True,False,3,UEFA Euro 2024,A,available_verified,available_verified,available_verified,available_verified,available_verified,available_verified,available_verified,available_verified,available_verified,available_verified,available_verified,available_verified,available_verified,available_verified
international,UEFA Euro 2024,2024,3938639,3938639,2024-06-18,Turkey,Georgia,328aca7629193a2780f449d0026e8d356096fc20b47a0305219c192fe661c15f,True,lake_object_read,3837,True,97.733,False,True,4,4,36,36,available_verified,True,True,True,True,225,29,True,3,0,True,9,True,149,True,True,True,False,3,UEFA Euro 2024,A,available_verified,available_verified,available_verified,available_verified,available_verified,available_verified,available_verified,available_verified,available_verified,available_verified,available_verified,available_verified,available_verified,available_verified
international,UEFA Euro 2024,2024,3938641,3938641,2024-06-21,Poland,Austria,6ca66b263f739a45abb783ea10f8d4ba7ca58e4634fbdde0fbbf557328e9ab48,True,lake_object_read,3400,True,94.0,False,True,4,4,30,30,available_verified,True,True,True,True,355,36,True,6,0,True,10,True,133,True,True,True,False,3,UEFA Euro 2024,A,available_verified,available_verified,available_verified,available_verified,available_verified,available_verified,available_verified,available_verified,available_verified,available_verified,available_verified,available_verified,available_partial,available_verified
international,UEFA Euro 2024,2024,3938642,3938642,2024-06-22,Georgia,Czech Republic,a370edcf9fc4d809314c3768579eee2926e7136a4e1a9eec618749fd1171766e,True,lake_object_read,3332,True,95.183,False,True,4,4,32,32,available_verified,True,True,True,True,225,45,True,9,0,True,10,True,151,True,True,True,False,3,UEFA Euro 2024,A,available_verified,available_verified,available_verified,available_verified,available_verified,available_verified,available_verified,available_verified,available_verified,available_verified,available_verified,available_verified,available_partial,available_verified
international,UEFA Euro 2024,2024,3938644,3938644,2024-06-26,Georgia,Portugal,e3505f31e5ecb6ea6b94514dccdff7c63d82ec2e4244dff40b91dabe8f1b1494,True,lake_object_read,3659,True,94.25,False,True,4,4,29,29,available_verified,True,True,True,True,249,28,True,4,0,True,9,True,117,True,True,True,False,3,UEFA Euro 2024,A,available_verified,available_verified,available_verified,available_verified,available_verified,available_verified,available_verified,available_verified,available_verified,available_verified,available_verified,available_verified,available_partial,available_verified
international,UEFA Euro 2024,2024,3938643,3938643,2024-06-25,France,Poland,6dfb69ed3be4797cb610756c07e72e81c86c211479b3ff16fa668d73141581ea,True,lake_object_read,3767,True,95.783,False,True,4,4,29,29,available_verified,True,True,True,True,331,40,True,4,0,True,7,True,150,True,True,True,False,3,UEFA Euro 2024,A,available_verified,available_verified,available_verified,available_verified,available_verified,available_verified,available_verified,available_verified,available_verified,available_verified,available_verified,available_verified,available_partial,available_verified
international,Copa America 2024,2024,3939983,3939983,2024-06-29,Paraguay,Brazil,2ac8b0506266174bb0714b9f47af9bd4c7375341a91cefb9cb44afe47dbef90e,True,lake_object_read,3436,True,93.0,False,True,4,4,32,32,available_verified,True,True,True,True,294,31,True,5,1,True,10,True,125,True,True,True,False,4,Copa America 2024,A,available_verified,available_verified,available_verified,available_verified,available_verified,available_verified,available_verified,available_verified,available_verified,available_verified,available_verified,available_verified,available_partial,available_verified
international,UEFA Euro 2024,2024,3938645,3938645,2024-06-26,Ukraine,Belgium,f93b68287bf0c334574d8331c8bf298db1ebb363b6e8d764f3872d64a0e9a1bf,True,lake_object_read,3526,True,94.067,False,True,4,4,26,26,available_verified,True,True,True,True,274,26,True,2,0,True,9,True,126,True,True,True,False,3,UEFA Euro 2024,A,available_verified,available_verified,available_verified,available_verified,available_verified,available_verified,available_verified,available_verified,available_verified,available_verified,available_verified,available_verified,available_verified,available_verified
international,Copa America 2024,2024,3939985,3939985,2024-06-30,Canada,Chile,acd1aa28c321c73376fb219bce851fc45be80e7011e5e85be5b3c18f1c838725,True,lake_object_read,2903,True,97.6,False,True,4,4,17,17,available_verified,True,True,True,True,252,35,True,6,1,True,9,True,125,True,True,True,False,4,Copa America 2024,A,available_verified,available_verified,available_verified,available_verified,available_verified,available_verified,available_verified,available_verified,available_verified,available_verified,available_verified,available_verified,available_verified,available_verified
international,Copa America 2024,2024,3939987,3939987,2024-07-01,Jamaica,Venezuela,92dabf7ae0ca582f39de40e4722f1ad9c03bce5628c65daaefcc08beb643a96f,True,lake_object_read,2866,True,92.917,False,True,4,4,25,25,available_verified,True,True,True,True,229,32,True,2,0,True,10,True,156,True,True,True,False,4,Copa America 2024,A,available_verified,available_verified,available_verified,available_verified,available_verified,available_verified,available_verified,available_verified,available_verified,available_verified,available_verified,available_verified,available_verified,available_verified
international,Copa America 2024,2024,3939986,3939986,2024-06-30,Argentina,Peru,22c6fc3e612c55c1ffb38aea6e2dcfcb082fe2f87f92c90e0b8e60b256b762c0,True,lake_object_read,3175,True,94.133,False,True,4,4,19,19,available_verified,True,True,True,True,227,42,True,6,0,True,10,True,98,True,True,True,False,4,Copa America 2024,A,available_verified,available_verified,available_verified,available_verified,available_verified,available_verified,available_verified,available_verified,available_verified,available_verified,available_verified,available_verified,available_verified,available_verified
international,Copa America 2024,2024,3939988,3939988,2024-07-01,Mexico,Ecuador,a976a32f41f8f834ed06fd0e60707839e025d6d7e762a326120c4da77e911dfe,True,lake_object_read,2938,True,99.867,False,True,4,4,29,29,available_verified,True,True,True,True,288,36,True,7,0,True,9,True,144,True,True,True,False,4,Copa America 2024,A,available_verified,available_verified,available_verified,available_verified,available_verified,available_verified,available_verified,available_verified,available_verified,available_verified,available_verified,available_verified,available_verified,available_verified
international,Copa America 2024,2024,3939990,3939990,2024-07-02,United States,Uruguay,74c888c020433f4590214574232bfe1fc4b621271525a69abcb5e781bd5e11aa,True,lake_object_read,2583,True,96.2,False,True,4,4,20,20,available_verified,True,True,True,True,285,30,True,3,0,True,9,True,116,True,True,True,False,4,Copa America 2024,A,available_verified,available_verified,available_verified,available_verified,available_verified,available_verified,available_verified,available_verified,available_verified,available_verified,available_verified,available_verified,available_verified,available_verified
international,Copa America 2024,2024,3939989,3939989,2024-07-02,Bolivia,Panama,27defc76db6f75e04a6af93bf263b68947c0cb39415ce68ce1a476d1e61af595,True,lake_object_read,3237,True,94.983,False,True,4,4,20,20,available_verified,True,True,True,True,301,31,True,3,0,True,10,True,107,True,True,True,False,4,Copa America 2024,A,available_verified,available_verified,available_verified,available_verified,available_verified,available_verified,available_verified,available_verified,available_verified,available_verified,available_verified,available_verified,available_verified,available_verified
international,Copa America 2024,2024,3939992,3939992,2024-07-03,Costa Rica,Paraguay,2a37e893081a5e62cb9ddc6e185698657d23cc41b6402fb9f2bb3b28bb1b000b,True,lake_object_read,3067,True,96.233,False,True,4,4,19,19,available_verified,True,True,True,True,267,39,True,6,0,True,10,True,93,True,True,True,False,4,Copa America 2024,A,available_verified,available_verified,available_verified,available_verified,available_verified,available_verified,available_verified,available_verified,available_verified,available_verified,available_verified,available_verified,available_verified,available_verified
international,Copa America 2024,2024,3939991,3939991,2024-07-03,Brazil,Colombia,88a75f5a8987ffa7243f5c736f549365add9d97f15c84e72f6896e67a7c811ab,True,lake_object_read,3213,True,95.267,False,True,4,4,20,20,available_verified,True,True,True,True,307,44,True,5,0,True,10,True,114,True,True,True,False,4,Copa America 2024,A,available_verified,available_verified,available_verified,available_verified,available_verified,available_verified,available_verified,available_verified,available_verified,available_verified,available_verified,available_verified,available_verified,available_verified
international,UEFA Euro 2024,2024,3940983,3940983,2024-06-29,Germany,Denmark,e46855568db36550730428cbdf0251716d8e6768639482ad9c56ce0c1d5c377f,True,lake_object_read,3640,True,95.95,False,True,4,4,25,25,available_verified,True,True,True,True,282,37,True,2,0,True,10,True,118,True,True,True,False,3,UEFA Euro 2024,A,available_verified,available_verified,available_verified,available_verified,available_verified,available_verified,available_verified,available_verified,available_verified,available_verified,available_verified,available_verified,available_partial,available_verified
international,UEFA Euro 2024,2024,3940878,3940878,2024-06-29,Switzerland,Italy,3fcb21720b9df15390e996f76f2e8713e6756aeedd502b62a5ea5bd955351a60,True,lake_object_read,3852,True,92.033,False,True,4,4,27,27,available_verified,True,True,True,True,280,34,True,3,0,True,10,True,141,True,True,True,False,3,UEFA Euro 2024,A,available_verified,available_verified,available_verified,available_verified,available_verified,available_verified,available_verified,available_verified,available_verified,available_verified,available_verified,available_verified,available_verified,available_verified
international,UEFA Euro 2024,2024,3941018,3941018,2024-06-30,Spain,Georgia,62f65d56f69ce4ed8e9d7950d0c8897acbcac9db318e7abbe469c1f77f698aad,True,lake_object_read,3948,True,93.083,False,True,4,4,39,39,available_verified,True,True,True,True,276,34,True,2,0,True,10,True,161,True,True,True,False,3,UEFA Euro 2024,A,available_verified,available_verified,available_verified,available_verified,available_verified,available_verified,available_verified,available_verified,available_verified,available_verified,available_verified,available_verified,available_verified,available_verified
international,UEFA Euro 2024,2024,3941017,3941017,2024-06-30,England,Slovakia,45b618a2b04258310bb696370b83251ec79846783eac7c0e9ac9e2be7f90c07e,True,lake_object_read,4764,True,97.017,True,True,8,8,29,29,available_verified,True,True,True,True,340,41,True,9,0,True,11,True,129,True,False,False,False,3,UEFA Euro 2024,A,available_verified,available_verified,available_verified,available_verified,available_verified,available_verified,available_verified,available_verified,available_verified,available_verified,available_verified,available_verified,available_verified,available_verified
international,UEFA Euro 2024,2024,3941019,3941019,2024-07-01,France,Belgium,3d2e6e72f95bf7c4aca447f8e8c082ada20f5fc78a64a4ea50456a8159f29428,True,lake_object_read,3943,True,93.167,False,True,4,4,24,24,available_verified,True,True,True,True,258,23,True,5,0,True,4,True,133,True,True,True,False,3,UEFA Euro 2024,A,available_verified,available_verified,available_verified,available_verified,available_verified,available_verified,available_verified,available_verified,available_verified,available_verified,available_verified,available_verified,available_verified,available_verified
international,UEFA Euro 2024,2024,3941020,3941020,2024-07-01,Portugal,Slovenia,fed12f03582eb53308e6f831130e81924d17023f29b199e28e3672812f5cb696,True,lake_object_read,4225,True,94.45,True,True,10,10,36,36,available_verified,True,True,True,True,327,44,True,6,0,True,8,True,117,True,True,True,False,3,UEFA Euro 2024,A,available_verified,available_verified,available_verified,available_verified,available_verified,available_verified,available_verified,available_verified,available_verified,available_verified,available_verified,available_verified,available_partial,available_verified
international,UEFA Euro 2024,2024,3941021,3941021,2024-07-02,Romania,Netherlands,63913270d365347be4367a699cf6c8e77225cb4fd8e5cb4d8a33063244f6fe9e,True,lake_object_read,2998,True,94.383,False,True,4,4,29,29,available_verified,True,True,True,True,221,36,True,4,0,True,10,True,164,True,True,True,False,3,UEFA Euro 2024,A,available_verified,available_verified,available_verified,available_verified,available_verified,available_verified,available_verified,available_verified,available_verified,available_verified,available_verified,available_verified,available_verified,available_verified
international,UEFA Euro 2024,2024,3941022,3941022,2024-07-02,Austria,Turkey,6d8a1604a6db456e98279f1cb31cd4f556bb55bd6534bed18e293ca7e70246a5,True,lake_object_read,3720,True,95.017,False,True,4,4,27,27,available_verified,True,True,True,True,309,33,True,4,0,True,8,True,138,True,True,True,False,3,UEFA Euro 2024,A,available_verified,available_verified,available_verified,available_verified,available_verified,available_verified,available_verified,available_verified,available_verified,available_verified,available_verified,available_verified,available_verified,available_verified
international,UEFA Euro 2024,2024,3942227,3942227,2024-07-06,England,Switzerland,b0bc13e5fa3b548afe8a8435ca932f304fd9d8bb994df51882d54ddaa766a6be,True,lake_object_read,4890,True,92.933,True,True,10,10,34,34,available_verified,True,True,True,True,386,30,True,3,0,True,11,True,128,True,True,True,False,3,UEFA Euro 2024,A,available_verified,available_verified,available_verified,available_verified,available_verified,available_verified,available_verified,available_verified,available_verified,available_verified,available_verified,available_verified,available_partial,available_verified
international,Copa America 2024,2024,3942228,3942228,2024-07-05,Argentina,Ecuador,c4351fa3dc66fc0598d13a49f0a29fb421695ae0c8c84f872b9666b96fcac6c2,True,lake_object_read,2861,True,97.85,True,True,6,6,26,26,available_verified,True,True,True,True,207,34,True,4,0,True,9,True,94,True,False,False,False,4,Copa America 2024,A,available_verified,available_verified,available_verified,available_verified,available_verified,available_verified,available_verified,available_verified,available_verified,available_verified,available_verified,available_verified,available_partial,available_verified
international,Copa America 2024,2024,3942229,3942229,2024-07-06,Venezuela,Canada,fdc8e3adddc944113ceb96e3306d484c79da63be70afc4a44cbdaf3b9c2c7916,True,lake_object_read,3130,True,94.317,True,True,6,6,43,43,available_verified,True,True,True,True,299,33,True,3,0,True,9,True,142,True,True,True,False,4,Copa America 2024,A,available_verified,available_verified,available_verified,available_verified,available_verified,available_verified,available_verified,available_verified,available_verified,available_verified,available_verified,available_verified,available_partial,available_verified
international,UEFA Euro 2024,2024,3942226,3942226,2024-07-05,Spain,Germany,e4e0aba5eecdc7d136a54173fc5a3a51b3f179efc5e815be3aa8291e0ae5437c,True,lake_object_read,4463,True,94.117,True,True,8,8,42,42,available_verified,True,True,True,True,370,48,True,14,1,True,12,True,145,True,True,True,False,3,UEFA Euro 2024,A,available_verified,available_verified,available_verified,available_verified,available_verified,available_verified,available_verified,available_verified,available_verified,available_verified,available_verified,available_verified,available_verified,available_verified
international,Copa America 2024,2024,3942415,3942415,2024-07-07,Uruguay,Brazil,78089410909caae6c1276552bc2edc9cad0d6b2c72fdee5bec8e81065324fe2e,True,lake_object_read,2791,True,94.883,True,True,6,6,28,28,available_verified,True,True,True,True,341,47,True,4,1,True,10,True,91,True,True,True,False,4,Copa America 2024,A,available_verified,available_verified,available_verified,available_verified,available_verified,available_verified,available_verified,available_verified,available_verified,available_verified,available_verified,available_verified,available_partial,available_verified
international,UEFA Euro 2024,2024,3942382,3942382,2024-07-06,Netherlands,Turkey,31a3da99f63c52f83d69e5cdf2b26c14851da6d51765320d95f80b85b50a0a5f,True,lake_object_read,3417,True,96.117,False,True,4,4,26,26,available_verified,True,True,True,True,241,37,True,5,1,True,10,True,126,True,True,True,False,3,UEFA Euro 2024,A,available_verified,available_verified,available_verified,available_verified,available_verified,available_verified,available_verified,available_verified,available_verified,available_verified,available_verified,available_verified,available_verified,available_verified
international,UEFA Euro 2024,2024,3942349,3942349,2024-07-05,Portugal,France,331477f8fb6adc208588a20bc7329ba00396ae3f711bd91b441feaacf96e626a,True,lake_object_read,5195,True,93.1,True,True,10,10,44,44,available_verified,True,True,True,True,262,37,True,2,0,True,9,True,137,True,True,True,False,3,UEFA Euro 2024,A,available_verified,available_verified,available_verified,available_verified,available_verified,available_verified,available_verified,available_verified,available_verified,available_verified,available_verified,available_verified,available_partial,available_verified
international,Copa America 2024,2024,3942416,3942416,2024-07-06,Colombia,Panama,b3fdfb80cf3b823dc107936813c10cf9d11b599effbeba5e3cb4a0ed1b86f6d6,True,lake_object_read,2905,True,94.767,False,True,4,4,21,21,available_verified,True,True,True,True,282,38,True,4,0,True,10,True,113,True,True,True,False,4,Copa America 2024,A,available_verified,available_verified,available_verified,available_verified,available_verified,available_verified,available_verified,available_verified,available_verified,available_verified,available_verified,available_verified,available_partial,available_verified
international,Copa America 2024,2024,3942785,3942785,2024-07-10,Argentina,Canada,8a56b1dde37647e5d7a1d5002c4cde562792af3d9be2dbc754925095dc86d7c8,True,lake_object_read,3460,True,93.9,False,True,4,4,20,20,available_verified,True,True,True,True,335,25,True,4,0,True,10,True,107,True,True,True,False,4,Copa America 2024,A,available_verified,available_verified,available_verified,available_verified,available_verified,available_verified,available_verified,available_verified,available_verified,available_verified,available_verified,available_verified,available_verified,available_verified
international,UEFA Euro 2024,2024,3942819,3942819,2024-07-10,Netherlands,England,5bf91f83b4ea6e5fa6fd3207c347b65ccce5124ae2040689509895ef5c0ab1b5,True,lake_object_read,3503,True,95.15,False,True,4,4,16,16,available_verified,True,True,True,True,170,24,True,6,0,True,9,True,92,True,True,True,False,3,UEFA Euro 2024,A,available_verified,available_verified,available_verified,available_verified,available_verified,available_verified,available_verified,available_verified,available_verified,available_verified,available_verified,available_verified,available_partial,available_verified
international,Copa America 2024,2024,3942852,3942852,2024-07-11,Uruguay,Colombia,ddebbd268782a200f9a34eb12c81b25d47b0743dbd8be3ebbb6ef970b6eeff83,True,lake_object_read,2794,True,97.3,False,True,4,4,22,22,available_verified,True,True,True,True,291,37,True,7,1,True,10,True,124,True,True,True,False,4,Copa America 2024,A,available_verified,available_verified,available_verified,available_verified,available_verified,available_verified,available_verified,available_verified,available_verified,available_verified,available_verified,available_verified,available_verified,available_verified
international,UEFA Euro 2024,2024,3942752,3942752,2024-07-09,Spain,France,2422cf9024265c773c1002e51a707db15d2b890c3851a9321ffbeb0c23c5b72d,True,lake_object_read,3330,True,95.933,False,True,4,4,15,15,available_verified,True,True,True,True,296,31,True,4,0,True,9,True,123,True,True,True,False,3,UEFA Euro 2024,A,available_verified,available_verified,available_verified,available_verified,available_verified,available_verified,available_verified,available_verified,available_verified,available_verified,available_verified,available_verified,available_verified,available_verified
international,Copa America 2024,2024,3943076,3943076,2024-07-14,Canada,Uruguay,e0429cc38678af4367f3ad31804bf21a3d80e9103aedaa7d95724784ced8a05e,True,lake_object_read,2862,True,95.033,True,True,6,6,35,35,available_verified,True,True,True,True,317,48,True,6,0,True,10,True,152,True,False,False,False,4,Copa America 2024,A,available_verified,available_verified,available_verified,available_verified,available_verified,available_verified,available_verified,available_verified,available_verified,available_verified,available_verified,available_verified,available_partial,available_verified
international,UEFA Euro 2024,2024,3943043,3943043,2024-07-14,Spain,England,cd6ab2cf6c129cdc35d43242006582f69f6419d9041dd417405171f91ab26989,True,lake_object_read,3304,True,94.017,False,True,4,4,25,25,available_verified,True,True,True,True,327,28,True,4,0,True,7,True,132,True,True,True,False,3,UEFA Euro 2024,A,available_verified,available_verified,available_verified,available_verified,available_verified,available_verified,available_verified,available_verified,available_verified,available_verified,available_verified,available_verified,available_verified,available_verified
international,Copa America 2024,2024,3943077,3943077,2024-07-15,Argentina,Colombia,5da668d7a7c199f59dfa30c3d32c076957b89b890d4b67907a8e60b7f833a677,True,lake_object_read,4146,True,94.0,True,True,8,8,30,30,available_verified,True,True,True,True,313,38,True,4,0,True,12,True,108,True,True,True,False,4,Copa America 2024,A,available_verified,available_verified,available_verified,available_verified,available_verified,available_verified,available_verified,available_verified,available_verified,available_verified,available_verified,available_verified,available_verified,available_verified
club,1. Bundesliga,2015/2016,3890273,,2015-08-22,Hannover 96,Bayer Leverkusen,,True,aux_event_object_read,3411,True,94.2,False,True,4,4,16,16,available_verified,True,True,True,True,327,47,True,0,0,True,6,True,116,True,False,False,False,,1. Bundesliga,A,available_verified,available_verified,available_verified,available_verified,available_verified,available_verified,available_verified,available_verified,available_verified,available_verified,available_verified,available_verified,available_verified,available_verified
club,1. Bundesliga,2023/2024,3895302,,2024-04-14,Bayer Leverkusen,Werder Bremen,,True,aux_event_object_read,4223,True,89.867,False,True,4,4,27,27,available_verified,True,True,True,True,432,26,True,3,0,True,8,True,128,True,False,False,False,,1. Bundesliga,A,available_verified,available_verified,available_verified,available_verified,available_verified,available_verified,available_verified,available_verified,available_verified,available_verified,available_verified,available_verified,available_partial,available_verified
club,Champions League,1970/1971,3888711,,1971-06-02,Ajax,Panathinaikos,,True,aux_event_object_read,3529,True,90.567,False,True,4,4,34,34,available_verified,True,True,True,True,276,45,True,0,0,True,2,True,193,True,False,False,False,,Champions League,A,available_verified,available_verified,available_verified,available_verified,available_verified,available_verified,available_verified,available_verified,available_verified,available_verified,available_verified,available_verified,available_verified,available_verified
club,Champions League,1971/1972,3750235,,1972-05-31,Ajax,Inter Milan,,True,aux_event_object_read,3027,True,91.7,False,True,4,4,35,35,available_verified,True,True,True,True,205,64,True,2,0,True,2,True,152,True,False,False,False,,Champions League,A,available_verified,available_verified,available_verified,available_verified,available_verified,available_verified,available_verified,available_verified,available_verified,available_verified,available_verified,available_verified,available_verified,available_verified
club,Champions League,1972/1973,3888706,,1973-05-30,Ajax,Juventus,,True,aux_event_object_read,3195,True,90.967,False,True,4,4,42,42,available_verified,True,True,True,True,254,62,True,1,0,True,2,True,137,True,False,False,False,,Champions League,A,available_verified,available_verified,available_verified,available_verified,available_verified,available_verified,available_verified,available_verified,available_verified,available_verified,available_verified,available_verified,available_verified,available_verified
club,Champions League,1999/2000,3750240,,1999-11-23,Fiorentina,Manchester United,,True,aux_event_object_read,3384,True,93.033,False,True,4,4,27,27,available_verified,True,True,True,True,193,38,True,7,0,True,6,True,137,True,False,False,False,,Champions League,A,available_verified,available_verified,available_verified,available_verified,available_verified,available_verified,available_verified,available_verified,available_verified,available_verified,available_verified,available_verified,available_verified,available_verified
club,Champions League,2003/2004,3752619,,2004-05-26,AS Monaco,FC Porto,,True,aux_event_object_read,3223,True,93.967,False,True,4,4,13,13,available_verified,True,True,True,True,243,52,True,3,0,True,6,True,124,True,False,False,False,,Champions League,A,available_verified,available_verified,available_verified,available_verified,available_verified,available_verified,available_verified,available_verified,available_verified,available_verified,available_verified,available_verified,available_verified,available_verified
club,Champions League,2004/2005,2302764,,2005-05-25,AC Milan,Liverpool,,True,aux_event_object_read,4648,True,91.9,True,True,10,10,49,49,available_verified,True,True,True,True,411,65,True,2,0,True,6,True,127,True,False,False,False,,Champions League,A,available_verified,available_verified,available_verified,available_verified,available_verified,available_verified,available_verified,available_verified,available_verified,available_verified,available_verified,available_verified,available_partial,available_verified
club,Champions League,2006/2007,3750200,,2007-05-23,AC Milan,Liverpool,,True,aux_event_object_read,3064,True,92.75,False,True,4,4,20,20,available_verified,True,True,True,True,253,52,True,4,0,True,6,True,111,True,False,False,False,,Champions League,A,available_verified,available_verified,available_verified,available_verified,available_verified,available_verified,available_verified,available_verified,available_verified,available_verified,available_verified,available_verified,available_verified,available_verified
club,Champions League,2008/2009,3750201,,2009-05-27,Barcelona,Manchester United,,True,aux_event_object_read,3329,True,93.283,False,True,4,4,23,23,available_verified,True,True,True,True,231,29,True,4,0,True,5,True,106,True,False,False,False,,Champions League,A,available_verified,available_verified,available_verified,available_verified,available_verified,available_verified,available_verified,available_verified,available_verified,available_verified,available_verified,available_verified,available_verified,available_verified
club,Champions League,2009/2010,18235,,2010-05-22,Bayern Munich,Inter Milan,,True,aux_event_object_read,3410,True,93.35,False,True,4,4,34,34,available_verified,True,True,True,True,356,31,True,3,0,True,5,True,143,True,False,False,False,,Champions League,A,available_verified,available_verified,available_verified,available_verified,available_verified,available_verified,available_verified,available_verified,available_verified,available_verified,available_verified,available_verified,available_verified,available_verified
club,Champions League,2010/2011,18236,,2011-05-28,Barcelona,Manchester United,,True,aux_event_object_read,4326,True,93.067,False,True,4,4,26,26,available_verified,True,True,True,True,389,34,True,3,0,True,5,True,143,True,False,False,False,,Champions League,A,available_verified,available_verified,available_verified,available_verified,available_verified,available_verified,available_verified,available_verified,available_verified,available_verified,available_verified,available_verified,available_verified,available_verified
club,Champions League,2011/2012,18237,,2012-05-19,Bayern Munich,Chelsea,,True,aux_event_object_read,4695,True,94.267,True,True,10,10,59,59,available_verified,True,True,True,True,373,59,True,5,0,True,4,True,169,True,False,False,False,,Champions League,A,available_verified,available_verified,available_verified,available_verified,available_verified,available_verified,available_verified,available_verified,available_verified,available_verified,available_verified,available_verified,available_partial,available_verified
club,Champions League,2012/2013,18240,,2013-05-25,Borussia Dortmund,Bayern Munich,,True,aux_event_object_read,3338,True,94.033,False,True,4,4,30,30,available_verified,True,True,True,True,282,37,True,3,0,True,4,True,161,True,False,False,False,,Champions League,A,available_verified,available_verified,available_verified,available_verified,available_verified,available_verified,available_verified,available_verified,available_verified,available_verified,available_verified,available_verified,available_partial,available_verified
club,Champions League,2013/2014,18241,,2014-05-24,Real Madrid,Atlético Madrid,,True,aux_event_object_read,4263,True,95.2,True,True,8,8,32,32,available_verified,True,True,True,True,282,63,True,12,1,True,6,True,129,True,False,False,False,,Champions League,A,available_verified,available_verified,available_verified,available_verified,available_verified,available_verified,available_verified,available_verified,available_verified,available_verified,available_verified,available_verified,available_partial,available_verified
club,Champions League,2014/2015,18242,,2015-06-06,Juventus,Barcelona,,True,aux_event_object_read,3433,True,96.917,False,True,4,4,32,32,available_verified,True,True,True,True,266,51,True,3,0,True,6,True,159,True,False,False,False,,Champions League,A,available_verified,available_verified,available_verified,available_verified,available_verified,available_verified,available_verified,available_verified,available_verified,available_verified,available_verified,available_verified,available_verified,available_verified
club,Champions League,2015/2016,18243,,2016-05-28,Real Madrid,Atlético Madrid,,True,aux_event_object_read,4708,True,93.733,True,True,10,10,53,53,available_verified,True,True,True,True,300,46,True,8,0,True,6,True,128,True,False,False,False,,Champions League,A,available_verified,available_verified,available_verified,available_verified,available_verified,available_verified,available_verified,available_verified,available_verified,available_verified,available_verified,available_verified,available_partial,available_verified
club,Champions League,2016/2017,18244,,2017-06-03,Juventus,Real Madrid,,True,aux_event_object_read,3400,True,94.017,False,True,4,4,27,27,available_verified,True,True,True,True,194,45,True,7,1,True,6,True,129,True,False,False,False,,Champions League,A,available_verified,available_verified,available_verified,available_verified,available_verified,available_verified,available_verified,available_verified,available_verified,available_verified,available_verified,available_verified,available_verified,available_verified
club,Champions League,2017/2018,18245,,2018-05-26,Real Madrid,Liverpool,,True,aux_event_object_read,3497,True,93.033,False,True,4,4,28,28,available_verified,True,True,True,True,226,46,True,1,0,True,5,True,121,True,False,False,False,,Champions League,A,available_verified,available_verified,available_verified,available_verified,available_verified,available_verified,available_verified,available_verified,available_verified,available_verified,available_verified,available_verified,available_verified,available_verified
club,Champions League,2018/2019,22912,,2019-06-01,Tottenham Hotspur,Liverpool,,True,aux_event_object_read,3165,True,95.0,False,True,4,4,30,30,available_verified,True,True,True,True,314,31,True,0,0,True,6,True,155,True,False,False,False,,Champions League,A,available_verified,available_verified,available_verified,available_verified,available_verified,available_verified,available_verified,available_verified,available_verified,available_verified,available_verified,available_verified,available_partial,available_verified
club,Copa del Rey,1977/1978,3888754,,1978-04-19,Barcelona,Las Palmas,,True,aux_event_object_read,2917,True,91.3,False,True,4,4,27,27,available_verified,True,True,True,True,279,56,True,5,0,True,3,True,118,True,False,False,False,,Copa del Rey,A,available_verified,available_verified,available_verified,available_verified,available_verified,available_verified,available_verified,available_verified,available_verified,available_verified,available_verified,available_verified,available_partial,available_verified
club,Copa del Rey,1982/1983,3888721,,1983-06-04,Barcelona,Real Madrid,,True,aux_event_object_read,2557,True,91.05,False,True,4,4,25,25,available_verified,True,True,True,True,245,56,True,3,0,True,2,True,126,True,False,False,False,,Copa del Rey,A,available_verified,available_verified,available_verified,available_verified,available_verified,available_verified,available_verified,available_verified,available_verified,available_verified,available_verified,available_verified,available_verified,available_verified
club,Copa del Rey,1983/1984,3750248,,1984-05-05,Athletic Club,Barcelona,,True,aux_event_object_read,2596,True,92.8,False,True,4,4,22,22,available_verified,True,True,True,True,184,68,True,7,0,True,3,True,116,True,False,False,False,,Copa del Rey,A,available_verified,available_verified,available_verified,available_verified,available_verified,available_verified,available_verified,available_verified,available_verified,available_verified,available_verified,available_verified,available_verified,available_verified
club,FIFA U20 World Cup,1979,3888787,,1979-09-07,Argentina U20,Soviet Union U20,,True,aux_event_object_read,3245,True,85.183,False,True,4,4,30,30,available_verified,True,True,True,True,262,53,True,0,0,True,4,True,163,True,False,False,False,,FIFA U20 World Cup,A,available_verified,available_verified,available_verified,available_verified,available_verified,available_verified,available_verified,available_verified,available_verified,available_verified,available_verified,available_verified,available_partial,available_verified
club,Indian Super league,2021/2022,3817871,,2022-01-31,NorthEast United,SC Delhi,,True,aux_event_object_read,2828,True,94.417,False,True,4,4,29,29,available_verified,True,True,True,True,270,44,True,5,0,True,10,True,133,True,False,False,False,,Indian Super league,A,available_verified,available_verified,available_verified,available_verified,available_verified,available_verified,available_verified,available_verified,available_verified,available_verified,available_verified,available_verified,available_verified,available_verified
club,La Liga,1973/1974,3888713,,1974-02-17,Real Madrid,Barcelona,,True,aux_event_object_read,2974,True,88.567,False,True,4,4,28,28,available_verified,True,True,True,True,256,65,True,0,0,True,2,True,154,True,False,False,False,,La Liga,A,available_verified,available_verified,available_verified,available_verified,available_verified,available_verified,available_verified,available_verified,available_verified,available_verified,available_verified,available_verified,available_verified,available_verified
club,La Liga,2004/2005,68316,,2005-05-01,Barcelona,Albacete,,True,aux_event_object_read,3467,True,92.867,False,True,4,4,26,26,available_verified,True,True,True,True,202,44,True,8,0,True,5,True,122,True,False,False,False,,La Liga,A,available_verified,available_verified,available_verified,available_verified,available_verified,available_verified,available_verified,available_verified,available_verified,available_verified,available_verified,available_verified,available_verified,available_verified
club,La Liga,2005/2006,68339,,2005-11-06,Getafe,Barcelona,,True,aux_event_object_read,3688,True,93.117,False,True,4,4,17,17,available_verified,True,True,True,True,275,43,True,1,0,True,6,True,88,True,False,False,False,,La Liga,A,available_verified,available_verified,available_verified,available_verified,available_verified,available_verified,available_verified,available_verified,available_verified,available_verified,available_verified,available_verified,available_verified,available_verified
club,La Liga,2006/2007,68327,,2006-09-09,Barcelona,Osasuna,,True,aux_event_object_read,3683,True,92.267,False,True,4,4,24,24,available_verified,True,True,True,True,274,36,True,1,0,True,6,True,125,True,False,False,False,,La Liga,A,available_verified,available_verified,available_verified,available_verified,available_verified,available_verified,available_verified,available_verified,available_verified,available_verified,available_verified,available_verified,available_verified,available_verified
club,La Liga,2007/2008,69144,,2007-10-07,Barcelona,Atlético Madrid,,True,aux_event_object_read,3682,True,93.117,False,True,4,4,25,25,available_verified,True,True,True,True,261,39,True,5,0,True,5,True,151,True,False,False,False,,La Liga,A,available_verified,available_verified,available_verified,available_verified,available_verified,available_verified,available_verified,available_verified,available_verified,available_verified,available_verified,available_verified,available_verified,available_verified
club,La Liga,2008/2009,69231,,2009-02-08,Barcelona,Sporting Gijón,,True,aux_event_object_read,3648,True,92.933,False,True,4,4,23,23,available_verified,True,True,True,True,255,42,True,5,0,True,6,True,141,True,False,False,False,,La Liga,A,available_verified,available_verified,available_verified,available_verified,available_verified,available_verified,available_verified,available_verified,available_verified,available_verified,available_verified,available_verified,available_verified,available_verified
club,La Liga,2009/2010,69224,,2010-03-14,Barcelona,Valencia,,True,aux_event_object_read,3764,True,91.25,False,True,4,4,28,28,available_verified,True,True,True,True,403,44,True,6,1,True,6,True,156,True,False,False,False,,La Liga,A,available_verified,available_verified,available_verified,available_verified,available_verified,available_verified,available_verified,available_verified,available_verified,available_verified,available_verified,available_verified,available_verified,available_verified
club,La Liga,2010/2011,69303,,2011-03-19,Barcelona,Getafe,,True,aux_event_object_read,3927,True,93.083,False,True,4,4,22,22,available_verified,True,True,True,True,263,32,True,5,0,True,6,True,145,True,False,False,False,,La Liga,A,available_verified,available_verified,available_verified,available_verified,available_verified,available_verified,available_verified,available_verified,available_verified,available_verified,available_verified,available_verified,available_verified,available_verified
club,La Liga,2011/2012,69322,,2012-03-11,Racing Santander,Barcelona,,True,aux_event_object_read,4059,True,92.967,False,True,4,4,23,23,available_verified,True,True,True,True,308,48,True,6,0,True,6,True,139,True,False,False,False,,La Liga,A,available_verified,available_verified,available_verified,available_verified,available_verified,available_verified,available_verified,available_verified,available_verified,available_verified,available_verified,available_verified,available_partial,available_verified
club,La Liga,2012/2013,70262,,2012-08-26,Osasuna,Barcelona,,True,aux_event_object_read,3348,True,94.333,False,True,4,4,30,30,available_verified,True,True,True,True,253,46,True,9,1,True,6,True,143,True,False,False,False,,La Liga,A,available_verified,available_verified,available_verified,available_verified,available_verified,available_verified,available_verified,available_verified,available_verified,available_verified,available_verified,available_verified,available_verified,available_verified
club,La Liga,2013/2014,266420,,2013-09-28,Almería,Barcelona,,True,aux_event_object_read,4172,True,93.083,False,True,4,4,21,21,available_verified,True,True,True,True,378,45,True,3,0,True,6,True,125,True,False,False,False,,La Liga,A,available_verified,available_verified,available_verified,available_verified,available_verified,available_verified,available_verified,available_verified,available_verified,available_verified,available_verified,available_verified,available_verified,available_verified
club,La Liga,2014/2015,266741,,2015-02-15,Barcelona,Levante UD,,True,aux_event_object_read,3505,True,92.0,False,True,4,4,24,24,available_verified,True,True,True,True,194,28,True,3,0,True,5,True,139,True,False,False,False,,La Liga,A,available_verified,available_verified,available_verified,available_verified,available_verified,available_verified,available_verified,available_verified,available_verified,available_verified,available_verified,available_verified,available_partial,available_verified
club,La Liga,2015/2016,3825862,,2016-04-19,Espanyol,Celta Vigo,,True,aux_event_object_read,4090,True,93.05,False,True,4,4,12,12,available_verified,True,True,True,True,396,38,True,2,0,True,5,True,124,True,False,False,False,,La Liga,A,available_verified,available_verified,available_verified,available_verified,available_verified,available_verified,available_verified,available_verified,available_verified,available_verified,available_verified,available_verified,available_verified,available_verified
club,La Liga,2016/2017,267492,,2016-10-15,Barcelona,RC Deportivo La Coruña,,True,aux_event_object_read,3687,True,92.117,False,True,4,4,32,32,available_verified,True,True,True,True,327,31,True,3,1,True,6,True,159,True,False,False,False,,La Liga,A,available_verified,available_verified,available_verified,available_verified,available_verified,available_verified,available_verified,available_verified,available_verified,available_verified,available_verified,available_verified,available_verified,available_verified
club,La Liga,2017/2018,9642,,2017-10-14,Atlético Madrid,Barcelona,,True,aux_event_object_read,3904,True,93.817,False,True,4,4,20,20,available_verified,True,True,True,True,278,27,True,5,0,True,6,True,143,True,False,False,False,,La Liga,A,available_verified,available_verified,available_verified,available_verified,available_verified,available_verified,available_verified,available_verified,available_verified,available_verified,available_verified,available_verified,available_verified,available_verified
club,La Liga,2018/2019,16023,,2018-10-07,Valencia,Barcelona,,True,aux_event_object_read,4541,True,91.983,False,True,4,4,20,20,available_verified,True,True,True,True,287,24,True,4,0,True,5,True,140,True,False,False,False,,La Liga,A,available_verified,available_verified,available_verified,available_verified,available_verified,available_verified,available_verified,available_verified,available_verified,available_verified,available_verified,available_verified,available_verified,available_verified
club,La Liga,2019/2020,303479,,2020-03-07,Barcelona,Real Sociedad,,True,aux_event_object_read,3654,True,97.033,False,True,4,4,23,23,available_verified,True,True,True,True,334,33,True,7,0,True,6,True,128,True,False,False,False,,La Liga,A,available_verified,available_verified,available_verified,available_verified,available_verified,available_verified,available_verified,available_verified,available_verified,available_verified,available_verified,available_verified,available_partial,available_verified
club,La Liga,2020/2021,3764440,,2021-02-24,Barcelona,Elche,,True,aux_event_object_read,4160,True,92.983,False,True,4,4,15,15,available_verified,True,True,True,True,312,29,True,0,0,True,10,True,115,True,False,False,False,,La Liga,A,available_verified,available_verified,available_verified,available_verified,available_verified,available_verified,available_verified,available_verified,available_verified,available_verified,available_verified,available_verified,available_verified,available_verified
club,Liga Profesional,1981,3889082,,1981-04-10,Boca Juniors,River Plate,,True,aux_event_object_read,3086,True,91.017,False,True,4,4,24,24,available_verified,True,True,True,True,351,69,True,4,2,True,3,True,108,True,False,False,False,,Liga Profesional,A,available_verified,available_verified,available_verified,available_verified,available_verified,available_verified,available_verified,available_verified,available_verified,available_verified,available_verified,available_verified,available_verified,available_verified
club,Liga Profesional,1997/1998,3889115,,1997-10-25,River Plate,Boca Juniors,,True,aux_event_object_read,3572,True,92.867,False,True,4,4,32,32,available_verified,True,True,True,True,338,52,True,9,1,True,6,True,152,True,False,False,False,,Liga Profesional,A,available_verified,available_verified,available_verified,available_verified,available_verified,available_verified,available_verified,available_verified,available_verified,available_verified,available_verified,available_verified,available_verified,available_verified
club,Ligue 1,2015/2016,3829470,,2015-09-20,Saint-Étienne,Nantes,,True,aux_event_object_read,3771,True,93.1,False,True,4,4,24,24,available_verified,True,True,True,True,411,36,True,3,0,True,6,True,148,True,False,False,False,,Ligue 1,A,available_verified,available_verified,available_verified,available_verified,available_verified,available_verified,available_verified,available_verified,available_verified,available_verified,available_verified,available_verified,available_verified,available_verified
club,Ligue 1,2021/2022,3802665,,2022-05-14,Montpellier,Paris Saint-Germain,,True,aux_event_object_read,3900,True,94.167,False,True,4,4,25,25,available_verified,True,True,True,True,295,23,True,6,0,True,10,True,119,True,False,False,False,,Ligue 1,A,available_verified,available_verified,available_verified,available_verified,available_verified,available_verified,available_verified,available_verified,available_verified,available_verified,available_verified,available_verified,available_partial,available_verified
club,Ligue 1,2022/2023,3838017,,2023-06-03,Paris Saint-Germain,Clermont Foot,,True,aux_event_object_read,3852,True,93.233,False,True,4,4,28,28,available_verified,True,True,True,True,316,33,True,3,0,True,10,True,127,True,False,False,False,,Ligue 1,A,available_verified,available_verified,available_verified,available_verified,available_verified,available_verified,available_verified,available_verified,available_verified,available_verified,available_verified,available_verified,available_partial,available_verified
club,Major League Soccer,2023,3877072,,2023-08-31,Inter Miami,Nashville SC,,True,aux_event_object_read,3694,True,97.217,False,True,4,4,20,20,available_verified,True,True,True,True,285,33,True,6,0,True,9,True,109,True,False,False,False,,Major League Soccer,A,available_verified,available_verified,available_verified,available_verified,available_verified,available_verified,available_verified,available_verified,available_verified,available_verified,available_verified,available_verified,available_verified,available_verified
club,North American League,1977,3750234,,1977-08-28,NY Cosmos,Seattle Sounders,,True,aux_event_object_read,3205,True,91.167,False,True,4,4,50,50,available_verified,True,True,True,True,310,40,True,4,0,True,3,True,187,True,False,False,False,,North American League,A,available_verified,available_verified,available_verified,available_verified,available_verified,available_verified,available_verified,available_verified,available_verified,available_verified,available_verified,available_verified,available_verified,available_verified
club,Premier League,2003/2004,3749448,,2004-04-09,Arsenal,Liverpool,,True,aux_event_object_read,3032,True,92.333,False,True,4,4,28,28,available_verified,True,True,True,True,202,40,True,4,0,True,4,True,134,True,False,False,False,,Premier League,A,available_verified,available_verified,available_verified,available_verified,available_verified,available_verified,available_verified,available_verified,available_verified,available_verified,available_verified,available_verified,available_verified,available_verified
club,Premier League,2015/2016,3754186,,2015-11-28,Leicester City,Manchester United,,True,aux_event_object_read,3264,True,91.867,False,True,4,4,19,19,available_verified,True,True,True,True,241,25,True,1,0,True,4,True,122,True,False,False,False,,Premier League,A,available_verified,available_verified,available_verified,available_verified,available_verified,available_verified,available_verified,available_verified,available_verified,available_verified,available_verified,available_verified,available_verified,available_verified
club,Serie A,1986/1987,3889182,,1986-11-09,Juventus,Napoli,,True,aux_event_object_read,3005,True,91.433,False,True,4,4,35,35,available_verified,True,True,True,True,274,76,True,2,0,True,4,True,161,True,False,False,False,,Serie A,A,available_verified,available_verified,available_verified,available_verified,available_verified,available_verified,available_verified,available_verified,available_verified,available_verified,available_verified,available_verified,available_verified,available_verified
club,Serie A,2015/2016,3879761,,2016-02-28,Carpi,Atalanta,,True,aux_event_object_read,2927,True,95.067,False,True,4,4,23,23,available_verified,True,True,True,True,254,62,True,6,0,True,6,True,140,True,False,False,False,,Serie A,A,available_verified,available_verified,available_verified,available_verified,available_verified,available_verified,available_verified,available_verified,available_verified,available_verified,available_verified,available_verified,available_partial,available_verified
club,UEFA Europa League,1988/1989,3750245,,1989-03-15,Napoli,Juventus W,,True,aux_event_object_read,4317,True,90.7,True,True,8,8,35,35,available_verified,True,True,True,True,390,72,True,4,0,True,4,True,125,True,False,False,False,,UEFA Europa League,A,available_verified,available_verified,available_verified,available_verified,available_verified,available_verified,available_verified,available_verified,available_verified,available_verified,available_verified,available_verified,available_partial,available_verified
club,1. Bundesliga,2015/2016,3890370,,2015-11-21,Eintracht Frankfurt,Bayer Leverkusen,,True,aux_event_object_read,3324,True,92.967,False,True,4,4,25,25,available_verified,True,True,True,True,354,49,True,3,0,True,6,True,137,True,False,False,False,,1. Bundesliga,A,available_verified,available_verified,available_verified,available_verified,available_verified,available_verified,available_verified,available_verified,available_verified,available_verified,available_verified,available_verified,available_verified,available_verified
club,1. Bundesliga,2023/2024,3895340,,2024-05-12,Bochum,Bayer Leverkusen,,True,aux_event_object_read,3315,True,94.083,False,True,4,4,32,32,available_verified,True,True,True,True,186,26,True,3,1,True,9,True,155,True,False,False,False,,1. Bundesliga,A,available_verified,available_verified,available_verified,available_verified,available_verified,available_verified,available_verified,available_verified,available_verified,available_verified,available_verified,available_verified,available_partial,available_verified
club,Indian Super league,2021/2022,3813264,,2022-01-05,Mohun Bagan Super Giant,SC Delhi,,True,aux_event_object_read,3075,True,95.8,False,True,4,4,30,30,available_verified,True,True,True,True,170,47,True,5,0,True,9,True,138,True,False,False,False,,Indian Super league,A,available_verified,available_verified,available_verified,available_verified,available_verified,available_verified,available_verified,available_verified,available_verified,available_verified,available_verified,available_verified,available_verified,available_verified
club,La Liga,2004/2005,69153,,2004-12-11,Albacete,Barcelona,,True,aux_event_object_read,2914,True,97.383,False,True,4,4,16,16,available_verified,True,True,True,True,211,57,True,3,0,True,6,True,119,True,False,False,False,,La Liga,A,available_verified,available_verified,available_verified,available_verified,available_verified,available_verified,available_verified,available_verified,available_verified,available_verified,available_verified,available_verified,available_verified,available_verified
club,La Liga,2005/2006,68323,,2005-12-20,Barcelona,Celta Vigo,,True,aux_event_object_read,3686,True,92.0,False,True,4,4,18,18,available_verified,True,True,True,True,275,51,True,4,0,True,5,True,102,True,False,False,False,,La Liga,A,available_verified,available_verified,available_verified,available_verified,available_verified,available_verified,available_verified,available_verified,available_verified,available_verified,available_verified,available_verified,available_verified,available_verified
club,La Liga,2006/2007,69154,,2007-02-11,Barcelona,Racing Santander,,True,aux_event_object_read,3341,True,91.917,False,True,4,4,22,22,available_verified,True,True,True,True,237,45,True,2,0,True,6,True,125,True,False,False,False,,La Liga,A,available_verified,available_verified,available_verified,available_verified,available_verified,available_verified,available_verified,available_verified,available_verified,available_verified,available_verified,available_verified,available_verified,available_verified
club,La Liga,2007/2008,69181,,2008-01-27,Athletic Club,Barcelona,,True,aux_event_object_read,3737,True,93.217,False,True,4,4,24,24,available_verified,True,True,True,True,281,40,True,3,0,True,5,True,108,True,False,False,False,,La Liga,A,available_verified,available_verified,available_verified,available_verified,available_verified,available_verified,available_verified,available_verified,available_verified,available_verified,available_verified,available_verified,available_verified,available_verified
club,La Liga,2008/2009,69216,,2009-03-07,Barcelona,Athletic Club,,True,aux_event_object_read,3411,True,94.167,False,True,4,4,34,34,available_verified,True,True,True,True,289,55,True,7,0,True,5,True,147,True,False,False,False,,La Liga,A,available_verified,available_verified,available_verified,available_verified,available_verified,available_verified,available_verified,available_verified,available_verified,available_verified,available_verified,available_verified,available_partial,available_verified
club,La Liga,2009/2010,69255,,2009-09-26,Málaga,Barcelona,,True,aux_event_object_read,3645,True,92.467,False,True,4,4,14,14,available_verified,True,True,True,True,429,47,True,6,1,True,6,True,129,True,False,False,False,,La Liga,A,available_verified,available_verified,available_verified,available_verified,available_verified,available_verified,available_verified,available_verified,available_verified,available_verified,available_verified,available_verified,available_verified,available_verified
club,La Liga,2010/2011,69302,,2010-12-12,Barcelona,Real Sociedad,,True,aux_event_object_read,4439,True,91.65,False,True,4,4,24,24,available_verified,True,True,True,True,234,37,True,1,0,True,6,True,172,True,False,False,False,,La Liga,A,available_verified,available_verified,available_verified,available_verified,available_verified,available_verified,available_verified,available_verified,available_verified,available_verified,available_verified,available_verified,available_verified,available_verified
club,La Liga,2011/2012,69293,,2011-10-15,Barcelona,Racing Santander,,True,aux_event_object_read,4413,True,91.633,False,True,4,4,21,21,available_verified,True,True,True,True,363,30,True,2,0,True,6,True,139,True,False,False,False,,La Liga,A,available_verified,available_verified,available_verified,available_verified,available_verified,available_verified,available_verified,available_verified,available_verified,available_verified,available_verified,available_verified,available_verified,available_verified
club,La Liga,2012/2013,70259,,2012-08-19,Barcelona,Real Sociedad,,True,aux_event_object_read,3847,True,92.2,False,True,4,4,24,24,available_verified,True,True,True,True,194,33,True,5,0,True,6,True,153,True,False,False,False,,La Liga,A,available_verified,available_verified,available_verified,available_verified,available_verified,available_verified,available_verified,available_verified,available_verified,available_verified,available_verified,available_verified,available_verified,available_verified
club,La Liga,2013/2014,70302,,2013-09-21,Rayo Vallecano,Barcelona,,True,aux_event_object_read,3396,True,92.283,False,True,4,4,29,29,available_verified,True,True,True,True,345,55,True,3,0,True,6,True,133,True,False,False,False,,La Liga,A,available_verified,available_verified,available_verified,available_verified,available_verified,available_verified,available_verified,available_verified,available_verified,available_verified,available_verified,available_verified,available_partial,available_verified
club,La Liga,2014/2015,266631,,2015-05-17,Atlético Madrid,Barcelona,,True,aux_event_object_read,3670,True,93.767,False,True,4,4,23,23,available_verified,True,True,True,True,384,41,True,8,0,True,6,True,143,True,False,False,False,,La Liga,A,available_verified,available_verified,available_verified,available_verified,available_verified,available_verified,available_verified,available_verified,available_verified,available_verified,available_verified,available_verified,available_verified,available_verified
club,La Liga,2015/2016,3825781,,2016-02-21,Rayo Vallecano,Sevilla,,True,aux_event_object_read,2810,True,93.45,False,True,4,4,30,30,available_verified,True,True,True,True,238,62,True,8,0,True,6,True,189,True,False,False,False,,La Liga,A,available_verified,available_verified,available_verified,available_verified,available_verified,available_verified,available_verified,available_verified,available_verified,available_verified,available_verified,available_verified,available_verified,available_verified
club,La Liga,2016/2017,266280,,2017-04-05,Barcelona,Sevilla,,True,aux_event_object_read,4018,True,92.1,False,True,4,4,20,20,available_verified,True,True,True,True,435,41,True,6,1,True,6,True,148,True,False,False,False,,La Liga,A,available_verified,available_verified,available_verified,available_verified,available_verified,available_verified,available_verified,available_verified,available_verified,available_verified,available_verified,available_verified,available_verified,available_verified
club,La Liga,2017/2018,9726,,2017-12-17,Barcelona,RC Deportivo La Coruña,,True,aux_event_object_read,4003,True,92.2,False,True,4,4,33,33,available_verified,True,True,True,True,295,34,True,1,0,True,6,True,164,True,False,False,False,,La Liga,A,available_verified,available_verified,available_verified,available_verified,available_verified,available_verified,available_verified,available_verified,available_verified,available_verified,available_verified,available_verified,available_partial,available_verified
club,La Liga,2018/2019,15946,,2018-08-18,Barcelona,Deportivo Alavés,,True,aux_event_object_read,3762,True,92.517,False,True,4,4,28,28,available_verified,True,True,True,True,212,28,True,2,0,True,6,True,153,True,False,False,False,,La Liga,A,available_verified,available_verified,available_verified,available_verified,available_verified,available_verified,available_verified,available_verified,available_verified,available_verified,available_verified,available_verified,available_verified,available_verified
club,La Liga,2019/2020,303596,,2019-12-18,Barcelona,Real Madrid,,True,aux_event_object_read,4158,True,94.883,False,True,4,4,26,26,available_verified,True,True,True,True,368,32,True,8,0,True,4,True,152,True,False,False,False,,La Liga,A,available_verified,available_verified,available_verified,available_verified,available_verified,available_verified,available_verified,available_verified,available_verified,available_verified,available_verified,available_verified,available_verified,available_verified
club,La Liga,2020/2021,3773656,,2020-11-21,Atlético Madrid,Barcelona,,True,aux_event_object_read,4163,True,94.967,False,True,4,4,23,23,available_verified,True,True,True,True,356,37,True,4,0,True,8,True,144,True,False,False,False,,La Liga,A,available_verified,available_verified,available_verified,available_verified,available_verified,available_verified,available_verified,available_verified,available_verified,available_verified,available_verified,available_verified,available_verified,available_verified
club,Ligue 1,2015/2016,3900507,,2015-11-08,Olympique de Marseille,OGC Nice,,True,aux_event_object_read,3714,True,94.05,False,True,4,4,26,26,available_verified,True,True,True,True,360,39,True,4,0,True,6,True,131,True,False,False,False,,Ligue 1,A,available_verified,available_verified,available_verified,available_verified,available_verified,available_verified,available_verified,available_verified,available_verified,available_verified,available_verified,available_verified,available_verified,available_verified
club,Ligue 1,2021/2022,3802805,,2022-03-05,OGC Nice,Paris Saint-Germain,,True,aux_event_object_read,4248,True,96.183,False,True,4,4,19,19,available_verified,True,True,True,True,365,34,True,1,0,True,8,True,113,True,False,False,False,,Ligue 1,A,available_verified,available_verified,available_verified,available_verified,available_verified,available_verified,available_verified,available_verified,available_verified,available_verified,available_verified,available_verified,available_verified,available_verified
club,Ligue 1,2022/2023,3837827,,2023-01-15,Rennes,Paris Saint-Germain,,True,aux_event_object_read,3779,True,96.217,False,True,4,4,16,16,available_verified,True,True,True,True,293,36,True,0,0,True,10,True,101,True,False,False,False,,Ligue 1,A,available_verified,available_verified,available_verified,available_verified,available_verified,available_verified,available_verified,available_verified,available_verified,available_verified,available_verified,available_verified,available_verified,available_verified
club,Major League Soccer,2023,3877194,,2023-10-22,Charlotte,Inter Miami,,True,aux_event_object_read,3552,True,93.367,False,True,4,4,22,22,available_verified,True,True,True,True,319,33,True,6,0,True,7,True,99,True,False,False,False,,Major League Soccer,A,available_verified,available_verified,available_verified,available_verified,available_verified,available_verified,available_verified,available_verified,available_verified,available_verified,available_verified,available_verified,available_verified,available_verified
club,Premier League,2003/2004,3749431,,2004-04-11,Newcastle United,Arsenal,,True,aux_event_object_read,3248,True,93.183,False,True,4,4,21,21,available_verified,True,True,True,True,305,40,True,1,0,True,5,True,124,True,False,False,False,,Premier League,A,available_verified,available_verified,available_verified,available_verified,available_verified,available_verified,available_verified,available_verified,available_verified,available_verified,available_verified,available_verified,available_verified,available_verified
club,Premier League,2015/2016,3754158,,2016-05-07,West Ham United,Swansea City,,True,aux_event_object_read,3424,True,94.1,False,True,4,4,40,40,available_verified,True,True,True,True,299,38,True,3,0,True,6,True,201,True,False,False,False,,Premier League,A,available_verified,available_verified,available_verified,available_verified,available_verified,available_verified,available_verified,available_verified,available_verified,available_verified,available_verified,available_verified,available_verified,available_verified
club,Serie A,2015/2016,3879555,,2015-09-28,Atalanta,Sampdoria,,True,aux_event_object_read,3239,True,93.6,False,True,4,4,31,31,available_verified,True,True,True,True,333,48,True,6,0,True,6,True,138,True,False,False,False,,Serie A,A,available_verified,available_verified,available_verified,available_verified,available_verified,available_verified,available_verified,available_verified,available_verified,available_verified,available_verified,available_verified,available_verified,available_verified
club,UEFA Europa League,1988/1989,3750244,,1989-04-05,Napoli,Bayern Munich,,True,aux_event_object_read,2879,True,90.733,False,True,4,4,23,23,available_verified,True,True,True,True,200,49,True,3,0,True,3,True,126,True,False,False,False,,UEFA Europa League,A,available_verified,available_verified,available_verified,available_verified,available_verified,available_verified,available_verified,available_verified,available_verified,available_verified,available_verified,available_verified,available_verified,available_verified
club,1. Bundesliga,2015/2016,3890312,,2015-09-23,Bayer Leverkusen,FSV Mainz 05,,True,aux_event_object_read,3456,True,92.117,False,True,4,4,23,23,available_verified,True,True,True,True,417,44,True,3,0,True,6,True,146,True,False,False,False,,1. Bundesliga,A,available_verified,available_verified,available_verified,available_verified,available_verified,available_verified,available_verified,available_verified,available_verified,available_verified,available_verified,available_verified,available_verified,available_verified
club,1. Bundesliga,2023/2024,3895052,,2023-08-19,Bayer Leverkusen,RB Leipzig,,True,aux_event_object_read,3739,True,95.817,False,True,4,4,25,25,available_verified,True,True,True,True,297,34,True,3,0,True,9,True,118,True,False,False,False,,1. Bundesliga,A,available_verified,available_verified,available_verified,available_verified,available_verified,available_verified,available_verified,available_verified,available_verified,available_verified,available_verified,available_verified,available_verified,available_verified
club,Indian Super league,2021/2022,3817872,,2022-02-21,Bengaluru,Odisha,,True,aux_event_object_read,2940,True,95.733,False,True,4,4,25,25,available_verified,True,True,True,True,327,32,True,4,0,True,8,True,113,True,False,False,False,,Indian Super league,A,available_verified,available_verified,available_verified,available_verified,available_verified,available_verified,available_verified,available_verified,available_verified,available_verified,available_verified,available_verified,available_partial,available_verified
club,La Liga,2004/2005,68315,,2004-12-21,Barcelona,Levante UD,,True,aux_event_object_read,3330,True,93.983,False,True,4,4,22,22,available_verified,True,True,True,True,256,43,True,8,0,True,4,True,125,True,False,False,False,,La Liga,A,available_verified,available_verified,available_verified,available_verified,available_verified,available_verified,available_verified,available_verified,available_verified,available_verified,available_verified,available_verified,available_verified,available_verified
club,La Liga,2005/2006,68350,,2006-02-05,Barcelona,Atlético Madrid,,True,aux_event_object_read,3228,True,94.2,False,True,4,4,28,28,available_verified,True,True,True,True,304,59,True,7,0,True,6,True,130,True,False,False,False,,La Liga,A,available_verified,available_verified,available_verified,available_verified,available_verified,available_verified,available_verified,available_verified,available_verified,available_verified,available_verified,available_verified,available_verified,available_verified
club,La Liga,2006/2007,68335,,2007-03-10,Barcelona,Real Madrid,,True,aux_event_object_read,3678,True,94.217,False,True,4,4,33,33,available_verified,True,True,True,True,294,51,True,9,1,True,5,True,144,True,False,False,False,,La Liga,A,available_verified,available_verified,available_verified,available_verified,available_verified,available_verified,available_verified,available_verified,available_verified,available_verified,available_verified,available_verified,available_partial,available_verified
club,La Liga,2007/2008,69184,,2007-11-24,Barcelona,Recreativo Huelva,,True,aux_event_object_read,3669,True,91.833,False,True,4,4,22,22,available_verified,True,True,True,True,295,40,True,7,0,True,6,True,125,True,False,False,False,,La Liga,A,available_verified,available_verified,available_verified,available_verified,available_verified,available_verified,available_verified,available_verified,available_verified,available_verified,available_verified,available_verified,available_partial,available_verified
club,La Liga,2008/2009,69251,,2009-04-25,Valencia,Barcelona,,True,aux_event_object_read,3190,True,94.85,False,True,4,4,23,23,available_verified,True,True,True,True,333,51,True,7,0,True,5,True,132,True,False,False,False,,La Liga,A,available_verified,available_verified,available_verified,available_verified,available_verified,available_verified,available_verified,available_verified,available_verified,available_verified,available_verified,available_verified,available_verified,available_verified
club,La Liga,2009/2010,69257,,2010-03-24,Barcelona,Osasuna,,True,aux_event_object_read,3556,True,93.3,False,True,4,4,18,18,available_verified,True,True,True,True,287,51,True,6,0,True,6,True,158,True,False,False,False,,La Liga,A,available_verified,available_verified,available_verified,available_verified,available_verified,available_verified,available_verified,available_verified,available_verified,available_verified,available_verified,available_verified,available_verified,available_verified
club,La Liga,2010/2011,69296,,2011-01-29,Hércules,Barcelona,,True,aux_event_object_read,4567,True,92.9,False,True,4,4,23,23,available_verified,True,True,True,True,608,41,True,4,1,True,6,True,163,True,False,False,False,,La Liga,A,available_verified,available_verified,available_verified,available_verified,available_verified,available_verified,available_verified,available_verified,available_verified,available_verified,available_verified,available_verified,available_verified,available_verified
club,La Liga,2011/2012,69312,,2012-01-08,Espanyol,Barcelona,,True,aux_event_object_read,4142,True,93.883,False,True,4,4,25,25,available_verified,True,True,True,True,442,39,True,8,0,True,5,True,132,True,False,False,False,,La Liga,A,available_verified,available_verified,available_verified,available_verified,available_verified,available_verified,available_verified,available_verified,available_verified,available_verified,available_verified,available_verified,available_verified,available_verified
club,La Liga,2012/2013,70260,,2013-01-27,Barcelona,Osasuna,,True,aux_event_object_read,3813,True,92.2,False,True,4,4,22,22,available_verified,True,True,True,True,231,40,True,3,1,True,6,True,144,True,False,False,False,,La Liga,A,available_verified,available_verified,available_verified,available_verified,available_verified,available_verified,available_verified,available_verified,available_verified,available_verified,available_verified,available_verified,available_partial,available_verified
club,La Liga,2013/2014,266074,,2014-03-16,Barcelona,Osasuna,,True,aux_event_object_read,3808,True,92.017,False,True,4,4,26,26,available_verified,True,True,True,True,298,31,True,3,0,True,6,True,160,True,False,False,False,,La Liga,A,available_verified,available_verified,available_verified,available_verified,available_verified,available_verified,available_verified,available_verified,available_verified,available_verified,available_verified,available_verified,available_verified,available_verified
club,La Liga,2014/2015,70264,,2014-12-13,Getafe,Barcelona,,True,aux_event_object_read,3916,True,94.75,False,True,4,4,27,27,available_verified,True,True,True,True,344,45,True,2,0,True,6,True,146,True,False,False,False,,La Liga,A,available_verified,available_verified,available_verified,available_verified,available_verified,available_verified,available_verified,available_verified,available_verified,available_verified,available_verified,available_verified,available_verified,available_verified
club,La Liga,2015/2016,3825905,,2016-04-03,Málaga,Espanyol,,True,aux_event_object_read,3257,True,93.15,False,True,4,4,17,17,available_verified,True,True,True,True,313,42,True,6,0,True,6,True,109,True,False,False,False,,La Liga,A,available_verified,available_verified,available_verified,available_verified,available_verified,available_verified,available_verified,available_verified,available_verified,available_verified,available_verified,available_verified,available_partial,available_verified
club,La Liga,2016/2017,267039,,2017-05-14,Las Palmas,Barcelona,,True,aux_event_object_read,3737,True,92.133,False,True,4,4,22,22,available_verified,True,True,True,True,289,43,True,1,0,True,6,True,140,True,False,False,False,,La Liga,A,available_verified,available_verified,available_verified,available_verified,available_verified,available_verified,available_verified,available_verified,available_verified,available_verified,available_verified,available_verified,available_verified,available_verified
club,La Liga,2017/2018,9636,,2017-10-01,Barcelona,Las Palmas,,True,aux_event_object_read,4024,True,92.117,False,True,4,4,33,33,available_verified,True,True,True,True,319,31,True,6,0,True,5,True,175,True,False,False,False,,La Liga,A,available_verified,available_verified,available_verified,available_verified,available_verified,available_verified,available_verified,available_verified,available_verified,available_verified,available_verified,available_verified,available_verified,available_verified
club,La Liga,2018/2019,16136,,2019-01-20,Barcelona,Leganés,,True,aux_event_object_read,3877,True,97.0,False,True,4,4,20,20,available_verified,True,True,True,True,275,35,True,6,0,True,6,True,116,True,False,False,False,,La Liga,A,available_verified,available_verified,available_verified,available_verified,available_verified,available_verified,available_verified,available_verified,available_verified,available_verified,available_verified,available_verified,available_verified,available_verified
club,La Liga,2019/2020,303652,,2020-01-04,Espanyol,Barcelona,,True,aux_event_object_read,3942,True,94.583,False,True,4,4,22,22,available_verified,True,True,True,True,360,36,True,3,1,True,5,True,118,True,False,False,False,,La Liga,A,available_verified,available_verified,available_verified,available_verified,available_verified,available_verified,available_verified,available_verified,available_verified,available_verified,available_verified,available_verified,available_verified,available_verified
club,La Liga,2020/2021,3773474,,2021-04-05,Barcelona,Real Valladolid,,True,aux_event_object_read,3955,True,94.033,False,True,4,4,32,32,available_verified,True,True,True,True,374,30,True,6,1,True,8,True,158,True,False,False,False,,La Liga,A,available_verified,available_verified,available_verified,available_verified,available_verified,available_verified,available_verified,available_verified,available_verified,available_verified,available_verified,available_verified,available_verified,available_verified
club,Ligue 1,2015/2016,3829498,,2015-10-04,Lorient,Bordeaux,,True,aux_event_object_read,3701,True,93.067,False,True,4,4,16,16,available_verified,True,True,True,True,428,39,True,2,2,True,6,True,98,True,False,False,False,,Ligue 1,A,available_verified,available_verified,available_verified,available_verified,available_verified,available_verified,available_verified,available_verified,available_verified,available_verified,available_verified,available_verified,available_partial,available_verified
club,Ligue 1,2021/2022,3803000,,2022-04-09,Clermont Foot,Paris Saint-Germain,,True,aux_event_object_read,4037,True,91.933,False,True,4,4,27,27,available_verified,True,True,True,True,384,29,True,2,0,True,10,True,126,True,False,False,False,,Ligue 1,A,available_verified,available_verified,available_verified,available_verified,available_verified,available_verified,available_verified,available_verified,available_verified,available_verified,available_verified,available_verified,available_partial,available_verified
club,Ligue 1,2022/2023,3837947,,2023-04-15,Paris Saint-Germain,Lens,,True,aux_event_object_read,4220,True,92.8,False,True,4,4,29,29,available_verified,True,True,True,True,366,34,True,0,1,True,6,True,122,True,False,False,False,,Ligue 1,A,available_verified,available_verified,available_verified,available_verified,available_verified,available_verified,available_verified,available_verified,available_verified,available_verified,available_verified,available_verified,available_partial,available_verified
club,Major League Soccer,2023,3877115,,2023-09-21,Inter Miami,Toronto FC,,True,aux_event_object_read,4138,True,92.933,False,True,4,4,21,21,available_verified,True,True,True,True,333,34,True,0,0,True,10,True,141,True,False,False,False,,Major League Soccer,A,available_verified,available_verified,available_verified,available_verified,available_verified,available_verified,available_verified,available_verified,available_verified,available_verified,available_verified,available_verified,available_verified,available_verified
club,Premier League,2003/2004,3749196,,2003-11-08,Arsenal,Tottenham Hotspur,,True,aux_event_object_read,2744,True,96.25,False,True,4,4,21,21,available_verified,True,True,True,True,273,54,True,5,0,True,6,True,120,True,False,False,False,,Premier League,A,available_verified,available_verified,available_verified,available_verified,available_verified,available_verified,available_verified,available_verified,available_verified,available_verified,available_verified,available_verified,available_verified,available_verified
club,Premier League,2015/2016,3754215,,2015-12-05,West Bromwich Albion,Tottenham Hotspur,,True,aux_event_object_read,3363,True,93.317,False,True,4,4,22,22,available_verified,True,True,True,True,322,34,True,5,0,True,3,True,120,True,False,False,False,,Premier League,A,available_verified,available_verified,available_verified,available_verified,available_verified,available_verified,available_verified,available_verified,available_verified,available_verified,available_verified,available_verified,available_verified,available_verified
club,Serie A,2015/2016,3879611,,2015-11-08,Palermo,Chievo,,True,aux_event_object_read,3199,True,93.917,False,True,4,4,27,27,available_verified,True,True,True,True,333,53,True,7,0,True,6,True,162,True,False,False,False,,Serie A,A,available_verified,available_verified,available_verified,available_verified,available_verified,available_verified,available_verified,available_verified,available_verified,available_verified,available_verified,available_verified,available_verified,available_verified
club,UEFA Europa League,1988/1989,3887188,,1989-05-03,Napoli,VfB Stuttgart,,True,aux_event_object_read,2890,True,91.383,False,True,4,4,31,31,available_verified,True,True,True,True,262,63,True,4,0,True,2,True,145,True,False,False,False,,UEFA Europa League,A,available_verified,available_verified,available_verified,available_verified,available_verified,available_verified,available_verified,available_verified,available_verified,available_verified,available_verified,available_verified,available_partial,available_verified
club,1. Bundesliga,2015/2016,3890472,,2016-03-02,Bayer Leverkusen,Werder Bremen,,True,aux_event_object_read,3325,True,92.85,False,True,4,4,27,27,available_verified,True,True,True,True,328,41,True,2,0,True,6,True,151,True,False,False,False,,1. Bundesliga,A,available_verified,available_verified,available_verified,available_verified,available_verified,available_verified,available_verified,available_verified,available_verified,available_verified,available_verified,available_verified,available_partial,available_verified
club,1. Bundesliga,2023/2024,3895258,,2024-03-03,FC Köln,Bayer Leverkusen,,True,aux_event_object_read,3906,True,92.967,False,True,4,4,23,23,available_verified,True,True,True,True,314,30,True,4,1,True,10,True,131,True,False,False,False,,1. Bundesliga,A,available_verified,available_verified,available_verified,available_verified,available_verified,available_verified,available_verified,available_verified,available_verified,available_verified,available_verified,available_verified,available_verified,available_verified
club,Indian Super league,2021/2022,3813291,,2021-11-27,East Bengal,Mohun Bagan Super Giant,,True,aux_event_object_read,3346,True,93.033,False,True,4,4,19,19,available_verified,True,True,True,True,240,32,True,3,0,True,8,True,113,True,False,False,False,,Indian Super league,A,available_verified,available_verified,available_verified,available_verified,available_verified,available_verified,available_verified,available_verified,available_verified,available_verified,available_verified,available_verified,available_verified,available_verified
club,La Liga,2004/2005,68352,,2005-04-17,Barcelona,Getafe,,True,aux_event_object_read,3572,True,94.167,False,True,4,4,23,23,available_verified,True,True,True,True,206,55,True,7,0,True,5,True,121,True,False,False,False,,La Liga,A,available_verified,available_verified,available_verified,available_verified,available_verified,available_verified,available_verified,available_verified,available_verified,available_verified,available_verified,available_verified,available_verified,available_verified
club,La Liga,2005/2006,68325,,2006-01-29,Mallorca,Barcelona,,True,aux_event_object_read,3341,True,90.3,False,True,4,4,17,17,available_verified,True,True,True,True,196,39,True,7,1,True,5,True,108,True,False,False,False,,La Liga,A,available_verified,available_verified,available_verified,available_verified,available_verified,available_verified,available_verified,available_verified,available_verified,available_verified,available_verified,available_verified,available_verified,available_verified
club,La Liga,2006/2007,69156,,2007-04-29,Barcelona,Levante UD,,True,aux_event_object_read,3257,True,94.017,False,True,4,4,24,24,available_verified,True,True,True,True,212,47,True,6,0,True,4,True,123,True,False,False,False,,La Liga,A,available_verified,available_verified,available_verified,available_verified,available_verified,available_verified,available_verified,available_verified,available_verified,available_verified,available_verified,available_verified,available_verified,available_verified
club,La Liga,2007/2008,68365,,2008-03-01,Atlético Madrid,Barcelona,,True,aux_event_object_read,3473,True,93.133,False,True,4,4,25,25,available_verified,True,True,True,True,290,36,True,8,0,True,5,True,108,True,False,False,False,,La Liga,A,available_verified,available_verified,available_verified,available_verified,available_verified,available_verified,available_verified,available_verified,available_verified,available_verified,available_verified,available_verified,available_partial,available_verified
club,La Liga,2008/2009,69142,,2009-03-22,Barcelona,Málaga,,True,aux_event_object_read,3640,True,92.167,False,True,4,4,34,34,available_verified,True,True,True,True,197,47,True,6,0,True,6,True,157,True,False,False,False,,La Liga,A,available_verified,available_verified,available_verified,available_verified,available_verified,available_verified,available_verified,available_verified,available_verified,available_verified,available_verified,available_verified,available_verified,available_verified
club,La Liga,2009/2010,69226,,2010-03-06,Almería,Barcelona,,True,aux_event_object_read,3885,True,94.467,False,True,4,4,29,29,available_verified,True,True,True,True,399,37,True,0,1,True,4,True,140,True,False,False,False,,La Liga,A,available_verified,available_verified,available_verified,available_verified,available_verified,available_verified,available_verified,available_verified,available_verified,available_verified,available_verified,available_verified,available_verified,available_verified
club,La Liga,2010/2011,69306,,2010-11-20,Almería,Barcelona,,True,aux_event_object_read,3970,True,89.867,False,True,4,4,29,29,available_verified,True,True,True,True,296,31,True,3,0,True,3,True,139,True,False,False,False,,La Liga,A,available_verified,available_verified,available_verified,available_verified,available_verified,available_verified,available_verified,available_verified,available_verified,available_verified,available_verified,available_verified,available_verified,available_verified
club,La Liga,2011/2012,69314,,2011-10-29,Barcelona,Mallorca,,True,aux_event_object_read,3908,True,92.783,False,True,4,4,23,23,available_verified,True,True,True,True,280,39,True,3,0,True,6,True,119,True,False,False,False,,La Liga,A,available_verified,available_verified,available_verified,available_verified,available_verified,available_verified,available_verified,available_verified,available_verified,available_verified,available_verified,available_verified,available_partial,available_verified
club,La Liga,2012/2013,70263,,2012-12-01,Barcelona,Athletic Club,,True,aux_event_object_read,4437,True,92.017,False,True,4,4,22,22,available_verified,True,True,True,True,373,24,True,4,0,True,6,True,127,True,False,False,False,,La Liga,A,available_verified,available_verified,available_verified,available_verified,available_verified,available_verified,available_verified,available_verified,available_verified,available_verified,available_verified,available_verified,available_verified,available_verified
club,La Liga,2013/2014,70277,,2013-08-18,Barcelona,Levante UD,,True,aux_event_object_read,3587,True,92.0,False,True,4,4,27,27,available_verified,True,True,True,True,227,42,True,4,0,True,6,True,153,True,False,False,False,,La Liga,A,available_verified,available_verified,available_verified,available_verified,available_verified,available_verified,available_verified,available_verified,available_verified,available_verified,available_verified,available_verified,available_verified,available_verified
club,La Liga,2014/2015,266117,,2014-09-27,Barcelona,Granada,,True,aux_event_object_read,3828,True,92.033,False,True,4,4,28,28,available_verified,True,True,True,True,283,39,True,4,0,True,6,True,160,True,False,False,False,,La Liga,A,available_verified,available_verified,available_verified,available_verified,available_verified,available_verified,available_verified,available_verified,available_verified,available_verified,available_verified,available_verified,available_verified,available_verified
club,La Liga,2015/2016,3825888,,2015-11-21,Valencia,Las Palmas,,True,aux_event_object_read,3840,True,93.2,False,True,4,4,27,27,available_verified,True,True,True,True,386,45,True,6,0,True,6,True,122,True,False,False,False,,La Liga,A,available_verified,available_verified,available_verified,available_verified,available_verified,available_verified,available_verified,available_verified,available_verified,available_verified,available_verified,available_verified,available_verified,available_verified
club,La Liga,2016/2017,266892,,2016-08-28,Athletic Club,Barcelona,,True,aux_event_object_read,3524,True,93.017,False,True,4,4,20,20,available_verified,True,True,True,True,266,47,True,9,0,True,6,True,124,True,False,False,False,,La Liga,A,available_verified,available_verified,available_verified,available_verified,available_verified,available_verified,available_verified,available_verified,available_verified,available_verified,available_verified,available_verified,available_verified,available_verified
club,La Liga,2017/2018,9811,,2018-02-24,Barcelona,Girona,,True,aux_event_object_read,3545,True,93.083,False,True,4,4,31,31,available_verified,True,True,True,True,306,30,True,2,0,True,6,True,138,True,False,False,False,,La Liga,A,available_verified,available_verified,available_verified,available_verified,available_verified,available_verified,available_verified,available_verified,available_verified,available_verified,available_verified,available_verified,available_verified,available_verified
club,La Liga,2018/2019,15998,,2018-09-26,Leganés,Barcelona,,True,aux_event_object_read,3947,True,93.55,False,True,4,4,18,18,available_verified,True,True,True,True,347,39,True,6,0,True,6,True,126,True,False,False,False,,La Liga,A,available_verified,available_verified,available_verified,available_verified,available_verified,available_verified,available_verified,available_verified,available_verified,available_verified,available_verified,available_verified,available_verified,available_verified
club,La Liga,2019/2020,303400,,2020-01-25,Valencia,Barcelona,,True,aux_event_object_read,4048,True,94.017,False,True,4,4,22,22,available_verified,True,True,True,True,249,30,True,4,0,True,6,True,115,True,False,False,False,,La Liga,A,available_verified,available_verified,available_verified,available_verified,available_verified,available_verified,available_verified,available_verified,available_verified,available_verified,available_verified,available_verified,available_verified,available_verified
club,La Liga,2020/2021,3773565,,2021-01-09,Granada,Barcelona,,True,aux_event_object_read,3775,True,91.883,False,True,4,4,22,22,available_verified,True,True,True,True,205,25,True,5,1,True,10,True,128,True,False,False,False,,La Liga,A,available_verified,available_verified,available_verified,available_verified,available_verified,available_verified,available_verified,available_verified,available_verified,available_verified,available_verified,available_verified,available_verified,available_verified
club,Ligue 1,2015/2016,3900510,,2015-11-20,OGC Nice,Lyon,,True,aux_event_object_read,4360,True,91.933,False,True,4,4,26,26,available_verified,True,True,True,True,384,22,True,3,0,True,6,True,132,True,False,False,False,,Ligue 1,A,available_verified,available_verified,available_verified,available_verified,available_verified,available_verified,available_verified,available_verified,available_verified,available_verified,available_verified,available_verified,available_verified,available_verified
club,Ligue 1,2021/2022,3802983,,2022-04-17,Paris Saint-Germain,Olympique de Marseille,,True,aux_event_object_read,4145,True,96.55,False,True,4,4,10,10,available_verified,True,True,True,True,432,43,True,7,0,True,7,True,79,True,False,False,False,,Ligue 1,A,available_verified,available_verified,available_verified,available_verified,available_verified,available_verified,available_verified,available_verified,available_verified,available_verified,available_verified,available_verified,available_partial,available_verified
club,Ligue 1,2022/2023,3837987,,2023-05-13,Paris Saint-Germain,AC Ajaccio,,True,aux_event_object_read,3872,True,90.033,False,True,4,4,23,23,available_verified,True,True,True,True,381,24,True,2,2,True,10,True,184,True,False,False,False,,Ligue 1,A,available_verified,available_verified,available_verified,available_verified,available_verified,available_verified,available_verified,available_verified,available_verified,available_verified,available_verified,available_verified,available_verified,available_verified
club,Major League Soccer,2023,3877090,,2023-09-04,LAFC,Inter Miami,,True,aux_event_object_read,3395,True,96.017,False,True,4,4,31,31,available_verified,True,True,True,True,321,42,True,7,0,True,9,True,136,True,False,False,False,,Major League Soccer,A,available_verified,available_verified,available_verified,available_verified,available_verified,available_verified,available_verified,available_verified,available_verified,available_verified,available_verified,available_verified,available_verified,available_verified
club,Premier League,2003/2004,3749631,,2004-02-10,Arsenal,Southampton,,True,aux_event_object_read,3304,True,94.15,False,True,4,4,28,28,available_verified,True,True,True,True,251,42,True,5,0,True,4,True,132,True,False,False,False,,Premier League,A,available_verified,available_verified,available_verified,available_verified,available_verified,available_verified,available_verified,available_verified,available_verified,available_verified,available_verified,available_verified,available_verified,available_verified
club,Premier League,2015/2016,3754332,,2016-04-25,Tottenham Hotspur,West Bromwich Albion,,True,aux_event_object_read,3300,True,95.117,False,True,4,4,33,33,available_verified,True,True,True,True,346,35,True,1,0,True,4,True,161,True,False,False,False,,Premier League,A,available_verified,available_verified,available_verified,available_verified,available_verified,available_verified,available_verified,available_verified,available_verified,available_verified,available_verified,available_verified,available_verified,available_verified
club,Serie A,2015/2016,3879632,,2015-11-29,AS Roma,Atalanta,,True,aux_event_object_read,3374,True,95.6,False,True,4,4,21,21,available_verified,True,True,True,True,317,60,True,5,3,True,6,True,153,True,False,False,False,,Serie A,A,available_verified,available_verified,available_verified,available_verified,available_verified,available_verified,available_verified,available_verified,available_verified,available_verified,available_verified,available_verified,available_partial,available_verified
club,1. Bundesliga,2015/2016,3890395,,2015-12-12,Bayer Leverkusen,Borussia Mönchengladbach,,True,aux_event_object_read,3611,True,90.267,False,True,4,4,20,20,available_verified,True,True,True,True,403,37,True,2,0,True,6,True,120,True,False,False,False,,1. Bundesliga,A,available_verified,available_verified,available_verified,available_verified,available_verified,available_verified,available_verified,available_verified,available_verified,available_verified,available_verified,available_verified,available_verified,available_verified
club,1. Bundesliga,2023/2024,3895210,,2024-01-27,Bayer Leverkusen,Borussia Mönchengladbach,,True,aux_event_object_read,4893,True,94.467,False,True,4,4,32,32,available_verified,True,True,True,True,485,34,True,4,0,True,7,True,180,True,False,False,False,,1. Bundesliga,A,available_verified,available_verified,available_verified,available_verified,available_verified,available_verified,available_verified,available_verified,available_verified,available_verified,available_verified,available_verified,available_verified,available_verified
club,Indian Super league,2021/2022,3813311,,2022-01-02,Jamshedpur,Chennaiyin,,True,aux_event_object_read,2930,True,95.433,False,True,4,4,27,27,available_verified,True,True,True,True,260,36,True,4,0,True,6,True,146,True,False,False,False,,Indian Super league,A,available_verified,available_verified,available_verified,available_verified,available_verified,available_verified,available_verified,available_verified,available_verified,available_verified,available_verified,available_verified,available_verified,available_verified
club,La Liga,2004/2005,68313,,2004-10-24,Barcelona,Osasuna,,True,aux_event_object_read,3044,True,93.417,False,True,4,4,27,27,available_verified,True,True,True,True,161,53,True,7,0,True,6,True,146,True,False,False,False,,La Liga,A,available_verified,available_verified,available_verified,available_verified,available_verified,available_verified,available_verified,available_verified,available_verified,available_verified,available_verified,available_verified,available_partial,available_verified
club,La Liga,2005/2006,68322,,2005-12-17,Cádiz,Barcelona,,True,aux_event_object_read,3275,True,92.4,False,True,4,4,33,33,available_verified,True,True,True,True,238,46,True,4,0,True,6,True,160,True,False,False,False,,La Liga,A,available_verified,available_verified,available_verified,available_verified,available_verified,available_verified,available_verified,available_verified,available_verified,available_verified,available_verified,available_verified,available_partial,available_verified
club,La Liga,2006/2007,69175,,2007-03-31,Barcelona,RC Deportivo La Coruña,,True,aux_event_object_read,3732,True,94.25,False,True,4,4,34,34,available_verified,True,True,True,True,547,52,True,5,0,True,5,True,135,True,False,False,False,,La Liga,A,available_verified,available_verified,available_verified,available_verified,available_verified,available_verified,available_verified,available_verified,available_verified,available_verified,available_verified,available_verified,available_verified,available_verified
club,La Liga,2007/2008,69151,,2007-09-29,Levante UD,Barcelona,,True,aux_event_object_read,3363,True,91.867,False,True,4,4,19,19,available_verified,True,True,True,True,275,40,True,5,0,True,6,True,122,True,False,False,False,,La Liga,A,available_verified,available_verified,available_verified,available_verified,available_verified,available_verified,available_verified,available_verified,available_verified,available_verified,available_verified,available_verified,available_verified,available_verified
club,La Liga,2008/2009,69139,,2009-02-21,Barcelona,Espanyol,,True,aux_event_object_read,3116,True,92.95,False,True,4,4,18,18,available_verified,True,True,True,True,243,44,True,13,1,True,6,True,132,True,False,False,False,,La Liga,A,available_verified,available_verified,available_verified,available_verified,available_verified,available_verified,available_verified,available_verified,available_verified,available_verified,available_verified,available_verified,available_verified,available_verified
club,La Liga,2009/2010,69256,,2009-10-03,Barcelona,Almería,,True,aux_event_object_read,3895,True,93.333,False,True,4,4,17,17,available_verified,True,True,True,True,425,50,True,6,0,True,6,True,116,True,False,False,False,,La Liga,A,available_verified,available_verified,available_verified,available_verified,available_verified,available_verified,available_verified,available_verified,available_verified,available_verified,available_verified,available_verified,available_verified,available_verified
club,La Liga,2010/2011,69305,,2011-04-09,Barcelona,Almería,,True,aux_event_object_read,3745,True,92.35,False,True,4,4,23,23,available_verified,True,True,True,True,226,35,True,6,0,True,6,True,149,True,False,False,False,,La Liga,A,available_verified,available_verified,available_verified,available_verified,available_verified,available_verified,available_verified,available_verified,available_verified,available_verified,available_verified,available_verified,available_partial,available_verified
club,La Liga,2011/2012,69340,,2012-05-02,Barcelona,Málaga,,True,aux_event_object_read,4087,True,93.617,False,True,4,4,22,22,available_verified,True,True,True,True,279,40,True,4,0,True,6,True,115,True,False,False,False,,La Liga,A,available_verified,available_verified,available_verified,available_verified,available_verified,available_verified,available_verified,available_verified,available_verified,available_verified,available_verified,available_verified,available_verified,available_verified
club,La Liga,2012/2013,70280,,2012-11-25,Levante UD,Barcelona,,True,aux_event_object_read,4490,True,91.983,False,True,4,4,26,26,available_verified,True,True,True,True,270,28,True,2,0,True,6,True,159,True,False,False,False,,La Liga,A,available_verified,available_verified,available_verified,available_verified,available_verified,available_verified,available_verified,available_verified,available_verified,available_verified,available_verified,available_verified,available_partial,available_verified
club,La Liga,2013/2014,70289,,2014-04-27,Villarreal,Barcelona,,True,aux_event_object_read,3818,True,93.033,False,True,4,4,24,24,available_verified,True,True,True,True,305,29,True,6,0,True,6,True,169,True,False,False,False,,La Liga,A,available_verified,available_verified,available_verified,available_verified,available_verified,available_verified,available_verified,available_verified,available_verified,available_verified,available_verified,available_verified,available_verified,available_verified
club,La Liga,2014/2015,266967,,2015-03-14,Eibar,Barcelona,,True,aux_event_object_read,4024,True,93.0,False,True,4,4,23,23,available_verified,True,True,True,True,373,23,True,1,0,True,5,True,142,True,False,False,False,,La Liga,A,available_verified,available_verified,available_verified,available_verified,available_verified,available_verified,available_verified,available_verified,available_verified,available_verified,available_verified,available_verified,available_partial,available_verified
club,La Liga,2015/2016,3825587,,2015-09-13,Athletic Club,Getafe,,True,aux_event_object_read,3360,True,92.967,False,True,4,4,27,27,available_verified,True,True,True,True,294,52,True,5,0,True,6,True,138,True,False,False,False,,La Liga,A,available_verified,available_verified,available_verified,available_verified,available_verified,available_verified,available_verified,available_verified,available_verified,available_verified,available_verified,available_verified,available_verified,available_verified
club,La Liga,2016/2017,267101,,2017-04-26,Barcelona,Osasuna,,True,aux_event_object_read,3901,True,92.017,False,True,4,4,22,22,available_verified,True,True,True,True,294,24,True,0,0,True,4,True,142,True,False,False,False,,La Liga,A,available_verified,available_verified,available_verified,available_verified,available_verified,available_verified,available_verified,available_verified,available_verified,available_verified,available_verified,available_verified,available_partial,available_verified
club,La Liga,2017/2018,9650,,2017-10-21,Barcelona,Málaga,,True,aux_event_object_read,4058,True,93.017,False,True,4,4,25,25,available_verified,True,True,True,True,382,33,True,5,0,True,6,True,126,True,False,False,False,,La Liga,A,available_verified,available_verified,available_verified,available_verified,available_verified,available_verified,available_verified,available_verified,available_verified,available_verified,available_verified,available_verified,available_verified,available_verified
club,La Liga,2018/2019,16205,,2019-03-09,Barcelona,Rayo Vallecano,,True,aux_event_object_read,4058,True,92.067,False,True,4,4,20,20,available_verified,True,True,True,True,510,45,True,3,0,True,5,True,147,True,False,False,False,,La Liga,A,available_verified,available_verified,available_verified,available_verified,available_verified,available_verified,available_verified,available_verified,available_verified,available_verified,available_verified,available_verified,available_partial,available_verified
club,La Liga,2019/2020,303421,,2020-07-19,Deportivo Alavés,Barcelona,,True,aux_event_object_read,3979,True,94.083,False,True,4,4,23,23,available_verified,True,True,True,True,321,38,True,0,0,True,8,True,119,True,False,False,False,,La Liga,A,available_verified,available_verified,available_verified,available_verified,available_verified,available_verified,available_verified,available_verified,available_verified,available_verified,available_verified,available_verified,available_verified,available_verified
club,La Liga,2020/2021,3773372,,2021-05-08,Barcelona,Atlético Madrid,,True,aux_event_object_read,3847,True,92.45,False,True,4,4,22,22,available_verified,True,True,True,True,353,54,True,6,0,True,7,True,121,True,False,False,False,,La Liga,A,available_verified,available_verified,available_verified,available_verified,available_verified,available_verified,available_verified,available_verified,available_verified,available_verified,available_verified,available_verified,available_verified,available_verified
club,Ligue 1,2015/2016,3900578,,2016-01-10,Lille,OGC Nice,,True,aux_event_object_read,3531,True,94.05,False,True,4,4,19,19,available_verified,True,True,True,True,399,49,True,5,0,True,6,True,119,True,False,False,False,,Ligue 1,A,available_verified,available_verified,available_verified,available_verified,available_verified,available_verified,available_verified,available_verified,available_verified,available_verified,available_verified,available_verified,available_verified,available_verified
club,Ligue 1,2021/2022,3802676,,2022-04-23,Paris Saint-Germain,Lens,,True,aux_event_object_read,3898,True,93.017,False,True,4,4,26,26,available_verified,True,True,True,True,252,37,True,5,1,True,7,True,146,True,False,False,False,,Ligue 1,A,available_verified,available_verified,available_verified,available_verified,available_verified,available_verified,available_verified,available_verified,available_verified,available_verified,available_verified,available_verified,available_verified,available_verified
club,Ligue 1,2022/2023,3837902,,2023-03-11,Stade Brestois,Paris Saint-Germain,,True,aux_event_object_read,3834,True,95.683,False,True,4,4,24,24,available_verified,True,True,True,True,424,28,True,2,0,True,7,True,135,True,False,False,False,,Ligue 1,A,available_verified,available_verified,available_verified,available_verified,available_verified,available_verified,available_verified,available_verified,available_verified,available_verified,available_verified,available_verified,available_verified,available_verified
club,Major League Soccer,2023,3877060,,2023-08-27,New York Red Bulls,Inter Miami,,True,aux_event_object_read,3540,True,93.033,False,True,4,4,19,19,available_verified,True,True,True,True,360,32,True,3,0,True,10,True,123,True,False,False,False,,Major League Soccer,A,available_verified,available_verified,available_verified,available_verified,available_verified,available_verified,available_verified,available_verified,available_verified,available_verified,available_verified,available_verified,available_verified,available_verified
club,Premier League,2003/2004,3749253,,2003-10-04,Liverpool,Arsenal,,True,aux_event_object_read,3337,True,93.017,False,True,4,4,26,26,available_verified,True,True,True,True,264,51,True,4,0,True,4,True,130,True,False,False,False,,Premier League,A,available_verified,available_verified,available_verified,available_verified,available_verified,available_verified,available_verified,available_verified,available_verified,available_verified,available_verified,available_verified,available_verified,available_verified
club,Premier League,2015/2016,3753975,,2016-01-23,Sunderland,AFC Bournemouth,,True,aux_event_object_read,3769,True,94.167,False,True,4,4,25,25,available_verified,True,True,True,True,396,24,True,2,0,True,5,True,128,True,False,False,False,,Premier League,A,available_verified,available_verified,available_verified,available_verified,available_verified,available_verified,available_verified,available_verified,available_verified,available_verified,available_verified,available_verified,available_verified,available_verified
club,Serie A,2015/2016,3879810,,2016-04-09,AC Milan,Juventus,,True,aux_event_object_read,3449,True,94.967,False,True,4,4,22,22,available_verified,True,True,True,True,345,46,True,7,0,True,5,True,95,True,False,False,False,,Serie A,A,available_verified,available_verified,available_verified,available_verified,available_verified,available_verified,available_verified,available_verified,available_verified,available_verified,available_verified,available_verified,available_verified,available_verified
club,1. Bundesliga,2015/2016,3890500,,2016-03-20,VfB Stuttgart,Bayer Leverkusen,,True,aux_event_object_read,3310,True,93.267,False,True,4,4,28,28,available_verified,True,True,True,True,313,50,True,6,0,True,6,True,135,True,False,False,False,,1. Bundesliga,A,available_verified,available_verified,available_verified,available_verified,available_verified,available_verified,available_verified,available_verified,available_verified,available_verified,available_verified,available_verified,available_verified,available_verified
club,1. Bundesliga,2023/2024,3895167,,2023-12-10,VfB Stuttgart,Bayer Leverkusen,,True,aux_event_object_read,4219,True,95.133,False,True,4,4,41,41,available_verified,True,True,True,True,322,33,True,2,0,True,8,True,161,True,False,False,False,,1. Bundesliga,A,available_verified,available_verified,available_verified,available_verified,available_verified,available_verified,available_verified,available_verified,available_verified,available_verified,available_verified,available_verified,available_verified,available_verified
club,Indian Super league,2021/2022,3813278,,2021-12-22,Chennaiyin,Kerala Blasters,,True,aux_event_object_read,3052,True,93.267,False,True,4,4,21,21,available_verified,True,True,True,True,230,31,True,1,0,True,10,True,139,True,False,False,False,,Indian Super league,A,available_verified,available_verified,available_verified,available_verified,available_verified,available_verified,available_verified,available_verified,available_verified,available_verified,available_verified,available_verified,available_verified,available_verified
club,La Liga,2004/2005,68353,,2004-10-16,Espanyol,Barcelona,,True,aux_event_object_read,2770,True,92.233,False,True,4,4,25,25,available_verified,True,True,True,True,148,55,True,4,0,True,5,True,125,True,False,False,False,,La Liga,A,available_verified,available_verified,available_verified,available_verified,available_verified,available_verified,available_verified,available_verified,available_verified,available_verified,available_verified,available_verified,available_verified,available_verified
club,La Liga,2005/2006,69172,,2006-02-18,Barcelona,Real Betis,,True,aux_event_object_read,3124,True,89.65,False,True,4,4,28,28,available_verified,True,True,True,True,319,58,True,6,0,True,5,True,132,True,False,False,False,,La Liga,A,available_verified,available_verified,available_verified,available_verified,available_verified,available_verified,available_verified,available_verified,available_verified,available_verified,available_verified,available_verified,available_verified,available_verified
club,La Liga,2006/2007,69162,,2007-05-13,Barcelona,Real Betis,,True,aux_event_object_read,3291,True,94.467,False,True,4,4,22,22,available_verified,True,True,True,True,279,56,True,5,0,True,6,True,117,True,False,False,False,,La Liga,A,available_verified,available_verified,available_verified,available_verified,available_verified,available_verified,available_verified,available_verified,available_verified,available_verified,available_verified,available_verified,available_partial,available_verified
club,La Liga,2007/2008,68360,,2008-02-24,Barcelona,Levante UD,,True,aux_event_object_read,3870,True,90.75,False,True,4,4,27,27,available_verified,True,True,True,True,290,38,True,0,0,True,6,True,159,True,False,False,False,,La Liga,A,available_verified,available_verified,available_verified,available_verified,available_verified,available_verified,available_verified,available_verified,available_verified,available_verified,available_verified,available_verified,available_partial,available_verified
club,La Liga,2008/2009,69215,,2008-09-13,Barcelona,Racing Santander,,True,aux_event_object_read,3617,True,93.967,False,True,4,4,18,18,available_verified,True,True,True,True,318,51,True,8,0,True,6,True,147,True,False,False,False,,La Liga,A,available_verified,available_verified,available_verified,available_verified,available_verified,available_verified,available_verified,available_verified,available_verified,available_verified,available_verified,available_verified,available_partial,available_verified
club,La Liga,2009/2010,69218,,2009-12-05,RC Deportivo La Coruña,Barcelona,,True,aux_event_object_read,3607,True,92.8,False,True,4,4,23,23,available_verified,True,True,True,True,272,42,True,3,0,True,5,True,155,True,False,False,False,,La Liga,A,available_verified,available_verified,available_verified,available_verified,available_verified,available_verified,available_verified,available_verified,available_verified,available_verified,available_verified,available_verified,available_verified,available_verified
club,La Liga,2010/2011,69270,,2010-11-07,Getafe,Barcelona,,True,aux_event_object_read,3881,True,93.017,False,True,4,4,27,27,available_verified,True,True,True,True,379,34,True,6,2,True,6,True,149,True,False,False,False,,La Liga,A,available_verified,available_verified,available_verified,available_verified,available_verified,available_verified,available_verified,available_verified,available_verified,available_verified,available_verified,available_verified,available_partial,available_verified
club,La Liga,2011/2012,70225,,2012-03-20,Barcelona,Granada,,True,aux_event_object_read,3776,True,93.067,False,True,4,4,24,24,available_verified,True,True,True,True,273,35,True,10,1,True,6,True,125,True,False,False,False,,La Liga,A,available_verified,available_verified,available_verified,available_verified,available_verified,available_verified,available_verified,available_verified,available_verified,available_verified,available_verified,available_verified,available_partial,available_verified
club,La Liga,2012/2013,70282,,2013-02-03,Valencia,Barcelona,,True,aux_event_object_read,4255,True,93.0,False,True,4,4,27,27,available_verified,True,True,True,True,451,41,True,4,0,True,6,True,140,True,False,False,False,,La Liga,A,available_verified,available_verified,available_verified,available_verified,available_verified,available_verified,available_verified,available_verified,available_verified,available_verified,available_verified,available_verified,available_partial,available_verified
club,La Liga,2013/2014,266462,,2013-10-19,Osasuna,Barcelona,,True,aux_event_object_read,4038,True,93.067,False,True,4,4,16,16,available_verified,True,True,True,True,292,31,True,5,0,True,5,True,125,True,False,False,False,,La Liga,A,available_verified,available_verified,available_verified,available_verified,available_verified,available_verified,available_verified,available_verified,available_verified,available_verified,available_verified,available_verified,available_verified,available_verified
club,La Liga,2014/2015,267597,,2015-02-01,Barcelona,Villarreal,,True,aux_event_object_read,3843,True,93.033,False,True,4,4,28,28,available_verified,True,True,True,True,273,46,True,3,0,True,6,True,172,True,False,False,False,,La Liga,A,available_verified,available_verified,available_verified,available_verified,available_verified,available_verified,available_verified,available_verified,available_verified,available_verified,available_verified,available_verified,available_verified,available_verified
club,La Liga,2015/2016,266498,,2016-03-12,Barcelona,Getafe,,True,aux_event_object_read,3755,True,92.017,False,True,4,4,21,21,available_verified,True,True,True,True,348,28,True,3,0,True,6,True,132,True,False,False,False,,La Liga,A,available_verified,available_verified,available_verified,available_verified,available_verified,available_verified,available_verified,available_verified,available_verified,available_verified,available_verified,available_verified,available_partial,available_verified
club,La Liga,2016/2017,266528,,2016-12-18,Barcelona,Espanyol,,True,aux_event_object_read,3556,True,95.15,False,True,4,4,17,17,available_verified,True,True,True,True,359,36,True,3,0,True,5,True,119,True,False,False,False,,La Liga,A,available_verified,available_verified,available_verified,available_verified,available_verified,available_verified,available_verified,available_verified,available_verified,available_verified,available_verified,available_verified,available_verified,available_verified
club,La Liga,2017/2018,9783,,2018-02-04,Espanyol,Barcelona,,True,aux_event_object_read,3267,True,93.05,False,True,4,4,20,20,available_verified,True,True,True,True,291,35,True,8,0,True,6,True,130,True,False,False,False,,La Liga,A,available_verified,available_verified,available_verified,available_verified,available_verified,available_verified,available_verified,available_verified,available_verified,available_verified,available_verified,available_verified,available_verified,available_verified
club,La Liga,2018/2019,16306,,2019-05-12,Barcelona,Getafe,,True,aux_event_object_read,4374,True,94.2,False,True,4,4,24,24,available_verified,True,True,True,True,487,34,True,4,0,True,6,True,131,True,False,False,False,,La Liga,A,available_verified,available_verified,available_verified,available_verified,available_verified,available_verified,available_verified,available_verified,available_verified,available_verified,available_verified,available_verified,available_verified,available_verified
club,La Liga,2019/2020,303682,,2020-02-02,Barcelona,Levante UD,,True,aux_event_object_read,4022,True,94.133,False,True,4,4,32,32,available_verified,True,True,True,True,334,31,True,2,0,True,6,True,168,True,False,False,False,,La Liga,A,available_verified,available_verified,available_verified,available_verified,available_verified,available_verified,available_verified,available_verified,available_verified,available_verified,available_verified,available_verified,available_verified,available_verified
club,La Liga,2020/2021,3773547,,2020-11-29,Barcelona,Osasuna,,True,aux_event_object_read,4036,True,93.033,False,True,4,4,30,30,available_verified,True,True,True,True,213,29,True,1,0,True,10,True,170,True,False,False,False,,La Liga,A,available_verified,available_verified,available_verified,available_verified,available_verified,available_verified,available_verified,available_verified,available_verified,available_verified,available_verified,available_verified,available_verified,available_verified
club,Ligue 1,2015/2016,3901248,,2016-05-07,Lille,Guingamp,,True,aux_event_object_read,3407,True,94.083,False,True,4,4,31,31,available_verified,True,True,True,True,243,49,True,5,0,True,4,True,151,True,False,False,False,,Ligue 1,A,available_verified,available_verified,available_verified,available_verified,available_verified,available_verified,available_verified,available_verified,available_verified,available_verified,available_verified,available_verified,available_verified,available_verified
club,Ligue 1,2021/2022,3802699,,2021-10-29,Paris Saint-Germain,Lille,,True,aux_event_object_read,3594,True,95.267,False,True,4,4,28,28,available_verified,True,True,True,True,244,29,True,6,0,True,8,True,141,True,False,False,False,,Ligue 1,A,available_verified,available_verified,available_verified,available_verified,available_verified,available_verified,available_verified,available_verified,available_verified,available_verified,available_verified,available_verified,available_verified,available_verified
club,Ligue 1,2022/2023,3837818,,2023-01-11,Paris Saint-Germain,Angers,,True,aux_event_object_read,4431,True,94.367,False,True,4,4,15,15,available_verified,True,True,True,True,303,24,True,3,0,True,8,True,99,True,False,False,False,,Ligue 1,A,available_verified,available_verified,available_verified,available_verified,available_verified,available_verified,available_verified,available_verified,available_verified,available_verified,available_verified,available_verified,available_verified,available_verified
club,Major League Soccer,2023,3877170,,2023-10-08,Inter Miami,Cincinnati,,True,aux_event_object_read,3467,True,95.45,False,True,4,4,33,33,available_verified,True,True,True,True,316,41,True,2,0,True,9,True,143,True,False,False,False,,Major League Soccer,A,available_verified,available_verified,available_verified,available_verified,available_verified,available_verified,available_verified,available_verified,available_verified,available_verified,available_verified,available_verified,available_verified,available_verified
club,Premier League,2003/2004,3749278,,2003-12-20,Bolton Wanderers,Arsenal,,True,aux_event_object_read,3154,True,92.15,False,True,4,4,27,27,available_verified,True,True,True,True,331,41,True,4,0,True,3,True,155,True,False,False,False,,Premier League,A,available_verified,available_verified,available_verified,available_verified,available_verified,available_verified,available_verified,available_verified,available_verified,available_verified,available_verified,available_verified,available_verified,available_verified
club,Premier League,2015/2016,3753992,,2016-05-08,Tottenham Hotspur,Southampton,,True,aux_event_object_read,3414,True,95.267,False,True,4,4,29,29,available_verified,True,True,True,True,320,39,True,3,0,True,5,True,140,True,False,False,False,,Premier League,A,available_verified,available_verified,available_verified,available_verified,available_verified,available_verified,available_verified,available_verified,available_verified,available_verified,available_verified,available_verified,available_verified,available_verified
club,Serie A,2015/2016,3879756,,2016-02-22,Napoli,AC Milan,,True,aux_event_object_read,3835,True,94.567,False,True,4,4,27,27,available_verified,True,True,True,True,302,37,True,2,0,True,6,True,128,True,False,False,False,,Serie A,A,available_verified,available_verified,available_verified,available_verified,available_verified,available_verified,available_verified,available_verified,available_verified,available_verified,available_verified,available_verified,available_verified,available_verified
club,1. Bundesliga,2015/2016,3890463,,2016-02-28,FSV Mainz 05,Bayer Leverkusen,,True,aux_event_object_read,3407,True,92.033,False,True,4,4,26,26,available_verified,True,True,True,True,435,49,True,2,0,True,6,True,130,True,False,False,False,,1. Bundesliga,A,available_verified,available_verified,available_verified,available_verified,available_verified,available_verified,available_verified,available_verified,available_verified,available_verified,available_verified,available_verified,available_partial,available_verified
club,1. Bundesliga,2023/2024,3895180,,2023-12-17,Bayer Leverkusen,Eintracht Frankfurt,,True,aux_event_object_read,4448,True,95.933,False,True,4,4,18,18,available_verified,True,True,True,True,379,32,True,2,0,True,10,True,122,True,False,False,False,,1. Bundesliga,A,available_verified,available_verified,available_verified,available_verified,available_verified,available_verified,available_verified,available_verified,available_verified,available_verified,available_verified,available_verified,available_verified,available_verified
club,Indian Super league,2021/2022,3817865,,2022-01-18,NorthEast United,Odisha,,True,aux_event_object_read,3077,True,94.217,False,True,4,4,30,30,available_verified,True,True,True,True,260,40,True,1,0,True,8,True,144,True,False,False,False,,Indian Super league,A,available_verified,available_verified,available_verified,available_verified,available_verified,available_verified,available_verified,available_verified,available_verified,available_verified,available_verified,available_verified,available_verified,available_verified
club,La Liga,2004/2005,68314,,2004-12-04,Barcelona,Málaga,,True,aux_event_object_read,3107,True,90.717,False,True,4,4,19,19,available_verified,True,True,True,True,131,45,True,3,0,True,6,True,122,True,False,False,False,,La Liga,A,available_verified,available_verified,available_verified,available_verified,available_verified,available_verified,available_verified,available_verified,available_verified,available_verified,available_verified,available_verified,available_verified,available_verified
club,La Liga,2005/2006,68342,,2006-01-15,Barcelona,Athletic Club,,True,aux_event_object_read,3038,True,93.267,False,True,4,4,26,26,available_verified,True,True,True,True,202,54,True,5,1,True,5,True,136,True,False,False,False,,La Liga,A,available_verified,available_verified,available_verified,available_verified,available_verified,available_verified,available_verified,available_verified,available_verified,available_verified,available_verified,available_verified,available_partial,available_verified
club,La Liga,2006/2007,68334,,2007-03-03,Sevilla,Barcelona,,True,aux_event_object_read,3516,True,95.067,False,True,4,4,25,25,available_verified,True,True,True,True,284,44,True,5,3,True,6,True,115,True,False,False,False,,La Liga,A,available_verified,available_verified,available_verified,available_verified,available_verified,available_verified,available_verified,available_verified,available_verified,available_verified,available_verified,available_verified,available_verified,available_verified
club,La Liga,2007/2008,68358,,2008-04-12,Recreativo Huelva,Barcelona,,True,aux_event_object_read,3285,True,94.05,False,True,4,4,25,25,available_verified,True,True,True,True,198,52,True,3,0,True,6,True,131,True,False,False,False,,La Liga,A,available_verified,available_verified,available_verified,available_verified,available_verified,available_verified,available_verified,available_verified,available_verified,available_verified,available_verified,available_verified,available_verified,available_verified
club,La Liga,2008/2009,69171,,2008-11-29,Sevilla,Barcelona,,True,aux_event_object_read,3479,True,93.233,False,True,4,4,31,31,available_verified,True,True,True,True,266,39,True,3,1,True,6,True,128,True,False,False,False,,La Liga,A,available_verified,available_verified,available_verified,available_verified,available_verified,available_verified,available_verified,available_verified,available_verified,available_verified,available_verified,available_verified,available_verified,available_verified
club,La Liga,2009/2010,69220,,2010-01-30,Sporting Gijón,Barcelona,,True,aux_event_object_read,4005,True,93.433,False,True,4,4,26,26,available_verified,True,True,True,True,439,44,True,9,0,True,4,True,133,True,False,False,False,,La Liga,A,available_verified,available_verified,available_verified,available_verified,available_verified,available_verified,available_verified,available_verified,available_verified,available_verified,available_verified,available_verified,available_verified,available_verified
club,La Liga,2010/2011,69287,,2010-09-11,Barcelona,Hércules,,True,aux_event_object_read,3741,True,94.117,False,True,4,4,25,25,available_verified,True,True,True,True,223,41,True,4,0,True,6,True,153,True,False,False,False,,La Liga,A,available_verified,available_verified,available_verified,available_verified,available_verified,available_verified,available_verified,available_verified,available_verified,available_verified,available_verified,available_verified,available_verified,available_verified
club,La Liga,2011/2012,69329,,2011-10-22,Barcelona,Sevilla,,True,aux_event_object_read,4134,True,97.7,False,True,4,4,25,25,available_verified,True,True,True,True,351,36,True,10,2,True,6,True,174,True,False,False,False,,La Liga,A,available_verified,available_verified,available_verified,available_verified,available_verified,available_verified,available_verified,available_verified,available_verified,available_verified,available_verified,available_verified,available_verified,available_verified
club,La Liga,2012/2013,70270,,2012-09-22,Barcelona,Granada,,True,aux_event_object_read,3994,True,93.05,False,True,4,4,26,26,available_verified,True,True,True,True,305,47,True,3,0,True,6,True,178,True,False,False,False,,La Liga,A,available_verified,available_verified,available_verified,available_verified,available_verified,available_verified,available_verified,available_verified,available_verified,available_verified,available_verified,available_verified,available_verified,available_verified
club,La Liga,2013/2014,266256,,2014-05-17,Barcelona,Atlético Madrid,,True,aux_event_object_read,3448,True,93.017,False,True,4,4,19,19,available_verified,True,True,True,True,261,37,True,9,0,True,6,True,146,True,False,False,False,,La Liga,A,available_verified,available_verified,available_verified,available_verified,available_verified,available_verified,available_verified,available_verified,available_verified,available_verified,available_verified,available_verified,available_verified,available_verified
club,La Liga,2014/2015,266929,,2015-04-05,Celta Vigo,Barcelona,,True,aux_event_object_read,3729,True,93.717,False,True,4,4,18,18,available_verified,True,True,True,True,482,51,True,4,1,True,6,True,123,True,False,False,False,,La Liga,A,available_verified,available_verified,available_verified,available_verified,available_verified,available_verified,available_verified,available_verified,available_verified,available_verified,available_verified,available_verified,available_verified,available_verified
club,La Liga,2015/2016,3825808,,2016-03-06,Sporting Gijón,Athletic Club,,True,aux_event_object_read,3575,True,92.017,False,True,4,4,16,16,available_verified,True,True,True,True,327,42,True,3,1,True,6,True,96,True,False,False,False,,La Liga,A,available_verified,available_verified,available_verified,available_verified,available_verified,available_verified,available_verified,available_verified,available_verified,available_verified,available_verified,available_verified,available_verified,available_verified
club,La Liga,2016/2017,267395,,2017-01-14,Barcelona,Las Palmas,,True,aux_event_object_read,3696,True,91.017,False,True,4,4,30,30,available_verified,True,True,True,True,376,38,True,7,0,True,6,True,144,True,False,False,False,,La Liga,A,available_verified,available_verified,available_verified,available_verified,available_verified,available_verified,available_verified,available_verified,available_verified,available_verified,available_verified,available_verified,available_verified,available_verified
club,La Liga,2017/2018,9765,,2018-01-21,Real Betis,Barcelona,,True,aux_event_object_read,3872,True,92.017,False,True,4,4,21,21,available_verified,True,True,True,True,394,34,True,4,0,True,6,True,132,True,False,False,False,,La Liga,A,available_verified,available_verified,available_verified,available_verified,available_verified,available_verified,available_verified,available_verified,available_verified,available_verified,available_verified,available_verified,available_verified,available_verified
club,La Liga,2018/2019,16275,,2019-04-23,Deportivo Alavés,Barcelona,,True,aux_event_object_read,3693,True,94.25,False,True,4,4,22,22,available_verified,True,True,True,True,267,33,True,4,0,True,6,True,125,True,False,False,False,,La Liga,A,available_verified,available_verified,available_verified,available_verified,available_verified,available_verified,available_verified,available_verified,available_verified,available_verified,available_verified,available_verified,available_partial,available_verified
club,La Liga,2019/2020,303430,,2019-09-24,Barcelona,Villarreal,,True,aux_event_object_read,4132,True,93.133,False,True,4,4,20,20,available_verified,True,True,True,True,349,34,True,6,0,True,6,True,144,True,False,False,False,,La Liga,A,available_verified,available_verified,available_verified,available_verified,available_verified,available_verified,available_verified,available_verified,available_verified,available_verified,available_verified,available_verified,available_verified,available_verified
club,La Liga,2020/2021,3773689,,2021-04-25,Villarreal,Barcelona,,True,aux_event_object_read,3942,True,95.483,False,True,4,4,25,25,available_verified,True,True,True,True,353,38,True,5,1,True,9,True,142,True,False,False,False,,La Liga,A,available_verified,available_verified,available_verified,available_verified,available_verified,available_verified,available_verified,available_verified,available_verified,available_verified,available_verified,available_verified,available_verified,available_verified
club,Ligue 1,2015/2016,3829450,,2015-08-30,AS Monaco,Paris Saint-Germain,,True,aux_event_object_read,4205,True,92.983,False,True,4,4,22,22,available_verified,True,True,True,True,404,34,True,1,0,True,6,True,121,True,False,False,False,,Ligue 1,A,available_verified,available_verified,available_verified,available_verified,available_verified,available_verified,available_verified,available_verified,available_verified,available_verified,available_verified,available_verified,available_verified,available_verified
club,Ligue 1,2021/2022,3802709,,2022-02-26,Paris Saint-Germain,Saint-Étienne,,True,aux_event_object_read,3767,True,92.383,False,True,4,4,34,34,available_verified,True,True,True,True,318,36,True,3,0,True,9,True,138,True,False,False,False,,Ligue 1,A,available_verified,available_verified,available_verified,available_verified,available_verified,available_verified,available_verified,available_verified,available_verified,available_verified,available_verified,available_verified,available_verified,available_verified
club,Ligue 1,2022/2023,3837938,,2023-04-08,OGC Nice,Paris Saint-Germain,,True,aux_event_object_read,4794,True,93.333,False,True,4,4,34,34,available_verified,True,True,True,True,402,29,True,1,0,True,8,True,166,True,False,False,False,,Ligue 1,A,available_verified,available_verified,available_verified,available_verified,available_verified,available_verified,available_verified,available_verified,available_verified,available_verified,available_verified,available_verified,available_verified,available_verified
club,Premier League,2003/2004,3749526,,2003-10-26,Charlton Athletic,Arsenal,,True,aux_event_object_read,3444,True,92.6,False,True,4,4,18,18,available_verified,True,True,True,True,356,43,True,2,0,True,4,True,134,True,False,False,False,,Premier League,A,available_verified,available_verified,available_verified,available_verified,available_verified,available_verified,available_verified,available_verified,available_verified,available_verified,available_verified,available_verified,available_verified,available_verified
club,Premier League,2015/2016,3753998,,2015-12-28,West Ham United,Southampton,,True,aux_event_object_read,3333,True,94.283,False,True,4,4,26,26,available_verified,True,True,True,True,325,31,True,4,0,True,6,True,127,True,False,False,False,,Premier League,A,available_verified,available_verified,available_verified,available_verified,available_verified,available_verified,available_verified,available_verified,available_verified,available_verified,available_verified,available_verified,available_verified,available_verified
club,Serie A,2015/2016,3879633,,2015-11-29,Empoli,Lazio,,True,aux_event_object_read,3439,True,95.05,False,True,4,4,21,21,available_verified,True,True,True,True,339,51,True,4,0,True,6,True,141,True,False,False,False,,Serie A,A,available_verified,available_verified,available_verified,available_verified,available_verified,available_verified,available_verified,available_verified,available_verified,available_verified,available_verified,available_verified,available_verified,available_verified
club,1. Bundesliga,2015/2016,3890350,,2015-10-31,Wolfsburg,Bayer Leverkusen,,True,aux_event_object_read,3608,True,93.183,False,True,4,4,27,27,available_verified,True,True,True,True,447,46,True,2,0,True,6,True,137,True,False,False,False,,1. Bundesliga,A,available_verified,available_verified,available_verified,available_verified,available_verified,available_verified,available_verified,available_verified,available_verified,available_verified,available_verified,available_verified,available_verified,available_verified
club,1. Bundesliga,2023/2024,3895275,,2024-03-17,Freiburg,Bayer Leverkusen,,True,aux_event_object_read,3909,True,94.133,False,True,4,4,30,30,available_verified,True,True,True,True,253,28,True,1,0,True,9,True,151,True,False,False,False,,1. Bundesliga,A,available_verified,available_verified,available_verified,available_verified,available_verified,available_verified,available_verified,available_verified,available_verified,available_verified,available_verified,available_verified,available_verified,available_verified
club,Indian Super league,2021/2022,3817895,,2022-02-09,Chennaiyin,Goa,,True,aux_event_object_read,3823,True,93.317,False,True,4,4,25,25,available_verified,True,True,True,True,354,33,True,2,0,True,10,True,130,True,False,False,False,,Indian Super league,A,available_verified,available_verified,available_verified,available_verified,available_verified,available_verified,available_verified,available_verified,available_verified,available_verified,available_verified,available_verified,available_verified,available_verified
club,La Liga,2005/2006,69164,,2005-10-26,Barcelona,Málaga,,True,aux_event_object_read,3204,True,94.25,False,True,4,4,41,41,available_verified,True,True,True,True,231,48,True,5,0,True,6,True,159,True,False,False,False,,La Liga,A,available_verified,available_verified,available_verified,available_verified,available_verified,available_verified,available_verified,available_verified,available_verified,available_verified,available_verified,available_verified,available_verified,available_verified
club,La Liga,2006/2007,69165,,2007-06-09,Barcelona,Espanyol,,True,aux_event_object_read,3360,True,93.7,False,True,4,4,36,36,available_verified,True,True,True,True,317,60,True,6,0,True,5,True,168,True,False,False,False,,La Liga,A,available_verified,available_verified,available_verified,available_verified,available_verified,available_verified,available_verified,available_verified,available_verified,available_verified,available_verified,available_verified,available_verified,available_verified
club,La Liga,2007/2008,69145,,2007-12-15,Valencia,Barcelona,,True,aux_event_object_read,3958,True,92.083,False,True,4,4,26,26,available_verified,True,True,True,True,352,46,True,4,0,True,6,True,119,True,False,False,False,,La Liga,A,available_verified,available_verified,available_verified,available_verified,available_verified,available_verified,available_verified,available_verified,available_verified,available_verified,available_verified,available_verified,available_verified,available_verified
club,La Liga,2008/2009,69223,,2009-04-18,Getafe,Barcelona,,True,aux_event_object_read,3738,True,92.083,False,True,4,4,22,22,available_verified,True,True,True,True,320,37,True,6,0,True,5,True,101,True,False,False,False,,La Liga,A,available_verified,available_verified,available_verified,available_verified,available_verified,available_verified,available_verified,available_verified,available_verified,available_verified,available_verified,available_verified,available_verified,available_verified
club,La Liga,2009/2010,69250,,2009-11-07,Barcelona,Mallorca,,True,aux_event_object_read,3123,True,93.3,False,True,4,4,26,26,available_verified,True,True,True,True,175,47,True,3,0,True,6,True,111,True,False,False,False,,La Liga,A,available_verified,available_verified,available_verified,available_verified,available_verified,available_verified,available_verified,available_verified,available_verified,available_verified,available_verified,available_verified,available_partial,available_verified
club,La Liga,2010/2011,69283,,2011-02-26,Mallorca,Barcelona,,True,aux_event_object_read,4198,True,91.583,False,True,4,4,16,16,available_verified,True,True,True,True,329,33,True,1,0,True,6,True,117,True,False,False,False,,La Liga,A,available_verified,available_verified,available_verified,available_verified,available_verified,available_verified,available_verified,available_verified,available_verified,available_verified,available_verified,available_verified,available_verified,available_verified
club,La Liga,2011/2012,69297,,2011-09-24,Barcelona,Atlético Madrid,,True,aux_event_object_read,4571,True,91.817,False,True,4,4,23,23,available_verified,True,True,True,True,351,46,True,2,0,True,6,True,137,True,False,False,False,,La Liga,A,available_verified,available_verified,available_verified,available_verified,available_verified,available_verified,available_verified,available_verified,available_verified,available_verified,available_verified,available_verified,available_verified,available_verified
club,La Liga,2012/2013,70295,,2012-12-09,Real Betis,Barcelona,,True,aux_event_object_read,3811,True,93.283,False,True,4,4,23,23,available_verified,True,True,True,True,263,44,True,5,0,True,6,True,118,True,False,False,False,,La Liga,A,available_verified,available_verified,available_verified,available_verified,available_verified,available_verified,available_verified,available_verified,available_verified,available_verified,available_verified,available_verified,available_verified,available_verified
club,La Liga,2013/2014,266491,,2014-05-03,Barcelona,Getafe,,True,aux_event_object_read,3978,True,93.617,False,True,4,4,26,26,available_verified,True,True,True,True,361,34,True,6,0,True,6,True,162,True,False,False,False,,La Liga,A,available_verified,available_verified,available_verified,available_verified,available_verified,available_verified,available_verified,available_verified,available_verified,available_verified,available_verified,available_verified,available_verified,available_verified
club,La Liga,2014/2015,70273,,2014-09-13,Barcelona,Athletic Club,,True,aux_event_object_read,4096,True,93.083,False,True,4,4,19,19,available_verified,True,True,True,True,314,36,True,2,0,True,6,True,138,True,False,False,False,,La Liga,A,available_verified,available_verified,available_verified,available_verified,available_verified,available_verified,available_verified,available_verified,available_verified,available_verified,available_verified,available_verified,available_verified,available_verified
club,La Liga,2015/2016,3825729,,2016-01-10,Villarreal,Sporting Gijón,,True,aux_event_object_read,3686,True,93.017,False,True,4,4,19,19,available_verified,True,True,True,True,314,37,True,6,0,True,6,True,134,True,False,False,False,,La Liga,A,available_verified,available_verified,available_verified,available_verified,available_verified,available_verified,available_verified,available_verified,available_verified,available_verified,available_verified,available_verified,available_verified,available_verified
club,La Liga,2016/2017,267569,,2017-04-23,Real Madrid,Barcelona,,True,aux_event_object_read,3667,True,92.85,False,True,4,4,38,38,available_verified,True,True,True,True,318,36,True,5,1,True,4,True,160,True,False,False,False,,La Liga,A,available_verified,available_verified,available_verified,available_verified,available_verified,available_verified,available_verified,available_verified,available_verified,available_verified,available_verified,available_verified,available_verified,available_verified
club,La Liga,2017/2018,9754,,2018-01-14,Real Sociedad,Barcelona,,True,aux_event_object_read,3690,True,93.133,False,True,4,4,24,24,available_verified,True,True,True,True,474,43,True,4,0,True,6,True,122,True,False,False,False,,La Liga,A,available_verified,available_verified,available_verified,available_verified,available_verified,available_verified,available_verified,available_verified,available_verified,available_verified,available_verified,available_verified,available_verified,available_verified
club,La Liga,2018/2019,16196,,2019-03-02,Real Madrid,Barcelona,,True,aux_event_object_read,3978,True,94.6,False,True,4,4,28,28,available_verified,True,True,True,True,385,44,True,5,0,True,6,True,180,True,False,False,False,,La Liga,A,available_verified,available_verified,available_verified,available_verified,available_verified,available_verified,available_verified,available_verified,available_verified,available_verified,available_verified,available_verified,available_verified,available_verified
club,La Liga,2019/2020,303516,,2020-06-27,Celta Vigo,Barcelona,,True,aux_event_object_read,3631,True,95.333,False,True,4,4,28,28,available_verified,True,True,True,True,369,39,True,7,0,True,9,True,146,True,False,False,False,,La Liga,A,available_verified,available_verified,available_verified,available_verified,available_verified,available_verified,available_verified,available_verified,available_verified,available_verified,available_verified,available_verified,available_verified,available_verified
club,La Liga,2020/2021,3773587,,2020-10-17,Getafe,Barcelona,,True,aux_event_object_read,3216,True,97.217,False,True,4,4,16,16,available_verified,True,True,True,True,223,40,True,7,0,True,8,True,111,True,False,False,False,,La Liga,A,available_verified,available_verified,available_verified,available_verified,available_verified,available_verified,available_verified,available_verified,available_verified,available_verified,available_verified,available_verified,available_partial,available_verified
club,Ligue 1,2015/2016,3900523,,2015-11-28,Stade de Reims,Rennes,,True,aux_event_object_read,3578,True,94.05,False,True,4,4,23,23,available_verified,True,True,True,True,404,36,True,8,1,True,6,True,116,True,False,False,False,,Ligue 1,A,available_verified,available_verified,available_verified,available_verified,available_verified,available_verified,available_verified,available_verified,available_verified,available_verified,available_verified,available_verified,available_verified,available_verified
club,Ligue 1,2021/2022,3802685,,2021-12-04,Lens,Paris Saint-Germain,,True,aux_event_object_read,3961,True,94.683,False,True,4,4,31,31,available_verified,True,True,True,True,282,34,True,4,0,True,7,True,163,True,False,False,False,,Ligue 1,A,available_verified,available_verified,available_verified,available_verified,available_verified,available_verified,available_verified,available_verified,available_verified,available_verified,available_verified,available_verified,available_verified,available_verified
club,Ligue 1,2022/2023,3837928,,2023-04-02,Paris Saint-Germain,Lyon,,True,aux_event_object_read,4623,True,94.567,False,True,4,4,26,26,available_verified,True,True,True,True,572,37,True,6,0,True,9,True,151,True,False,False,False,,Ligue 1,A,available_verified,available_verified,available_verified,available_verified,available_verified,available_verified,available_verified,available_verified,available_verified,available_verified,available_verified,available_verified,available_verified,available_verified
club,Premier League,2003/2004,3749310,,2003-12-29,Southampton,Arsenal,,True,aux_event_object_read,3426,True,92.583,False,True,4,4,22,22,available_verified,True,True,True,True,268,34,True,1,0,True,6,True,120,True,False,False,False,,Premier League,A,available_verified,available_verified,available_verified,available_verified,available_verified,available_verified,available_verified,available_verified,available_verified,available_verified,available_verified,available_verified,available_verified,available_verified
club,Premier League,2015/2016,3754211,,2015-11-21,Newcastle United,Leicester City,,True,aux_event_object_read,3321,True,93.117,False,True,4,4,27,27,available_verified,True,True,True,True,297,35,True,5,0,True,6,True,150,True,False,False,False,,Premier League,A,available_verified,available_verified,available_verified,available_verified,available_verified,available_verified,available_verified,available_verified,available_verified,available_verified,available_verified,available_verified,available_verified,available_verified
club,Serie A,2015/2016,3879698,,2016-01-23,Empoli,AC Milan,,True,aux_event_object_read,3787,True,94.067,False,True,4,4,26,26,available_verified,True,True,True,True,405,40,True,6,0,True,6,True,123,True,False,False,False,,Serie A,A,available_verified,available_verified,available_verified,available_verified,available_verified,available_verified,available_verified,available_verified,available_verified,available_verified,available_verified,available_verified,available_verified,available_verified
club,1. Bundesliga,2015/2016,3890382,,2015-11-29,Bayer Leverkusen,Schalke 04,,True,aux_event_object_read,3679,True,91.883,False,True,4,4,27,27,available_verified,True,True,True,True,443,38,True,3,0,True,6,True,143,True,False,False,False,,1. Bundesliga,A,available_verified,available_verified,available_verified,available_verified,available_verified,available_verified,available_verified,available_verified,available_verified,available_verified,available_verified,available_verified,available_verified,available_verified
club,1. Bundesliga,2023/2024,3895139,,2023-11-12,Bayer Leverkusen,Union Berlin,,True,aux_event_object_read,4368,True,91.983,False,True,4,4,20,20,available_verified,True,True,True,True,381,26,True,1,0,True,10,True,116,True,False,False,False,,1. Bundesliga,A,available_verified,available_verified,available_verified,available_verified,available_verified,available_verified,available_verified,available_verified,available_verified,available_verified,available_verified,available_verified,available_verified,available_verified
club,Indian Super league,2021/2022,3817890,,2022-01-14,Goa,NorthEast United,,True,aux_event_object_read,2798,True,95.533,False,True,4,4,36,36,available_verified,True,True,True,True,256,38,True,4,0,True,6,True,168,True,False,False,False,,Indian Super league,A,available_verified,available_verified,available_verified,available_verified,available_verified,available_verified,available_verified,available_verified,available_verified,available_verified,available_verified,available_verified,available_verified,available_verified
club,La Liga,2005/2006,68348,,2006-01-07,Espanyol,Barcelona,,True,aux_event_object_read,2770,True,94.75,False,True,4,4,28,28,available_verified,True,True,True,True,197,61,True,9,0,True,5,True,123,True,False,False,False,,La Liga,A,available_verified,available_verified,available_verified,available_verified,available_verified,available_verified,available_verified,available_verified,available_verified,available_verified,available_verified,available_verified,available_verified,available_verified
club,La Liga,2006/2007,69179,,2007-04-07,Real Zaragoza,Barcelona,,True,aux_event_object_read,3867,True,92.9,False,True,4,4,22,22,available_verified,True,True,True,True,456,55,True,10,0,True,6,True,132,True,False,False,False,,La Liga,A,available_verified,available_verified,available_verified,available_verified,available_verified,available_verified,available_verified,available_verified,available_verified,available_verified,available_verified,available_verified,available_verified,available_verified
club,La Liga,2007/2008,69158,,2007-10-28,Barcelona,Almería,,True,aux_event_object_read,3475,True,93.717,False,True,4,4,24,24,available_verified,True,True,True,True,290,41,True,5,0,True,6,True,137,True,False,False,False,,La Liga,A,available_verified,available_verified,available_verified,available_verified,available_verified,available_verified,available_verified,available_verified,available_verified,available_verified,available_verified,available_verified,available_partial,available_verified
club,La Liga,2008/2009,69177,,2009-03-15,Almería,Barcelona,,True,aux_event_object_read,3659,True,91.983,False,True,4,4,22,22,available_verified,True,True,True,True,230,33,True,3,0,True,6,True,147,True,False,False,False,,La Liga,A,available_verified,available_verified,available_verified,available_verified,available_verified,available_verified,available_verified,available_verified,available_verified,available_verified,available_verified,available_verified,available_verified,available_verified
club,La Liga,2009/2010,69267,,2009-12-02,Xerez,Barcelona,,True,aux_event_object_read,3372,True,93.367,False,True,4,4,19,19,available_verified,True,True,True,True,301,56,True,1,0,True,5,True,113,True,False,False,False,,La Liga,A,available_verified,available_verified,available_verified,available_verified,available_verified,available_verified,available_verified,available_verified,available_verified,available_verified,available_verified,available_verified,available_verified,available_verified
club,La Liga,2010/2011,69248,,2011-02-12,Sporting Gijón,Barcelona,,True,aux_event_object_read,3748,True,95.25,False,True,4,4,22,22,available_verified,True,True,True,True,284,44,True,10,0,True,6,True,137,True,False,False,False,,La Liga,A,available_verified,available_verified,available_verified,available_verified,available_verified,available_verified,available_verified,available_verified,available_verified,available_verified,available_verified,available_verified,available_verified,available_verified
club,La Liga,2011/2012,70224,,2012-04-29,Rayo Vallecano,Barcelona,,True,aux_event_object_read,3512,True,91.767,False,True,4,4,28,28,available_verified,True,True,True,True,334,45,True,5,0,True,6,True,157,True,False,False,False,,La Liga,A,available_verified,available_verified,available_verified,available_verified,available_verified,available_verified,available_verified,available_verified,available_verified,available_verified,available_verified,available_verified,available_verified,available_verified
club,La Liga,2012/2013,70296,,2012-12-16,Barcelona,Atlético Madrid,,True,aux_event_object_read,4181,True,91.867,False,True,4,4,17,17,available_verified,True,True,True,True,286,48,True,2,0,True,6,True,119,True,False,False,False,,La Liga,A,available_verified,available_verified,available_verified,available_verified,available_verified,available_verified,available_verified,available_verified,available_verified,available_verified,available_verified,available_verified,available_verified,available_verified
club,La Liga,2013/2014,267520,,2013-09-24,Barcelona,Real Sociedad,,True,aux_event_object_read,4222,True,92.033,False,True,4,4,33,33,available_verified,True,True,True,True,349,27,True,1,0,True,6,True,159,True,False,False,False,,La Liga,A,available_verified,available_verified,available_verified,available_verified,available_verified,available_verified,available_verified,available_verified,available_verified,available_verified,available_verified,available_verified,available_verified,available_verified
club,La Liga,2014/2015,267301,,2014-11-01,Barcelona,Celta Vigo,,True,aux_event_object_read,3588,True,92.767,False,True,4,4,29,29,available_verified,True,True,True,True,356,53,True,3,0,True,5,True,168,True,False,False,False,,La Liga,A,available_verified,available_verified,available_verified,available_verified,available_verified,available_verified,available_verified,available_verified,available_verified,available_verified,available_verified,available_verified,available_verified,available_verified
club,La Liga,2015/2016,3825769,,2016-02-13,Villarreal,Málaga,,True,aux_event_object_read,3486,True,94.983,False,True,4,4,19,19,available_verified,True,True,True,True,304,39,True,3,0,True,6,True,116,True,False,False,False,,La Liga,A,available_verified,available_verified,available_verified,available_verified,available_verified,available_verified,available_verified,available_verified,available_verified,available_verified,available_verified,available_verified,available_verified,available_verified
club,La Liga,2016/2017,266477,,2017-01-08,Villarreal,Barcelona,,True,aux_event_object_read,3804,True,94.55,False,True,4,4,25,25,available_verified,True,True,True,True,370,38,True,4,1,True,5,True,168,True,False,False,False,,La Liga,A,available_verified,available_verified,available_verified,available_verified,available_verified,available_verified,available_verified,available_verified,available_verified,available_verified,available_verified,available_verified,available_verified,available_verified
club,La Liga,2017/2018,9742,,2018-01-07,Barcelona,Levante UD,,True,aux_event_object_read,3723,True,93.967,False,True,4,4,25,25,available_verified,True,True,True,True,362,45,True,4,0,True,6,True,145,True,False,False,False,,La Liga,A,available_verified,available_verified,available_verified,available_verified,available_verified,available_verified,available_verified,available_verified,available_verified,available_verified,available_verified,available_verified,available_verified,available_verified
club,La Liga,2018/2019,16073,,2018-11-24,Atlético Madrid,Barcelona,,True,aux_event_object_read,4096,True,94.033,False,True,4,4,10,10,available_verified,True,True,True,True,416,38,True,8,0,True,5,True,105,True,False,False,False,,La Liga,A,available_verified,available_verified,available_verified,available_verified,available_verified,available_verified,available_verified,available_verified,available_verified,available_verified,available_verified,available_verified,available_verified,available_verified
club,Ligue 1,2015/2016,3901167,,2016-03-05,Bastia,Lorient,,True,aux_event_object_read,3591,True,93.133,False,True,4,4,27,27,available_verified,True,True,True,True,426,42,True,7,0,True,4,True,111,True,False,False,False,,Ligue 1,A,available_verified,available_verified,available_verified,available_verified,available_verified,available_verified,available_verified,available_verified,available_verified,available_verified,available_verified,available_verified,available_verified,available_verified
club,Ligue 1,2021/2022,3802795,,2022-02-11,Paris Saint-Germain,Rennes,,True,aux_event_object_read,4024,True,96.083,False,True,4,4,25,25,available_verified,True,True,True,True,325,36,True,3,0,True,9,True,122,True,False,False,False,,Ligue 1,A,available_verified,available_verified,available_verified,available_verified,available_verified,available_verified,available_verified,available_verified,available_verified,available_verified,available_verified,available_verified,available_verified,available_verified
club,Ligue 1,2022/2023,3837771,,2022-10-29,Paris Saint-Germain,Troyes,,True,aux_event_object_read,3889,True,93.0,False,True,4,4,36,36,available_verified,True,True,True,True,296,34,True,3,0,True,10,True,178,True,False,False,False,,Ligue 1,A,available_verified,available_verified,available_verified,available_verified,available_verified,available_verified,available_verified,available_verified,available_verified,available_verified,available_verified,available_verified,available_partial,available_verified
club,Premier League,2003/2004,3749117,,2004-01-07,Everton,Arsenal,,True,aux_event_object_read,3125,True,93.2,False,True,4,4,23,23,available_verified,True,True,True,True,226,46,True,3,0,True,6,True,138,True,False,False,False,,Premier League,A,available_verified,available_verified,available_verified,available_verified,available_verified,available_verified,available_verified,available_verified,available_verified,available_verified,available_verified,available_verified,available_verified,available_verified
club,Premier League,2015/2016,3754251,,2016-01-02,West Ham United,Liverpool,,True,aux_event_object_read,3345,True,93.083,False,True,4,4,40,40,available_verified,True,True,True,True,362,34,True,2,0,True,6,True,160,True,False,False,False,,Premier League,A,available_verified,available_verified,available_verified,available_verified,available_verified,available_verified,available_verified,available_verified,available_verified,available_verified,available_verified,available_verified,available_verified,available_verified
club,Serie A,2015/2016,3878544,,2015-08-23,Palermo,Genoa,,True,aux_event_object_read,3484,True,93.117,False,True,4,4,29,29,available_verified,True,True,True,True,332,41,True,2,0,True,6,True,157,True,False,False,False,,Serie A,A,available_verified,available_verified,available_verified,available_verified,available_verified,available_verified,available_verified,available_verified,available_verified,available_verified,available_verified,available_verified,available_verified,available_verified
club,1. Bundesliga,2015/2016,3890337,,2015-10-17,Hamburger SV,Bayer Leverkusen,,True,aux_event_object_read,3336,True,93.117,False,True,4,4,18,18,available_verified,True,True,True,True,416,53,True,8,0,True,6,True,102,True,False,False,False,,1. Bundesliga,A,available_verified,available_verified,available_verified,available_verified,available_verified,available_verified,available_verified,available_verified,available_verified,available_verified,available_verified,available_verified,available_verified,available_verified
club,1. Bundesliga,2023/2024,3895107,,2023-10-08,Bayer Leverkusen,FC Köln,,True,aux_event_object_read,4249,True,93.1,False,True,4,4,30,30,available_verified,True,True,True,True,378,32,True,3,0,True,10,True,140,True,False,False,False,,1. Bundesliga,A,available_verified,available_verified,available_verified,available_verified,available_verified,available_verified,available_verified,available_verified,available_verified,available_verified,available_verified,available_verified,available_verified,available_verified
club,Indian Super league,2021/2022,3817866,,2022-03-02,Kerala Blasters,Mumbai City,,True,aux_event_object_read,2648,True,96.1,False,True,4,4,30,30,available_verified,True,True,True,True,249,43,True,4,0,True,6,True,156,True,False,False,False,,Indian Super league,A,available_verified,available_verified,available_verified,available_verified,available_verified,available_verified,available_verified,available_verified,available_verified,available_verified,available_verified,available_verified,available_partial,available_verified
club,Ligue 1,2015/2016,3901146,,2016-02-20,Paris Saint-Germain,Stade de Reims,,True,aux_event_object_read,4359,True,93.05,False,True,4,4,25,25,available_verified,True,True,True,True,456,41,True,2,0,True,6,True,123,True,False,False,False,,Ligue 1,A,available_verified,available_verified,available_verified,available_verified,available_verified,available_verified,available_verified,available_verified,available_verified,available_verified,available_verified,available_verified,available_verified,available_verified
club,Ligue 1,2021/2022,3802930,,2022-05-08,Paris Saint-Germain,Troyes,,True,aux_event_object_read,3703,True,94.15,False,True,4,4,27,27,available_verified,True,True,True,True,281,42,True,3,0,True,6,True,111,True,False,False,False,,Ligue 1,A,available_verified,available_verified,available_verified,available_verified,available_verified,available_verified,available_verified,available_verified,available_verified,available_verified,available_verified,available_verified,available_partial,available_verified
club,Ligue 1,2022/2023,3838004,,2023-05-27,Strasbourg,Paris Saint-Germain,,True,aux_event_object_read,4078,True,91.7,False,True,4,4,24,24,available_verified,True,True,True,True,387,25,True,3,0,True,3,True,99,True,False,False,False,,Ligue 1,A,available_verified,available_verified,available_verified,available_verified,available_verified,available_verified,available_verified,available_verified,available_verified,available_verified,available_verified,available_verified,available_verified,available_verified
club,Premier League,2003/2004,3749358,,2003-08-24,Middlesbrough,Arsenal,,True,aux_event_object_read,3900,True,92.017,False,True,4,4,23,23,available_verified,True,True,True,True,301,33,True,1,0,True,5,True,110,True,False,False,False,,Premier League,A,available_verified,available_verified,available_verified,available_verified,available_verified,available_verified,available_verified,available_verified,available_verified,available_verified,available_verified,available_verified,available_verified,available_verified
club,Premier League,2015/2016,3754264,,2016-02-13,Chelsea,Newcastle United,,True,aux_event_object_read,4084,True,94.183,False,True,4,4,24,24,available_verified,True,True,True,True,431,41,True,2,0,True,6,True,144,True,False,False,False,,Premier League,A,available_verified,available_verified,available_verified,available_verified,available_verified,available_verified,available_verified,available_verified,available_verified,available_verified,available_verified,available_verified,available_verified,available_verified
club,Serie A,2015/2016,3879720,,2016-02-03,Lazio,Napoli,,True,aux_event_object_read,4110,True,95.45,False,True,4,4,19,19,available_verified,True,True,True,True,386,42,True,6,0,True,6,True,114,True,False,False,False,,Serie A,A,available_verified,available_verified,available_verified,available_verified,available_verified,available_verified,available_verified,available_verified,available_verified,available_verified,available_verified,available_verified,available_verified,available_verified
club,1. Bundesliga,2015/2016,3890315,,2015-09-26,Werder Bremen,Bayer Leverkusen,,True,aux_event_object_read,3368,True,90.35,False,True,4,4,25,25,available_verified,True,True,True,True,348,45,True,3,0,True,6,True,134,True,False,False,False,,1. Bundesliga,A,available_verified,available_verified,available_verified,available_verified,available_verified,available_verified,available_verified,available_verified,available_verified,available_verified,available_verified,available_verified,available_verified,available_verified
club,1. Bundesliga,2023/2024,3895134,,2023-11-04,Hoffenheim,Bayer Leverkusen,,True,aux_event_object_read,3881,True,95.483,False,True,4,4,22,22,available_verified,True,True,True,True,373,25,True,5,0,True,8,True,133,True,False,False,False,,1. Bundesliga,A,available_verified,available_verified,available_verified,available_verified,available_verified,available_verified,available_verified,available_verified,available_verified,available_verified,available_verified,available_verified,available_verified,available_verified
club,Indian Super league,2021/2022,3813288,,2021-12-02,Jamshedpur,SC Delhi,,True,aux_event_object_read,2285,True,93.2,False,True,4,4,18,18,available_verified,True,True,True,True,184,44,True,3,0,True,8,True,103,True,False,False,False,,Indian Super league,A,available_verified,available_verified,available_verified,available_verified,available_verified,available_verified,available_verified,available_verified,available_verified,available_verified,available_verified,available_verified,available_verified,available_verified
club,Ligue 1,2015/2016,3829430,,2015-08-16,Stade de Reims,Olympique de Marseille,,True,aux_event_object_read,3533,True,95.033,False,True,4,4,30,30,available_verified,True,True,True,True,387,42,True,5,1,True,6,True,141,True,False,False,False,,Ligue 1,A,available_verified,available_verified,available_verified,available_verified,available_verified,available_verified,available_verified,available_verified,available_verified,available_verified,available_verified,available_verified,available_verified,available_verified
club,Ligue 1,2021/2022,3802683,,2021-12-12,Paris Saint-Germain,AS Monaco,,True,aux_event_object_read,3838,True,92.983,False,True,4,4,22,22,available_verified,True,True,True,True,287,34,True,7,0,True,9,True,133,True,False,False,False,,Ligue 1,A,available_verified,available_verified,available_verified,available_verified,available_verified,available_verified,available_verified,available_verified,available_verified,available_verified,available_verified,available_verified,available_partial,available_verified
club,Ligue 1,2022/2023,3837659,,2022-08-13,Paris Saint-Germain,Montpellier,,True,aux_event_object_read,3870,True,92.0,False,True,4,4,27,27,available_verified,True,True,True,True,263,41,True,3,0,True,10,True,152,True,False,False,False,,Ligue 1,A,available_verified,available_verified,available_verified,available_verified,available_verified,available_verified,available_verified,available_verified,available_verified,available_verified,available_verified,available_verified,available_partial,available_verified
club,Premier League,2003/2004,3749590,,2003-12-06,Leicester City,Arsenal,,True,aux_event_object_read,3237,True,93.583,False,True,4,4,19,19,available_verified,True,True,True,True,287,41,True,2,1,True,6,True,122,True,False,False,False,,Premier League,A,available_verified,available_verified,available_verified,available_verified,available_verified,available_verified,available_verified,available_verified,available_verified,available_verified,available_verified,available_verified,available_verified,available_verified
club,Premier League,2015/2016,3754220,,2016-03-06,Crystal Palace,Liverpool,,True,aux_event_object_read,3580,True,96.317,False,True,4,4,33,33,available_verified,True,True,True,True,360,43,True,4,1,True,6,True,163,True,False,False,False,,Premier League,A,available_verified,available_verified,available_verified,available_verified,available_verified,available_verified,available_verified,available_verified,available_verified,available_verified,available_verified,available_verified,available_partial,available_verified
club,Serie A,2015/2016,3879854,,2016-05-01,Sassuolo,Hellas Verona,,True,aux_event_object_read,3633,True,93.783,False,True,4,4,22,22,available_verified,True,True,True,True,382,49,True,1,0,True,6,True,129,True,False,False,False,,Serie A,A,available_verified,available_verified,available_verified,available_verified,available_verified,available_verified,available_verified,available_verified,available_verified,available_verified,available_verified,available_verified,available_verified,available_verified
club,1. Bundesliga,2015/2016,3890519,,2016-04-10,FC Köln,Bayer Leverkusen,,True,aux_event_object_read,3646,True,97.567,False,True,4,4,29,29,available_verified,True,True,True,True,269,39,True,4,2,True,6,True,134,True,False,False,False,,1. Bundesliga,A,available_verified,available_verified,available_verified,available_verified,available_verified,available_verified,available_verified,available_verified,available_verified,available_verified,available_verified,available_verified,available_verified,available_verified
club,1. Bundesliga,2023/2024,3895348,,2024-05-18,Bayer Leverkusen,Augsburg,,True,aux_event_object_read,4133,True,93.417,False,True,4,4,30,30,available_verified,True,True,True,True,285,27,True,1,0,True,10,True,164,True,False,False,False,,1. Bundesliga,A,available_verified,available_verified,available_verified,available_verified,available_verified,available_verified,available_verified,available_verified,available_verified,available_verified,available_verified,available_verified,available_verified,available_verified
club,Indian Super league,2021/2022,3817860,,2022-01-27,Odisha,SC Delhi,,True,aux_event_object_read,3169,True,95.883,False,True,4,4,26,26,available_verified,True,True,True,True,351,36,True,4,0,True,8,True,140,True,False,False,False,,Indian Super league,A,available_verified,available_verified,available_verified,available_verified,available_verified,available_verified,available_verified,available_verified,available_verified,available_verified,available_verified,available_verified,available_verified,available_verified
club,Ligue 1,2015/2016,3900548,,2015-12-06,Bordeaux,Guingamp,,True,aux_event_object_read,3452,True,96.017,False,True,4,4,23,23,available_verified,True,True,True,True,313,40,True,3,0,True,6,True,120,True,False,False,False,,Ligue 1,A,available_verified,available_verified,available_verified,available_verified,available_verified,available_verified,available_verified,available_verified,available_verified,available_verified,available_verified,available_verified,available_verified,available_verified
club,Ligue 1,2021/2022,3802837,,2021-11-28,Saint-Étienne,Paris Saint-Germain,,True,aux_event_object_read,3748,True,93.983,False,True,4,4,23,23,available_verified,True,True,True,True,333,33,True,4,1,True,7,True,140,True,False,False,False,,Ligue 1,A,available_verified,available_verified,available_verified,available_verified,available_verified,available_verified,available_verified,available_verified,available_verified,available_verified,available_verified,available_verified,available_verified,available_verified
club,Ligue 1,2022/2023,3837662,,2022-08-21,Lille,Paris Saint-Germain,,True,aux_event_object_read,3991,True,90.067,False,True,4,4,32,32,available_verified,True,True,True,True,273,34,True,3,0,True,9,True,149,True,False,False,False,,Ligue 1,A,available_verified,available_verified,available_verified,available_verified,available_verified,available_verified,available_verified,available_verified,available_verified,available_verified,available_verified,available_verified,available_verified,available_verified
club,Premier League,2003/2004,3749528,,2003-09-26,Arsenal,Newcastle United,,True,aux_event_object_read,3237,True,93.483,False,True,4,4,23,23,available_verified,True,True,True,True,234,48,True,1,0,True,6,True,114,True,False,False,False,,Premier League,A,available_verified,available_verified,available_verified,available_verified,available_verified,available_verified,available_verified,available_verified,available_verified,available_verified,available_verified,available_verified,available_partial,available_verified
club,Premier League,2015/2016,3754170,,2016-04-30,Newcastle United,Crystal Palace,,True,aux_event_object_read,3297,True,95.3,False,True,4,4,19,19,available_verified,True,True,True,True,328,34,True,2,0,True,6,True,133,True,False,False,False,,Premier League,A,available_verified,available_verified,available_verified,available_verified,available_verified,available_verified,available_verified,available_verified,available_verified,available_verified,available_verified,available_verified,available_verified,available_verified
club,Serie A,2015/2016,3879688,,2016-01-16,Atalanta,Inter Milan,,True,aux_event_object_read,3382,True,94.117,False,True,4,4,31,31,available_verified,True,True,True,True,310,53,True,9,0,True,6,True,161,True,False,False,False,,Serie A,A,available_verified,available_verified,available_verified,available_verified,available_verified,available_verified,available_verified,available_verified,available_verified,available_verified,available_verified,available_verified,available_verified,available_verified
club,1. Bundesliga,2015/2016,3890390,,2015-12-05,Hertha Berlin,Bayer Leverkusen,,True,aux_event_object_read,4030,True,93.2,False,True,4,4,17,17,available_verified,True,True,True,True,427,44,True,4,1,True,6,True,125,True,False,False,False,,1. Bundesliga,A,available_verified,available_verified,available_verified,available_verified,available_verified,available_verified,available_verified,available_verified,available_verified,available_verified,available_verified,available_verified,available_verified,available_verified
club,1. Bundesliga,2023/2024,3895095,,2023-09-30,FSV Mainz 05,Bayer Leverkusen,,True,aux_event_object_read,4035,True,94.25,False,True,4,4,16,16,available_verified,True,True,True,True,358,28,True,5,0,True,10,True,115,True,False,False,False,,1. Bundesliga,A,available_verified,available_verified,available_verified,available_verified,available_verified,available_verified,available_verified,available_verified,available_verified,available_verified,available_verified,available_verified,available_verified,available_verified
club,Indian Super league,2021/2022,3817851,,2022-01-12,Odisha,Kerala Blasters,,True,aux_event_object_read,3431,True,95.467,False,True,4,4,26,26,available_verified,True,True,True,True,310,37,True,5,0,True,8,True,133,True,False,False,False,,Indian Super league,A,available_verified,available_verified,available_verified,available_verified,available_verified,available_verified,available_verified,available_verified,available_verified,available_verified,available_verified,available_verified,available_verified,available_verified
club,Ligue 1,2015/2016,3829431,,2015-08-16,Lorient,Bastia,,True,aux_event_object_read,3595,True,96.017,False,True,4,4,19,19,available_verified,True,True,True,True,317,36,True,5,0,True,6,True,128,True,False,False,False,,Ligue 1,A,available_verified,available_verified,available_verified,available_verified,available_verified,available_verified,available_verified,available_verified,available_verified,available_verified,available_verified,available_verified,available_partial,available_verified
club,Ligue 1,2021/2022,3802818,,2022-04-03,Paris Saint-Germain,Lorient,,True,aux_event_object_read,4005,True,93.183,False,True,4,4,26,26,available_verified,True,True,True,True,347,26,True,3,0,True,8,True,123,True,False,False,False,,Ligue 1,A,available_verified,available_verified,available_verified,available_verified,available_verified,available_verified,available_verified,available_verified,available_verified,available_verified,available_verified,available_verified,available_verified,available_verified
club,Ligue 1,2022/2023,3837727,,2022-10-01,Paris Saint-Germain,OGC Nice,,True,aux_event_object_read,4253,True,94.083,False,True,4,4,16,16,available_verified,True,True,True,True,338,31,True,2,0,True,10,True,107,True,False,False,False,,Ligue 1,A,available_verified,available_verified,available_verified,available_verified,available_verified,available_verified,available_verified,available_verified,available_verified,available_verified,available_verified,available_verified,available_verified,available_verified
club,Premier League,2003/2004,3749403,,2004-03-20,Arsenal,Bolton Wanderers,,True,aux_event_object_read,3424,True,92.067,False,True,4,4,23,23,available_verified,True,True,True,True,350,39,True,3,0,True,3,True,138,True,False,False,False,,Premier League,A,available_verified,available_verified,available_verified,available_verified,available_verified,available_verified,available_verified,available_verified,available_verified,available_verified,available_verified,available_verified,available_verified,available_verified
club,Premier League,2015/2016,3754139,,2016-02-13,Swansea City,Southampton,,True,aux_event_object_read,3332,True,93.667,False,True,4,4,28,28,available_verified,True,True,True,True,203,33,True,3,0,True,6,True,131,True,False,False,False,,Premier League,A,available_verified,available_verified,available_verified,available_verified,available_verified,available_verified,available_verified,available_verified,available_verified,available_verified,available_verified,available_verified,available_verified,available_verified
club,Serie A,2015/2016,3879641,,2015-12-06,Hellas Verona,Empoli,,True,aux_event_object_read,3661,True,95.083,False,True,4,4,30,30,available_verified,True,True,True,True,402,43,True,5,0,True,6,True,156,True,False,False,False,,Serie A,A,available_verified,available_verified,available_verified,available_verified,available_verified,available_verified,available_verified,available_verified,available_verified,available_verified,available_verified,available_verified,available_verified,available_verified
club,1. Bundesliga,2015/2016,3890534,,2016-04-23,Schalke 04,Bayer Leverkusen,,True,aux_event_object_read,3729,True,94.117,False,True,4,4,37,37,available_verified,True,True,True,True,394,47,True,6,0,True,6,True,145,True,False,False,False,,1. Bundesliga,A,available_verified,available_verified,available_verified,available_verified,available_verified,available_verified,available_verified,available_verified,available_verified,available_verified,available_verified,available_verified,available_partial,available_verified
club,1. Bundesliga,2023/2024,3895113,,2023-10-21,Wolfsburg,Bayer Leverkusen,,True,aux_event_object_read,4018,True,94.217,False,True,4,4,31,31,available_verified,True,True,True,True,342,38,True,8,0,True,8,True,131,True,False,False,False,,1. Bundesliga,A,available_verified,available_verified,available_verified,available_verified,available_verified,available_verified,available_verified,available_verified,available_verified,available_verified,available_verified,available_verified,available_verified,available_verified
club,Indian Super league,2021/2022,3813276,,2021-12-17,NorthEast United,East Bengal,,True,aux_event_object_read,2977,True,95.65,False,True,4,4,27,27,available_verified,True,True,True,True,287,41,True,4,1,True,7,True,120,True,False,False,False,,Indian Super league,A,available_verified,available_verified,available_verified,available_verified,available_verified,available_verified,available_verified,available_verified,available_verified,available_verified,available_verified,available_verified,available_verified,available_verified
club,Ligue 1,2015/2016,3900560,,2015-12-18,OGC Nice,Montpellier,,True,aux_event_object_read,3710,True,93.017,False,True,4,4,20,20,available_verified,True,True,True,True,432,51,True,4,0,True,6,True,130,True,False,False,False,,Ligue 1,A,available_verified,available_verified,available_verified,available_verified,available_verified,available_verified,available_verified,available_verified,available_verified,available_verified,available_verified,available_verified,available_verified,available_verified
club,Ligue 1,2021/2022,3802643,,2022-04-29,Strasbourg,Paris Saint-Germain,,True,aux_event_object_read,4009,True,95.683,False,True,4,4,28,28,available_verified,True,True,True,True,365,29,True,6,0,True,8,True,139,True,False,False,False,,Ligue 1,A,available_verified,available_verified,available_verified,available_verified,available_verified,available_verified,available_verified,available_verified,available_verified,available_verified,available_verified,available_verified,available_verified,available_verified
club,Ligue 1,2022/2023,3837752,,2022-10-21,AC Ajaccio,Paris Saint-Germain,,True,aux_event_object_read,3817,True,92.967,False,True,4,4,19,19,available_verified,True,True,True,True,255,42,True,1,0,True,10,True,147,True,False,False,False,,Ligue 1,A,available_verified,available_verified,available_verified,available_verified,available_verified,available_verified,available_verified,available_verified,available_verified,available_verified,available_verified,available_verified,available_verified,available_verified
club,Premier League,2003/2004,3749603,,2004-05-09,Fulham,Arsenal,,True,aux_event_object_read,3616,True,93.567,False,True,4,4,26,26,available_verified,True,True,True,True,301,46,True,4,0,True,5,True,142,True,False,False,False,,Premier League,A,available_verified,available_verified,available_verified,available_verified,available_verified,available_verified,available_verified,available_verified,available_verified,available_verified,available_verified,available_verified,available_verified,available_verified
club,Premier League,2015/2016,3754213,,2015-09-12,Watford,Swansea City,,True,aux_event_object_read,3310,True,97.55,False,True,4,4,25,25,available_verified,True,True,True,True,246,35,True,2,1,True,6,True,112,True,False,False,False,,Premier League,A,available_verified,available_verified,available_verified,available_verified,available_verified,available_verified,available_verified,available_verified,available_verified,available_verified,available_verified,available_verified,available_verified,available_verified
club,Serie A,2015/2016,3879745,,2016-02-14,Palermo,Torino,,True,aux_event_object_read,3378,True,92.917,False,True,4,4,38,38,available_verified,True,True,True,True,351,49,True,2,0,True,6,True,168,True,False,False,False,,Serie A,A,available_verified,available_verified,available_verified,available_verified,available_verified,available_verified,available_verified,available_verified,available_verified,available_verified,available_verified,available_verified,available_partial,available_verified
club,1. Bundesliga,2015/2016,3890415,,2016-01-23,Hoffenheim,Bayer Leverkusen,,True,aux_event_object_read,3482,True,93.15,False,True,4,4,22,22,available_verified,True,True,True,True,352,46,True,4,0,True,6,True,147,True,False,False,False,,1. Bundesliga,A,available_verified,available_verified,available_verified,available_verified,available_verified,available_verified,available_verified,available_verified,available_verified,available_verified,available_verified,available_verified,available_verified,available_verified
club,1. Bundesliga,2023/2024,3895309,,2024-04-21,Borussia Dortmund,Bayer Leverkusen,,True,aux_event_object_read,3890,True,98.8,False,True,4,4,21,21,available_verified,True,True,True,True,359,34,True,7,0,True,8,True,126,True,False,False,False,,1. Bundesliga,A,available_verified,available_verified,available_verified,available_verified,available_verified,available_verified,available_verified,available_verified,available_verified,available_verified,available_verified,available_verified,available_verified,available_verified
club,Indian Super league,2021/2022,3817897,,2022-02-23,SC Delhi,Kerala Blasters,,True,aux_event_object_read,3027,True,96.617,False,True,4,4,27,27,available_verified,True,True,True,True,322,49,True,4,0,True,8,True,120,True,False,False,False,,Indian Super league,A,available_verified,available_verified,available_verified,available_verified,available_verified,available_verified,available_verified,available_verified,available_verified,available_verified,available_verified,available_verified,available_verified,available_verified
club,Ligue 1,2015/2016,3829454,,2015-09-12,Lyon,Lille,,True,aux_event_object_read,3203,True,94.083,False,True,4,4,23,23,available_verified,True,True,True,True,376,41,True,5,0,True,6,True,118,True,False,False,False,,Ligue 1,A,available_verified,available_verified,available_verified,available_verified,available_verified,available_verified,available_verified,available_verified,available_verified,available_verified,available_verified,available_verified,available_verified,available_verified
club,Ligue 1,2021/2022,3802809,,2021-10-03,Rennes,Paris Saint-Germain,,True,aux_event_object_read,3568,True,96.183,False,True,4,4,25,25,available_verified,True,True,True,True,330,23,True,5,0,True,7,True,150,True,False,False,False,,Ligue 1,A,available_verified,available_verified,available_verified,available_verified,available_verified,available_verified,available_verified,available_verified,available_verified,available_verified,available_verified,available_verified,available_verified,available_verified
club,Ligue 1,2022/2023,3837844,,2023-02-01,Montpellier,Paris Saint-Germain,,True,aux_event_object_read,3918,True,94.2,False,True,4,4,25,25,available_verified,True,True,True,True,311,29,True,2,0,True,9,True,131,True,False,False,False,,Ligue 1,A,available_verified,available_verified,available_verified,available_verified,available_verified,available_verified,available_verified,available_verified,available_verified,available_verified,available_verified,available_verified,available_partial,available_verified
club,Premier League,2003/2004,3749153,,2004-01-10,Arsenal,Middlesbrough,,True,aux_event_object_read,3514,True,91.0,False,True,4,4,28,28,available_verified,True,True,True,True,352,43,True,2,0,True,6,True,139,True,False,False,False,,Premier League,A,available_verified,available_verified,available_verified,available_verified,available_verified,available_verified,available_verified,available_verified,available_verified,available_verified,available_verified,available_verified,available_partial,available_verified
club,Premier League,2015/2016,3754077,,2015-09-19,Manchester City,West Ham United,,True,aux_event_object_read,3799,True,94.3,False,True,4,4,33,33,available_verified,True,True,True,True,275,40,True,3,0,True,6,True,179,True,False,False,False,,Premier League,A,available_verified,available_verified,available_verified,available_verified,available_verified,available_verified,available_verified,available_verified,available_verified,available_verified,available_verified,available_verified,available_verified,available_verified
club,Serie A,2015/2016,3879545,,2015-09-23,Sampdoria,AS Roma,,True,aux_event_object_read,3192,True,94.517,False,True,4,4,31,31,available_verified,True,True,True,True,281,54,True,9,0,True,6,True,197,True,False,False,False,,Serie A,A,available_verified,available_verified,available_verified,available_verified,available_verified,available_verified,available_verified,available_verified,available_verified,available_verified,available_verified,available_verified,available_verified,available_verified
club,1. Bundesliga,2015/2016,3890477,,2016-03-05,Augsburg,Bayer Leverkusen,,True,aux_event_object_read,3802,True,92.65,False,True,4,4,30,30,available_verified,True,True,True,True,339,31,True,3,1,True,5,True,134,True,False,False,False,,1. Bundesliga,A,available_verified,available_verified,available_verified,available_verified,available_verified,available_verified,available_verified,available_verified,available_verified,available_verified,available_verified,available_verified,available_partial,available_verified
club,1. Bundesliga,2023/2024,3895194,,2024-01-13,Augsburg,Bayer Leverkusen,,True,aux_event_object_read,4063,True,95.933,False,True,4,4,29,29,available_verified,True,True,True,True,384,33,True,4,0,True,6,True,161,True,False,False,False,,1. Bundesliga,A,available_verified,available_verified,available_verified,available_verified,available_verified,available_verified,available_verified,available_verified,available_verified,available_verified,available_verified,available_verified,available_verified,available_verified
club,Indian Super league,2021/2022,3817864,,2022-02-03,Mumbai City,Mohun Bagan Super Giant,,True,aux_event_object_read,3227,True,94.333,False,True,4,4,36,36,available_verified,True,True,True,True,347,34,True,3,0,True,7,True,142,True,False,False,False,,Indian Super league,A,available_verified,available_verified,available_verified,available_verified,available_verified,available_verified,available_verified,available_verified,available_verified,available_verified,available_verified,available_verified,available_verified,available_verified
club,Ligue 1,2015/2016,3829479,,2015-09-23,Lorient,Stade Malherbe Caen,,True,aux_event_object_read,3601,True,93.0,False,True,4,4,23,23,available_verified,True,True,True,True,368,41,True,4,0,True,6,True,138,True,False,False,False,,Ligue 1,A,available_verified,available_verified,available_verified,available_verified,available_verified,available_verified,available_verified,available_verified,available_verified,available_verified,available_verified,available_verified,available_verified,available_verified
club,Ligue 1,2021/2022,3802902,,2021-10-24,Olympique de Marseille,Paris Saint-Germain,,True,aux_event_object_read,3706,True,94.167,False,True,4,4,25,25,available_verified,True,True,True,True,222,30,True,3,1,True,7,True,130,True,False,False,False,,Ligue 1,A,available_verified,available_verified,available_verified,available_verified,available_verified,available_verified,available_verified,available_verified,available_verified,available_verified,available_verified,available_verified,available_verified,available_verified
club,Ligue 1,2022/2023,3837876,,2023-02-19,Paris Saint-Germain,Lille,,True,aux_event_object_read,3711,True,97.067,False,True,4,4,28,28,available_verified,True,True,True,True,349,38,True,6,0,True,9,True,128,True,False,False,False,,Ligue 1,A,available_verified,available_verified,available_verified,available_verified,available_verified,available_verified,available_verified,available_verified,available_verified,available_verified,available_verified,available_verified,available_partial,available_verified
club,Premier League,2003/2004,3749434,,2003-11-22,Birmingham City,Arsenal,,True,aux_event_object_read,3479,True,92.167,False,True,4,4,16,16,available_verified,True,True,True,True,387,40,True,3,0,True,6,True,115,True,False,False,False,,Premier League,A,available_verified,available_verified,available_verified,available_verified,available_verified,available_verified,available_verified,available_verified,available_verified,available_verified,available_verified,available_verified,available_verified,available_verified
club,Premier League,2015/2016,3754047,,2015-11-29,Liverpool,Swansea City,,True,aux_event_object_read,3780,True,95.467,False,True,4,4,19,19,available_verified,True,True,True,True,270,32,True,4,0,True,6,True,137,True,False,False,False,,Premier League,A,available_verified,available_verified,available_verified,available_verified,available_verified,available_verified,available_verified,available_verified,available_verified,available_verified,available_verified,available_verified,available_partial,available_verified
club,Serie A,2015/2016,3879661,,2015-12-20,Atalanta,Napoli,,True,aux_event_object_read,3705,True,93.967,False,True,4,4,31,31,available_verified,True,True,True,True,287,42,True,3,2,True,6,True,154,True,False,False,False,,Serie A,A,available_verified,available_verified,available_verified,available_verified,available_verified,available_verified,available_verified,available_verified,available_verified,available_verified,available_verified,available_verified,available_partial,available_verified
club,1. Bundesliga,2015/2016,3890288,,2015-09-12,Bayer Leverkusen,Darmstadt 98,,True,aux_event_object_read,3314,True,93.7,False,True,4,4,21,21,available_verified,True,True,True,True,312,48,True,4,0,True,6,True,134,True,False,False,False,,1. Bundesliga,A,available_verified,available_verified,available_verified,available_verified,available_verified,available_verified,available_verified,available_verified,available_verified,available_verified,available_verified,available_verified,available_verified,available_verified
club,1. Bundesliga,2023/2024,3895153,,2023-11-25,Werder Bremen,Bayer Leverkusen,,True,aux_event_object_read,4520,True,93.017,False,True,4,4,16,16,available_verified,True,True,True,True,416,32,True,4,0,True,10,True,138,True,False,False,False,,1. Bundesliga,A,available_verified,available_verified,available_verified,available_verified,available_verified,available_verified,available_verified,available_verified,available_verified,available_verified,available_verified,available_verified,available_verified,available_verified
club,Indian Super league,2021/2022,3817878,,2022-01-24,East Bengal,SC Delhi,,True,aux_event_object_read,3050,True,95.05,False,True,4,4,33,33,available_verified,True,True,True,True,239,37,True,2,0,True,10,True,143,True,False,False,False,,Indian Super league,A,available_verified,available_verified,available_verified,available_verified,available_verified,available_verified,available_verified,available_verified,available_verified,available_verified,available_verified,available_verified,available_partial,available_verified
club,Ligue 1,2015/2016,3901197,,2016-04-02,Guingamp,Montpellier,,True,aux_event_object_read,3153,True,93.1,False,True,4,4,22,22,available_verified,True,True,True,True,316,50,True,4,0,True,4,True,119,True,False,False,False,,Ligue 1,A,available_verified,available_verified,available_verified,available_verified,available_verified,available_verified,available_verified,available_verified,available_verified,available_verified,available_verified,available_verified,available_verified,available_verified
club,Ligue 1,2021/2022,3802948,,2022-05-21,Paris Saint-Germain,Metz,,True,aux_event_object_read,3586,True,95.067,False,True,4,4,31,31,available_verified,True,True,True,True,262,29,True,2,1,True,9,True,119,True,False,False,False,,Ligue 1,A,available_verified,available_verified,available_verified,available_verified,available_verified,available_verified,available_verified,available_verified,available_verified,available_verified,available_verified,available_verified,available_verified,available_verified
club,Ligue 1,2022/2023,3837918,,2023-03-19,Paris Saint-Germain,Rennes,,True,aux_event_object_read,3977,True,96.35,False,True,4,4,27,27,available_verified,True,True,True,True,359,37,True,2,0,True,8,True,130,True,False,False,False,,Ligue 1,A,available_verified,available_verified,available_verified,available_verified,available_verified,available_verified,available_verified,available_verified,available_verified,available_verified,available_verified,available_verified,available_verified,available_verified
club,Premier League,2003/2004,3749493,,2003-08-16,Arsenal,Everton,,True,aux_event_object_read,3057,True,93.967,False,True,4,4,29,29,available_verified,True,True,True,True,388,42,True,4,2,True,5,True,157,True,False,False,False,,Premier League,A,available_verified,available_verified,available_verified,available_verified,available_verified,available_verified,available_verified,available_verified,available_verified,available_verified,available_verified,available_verified,available_verified,available_verified
club,Premier League,2015/2016,3754232,,2016-03-02,Manchester United,Watford,,True,aux_event_object_read,3317,True,94.317,False,True,4,4,27,27,available_verified,True,True,True,True,233,40,True,3,0,True,6,True,157,True,False,False,False,,Premier League,A,available_verified,available_verified,available_verified,available_verified,available_verified,available_verified,available_verified,available_verified,available_verified,available_verified,available_verified,available_verified,available_verified,available_verified
club,Serie A,2015/2016,3879719,,2016-02-03,Sampdoria,Torino,,True,aux_event_object_read,3401,True,94.317,False,True,4,4,23,23,available_verified,True,True,True,True,322,44,True,6,0,True,6,True,99,True,False,False,False,,Serie A,A,available_verified,available_verified,available_verified,available_verified,available_verified,available_verified,available_verified,available_verified,available_verified,available_verified,available_verified,available_verified,available_verified,available_verified
club,1. Bundesliga,2015/2016,3890330,,2015-10-04,Bayer Leverkusen,Augsburg,,True,aux_event_object_read,3477,True,94.867,False,True,4,4,24,24,available_verified,True,True,True,True,387,45,True,5,0,True,6,True,115,True,False,False,False,,1. Bundesliga,A,available_verified,available_verified,available_verified,available_verified,available_verified,available_verified,available_verified,available_verified,available_verified,available_verified,available_verified,available_verified,available_verified,available_verified
club,1. Bundesliga,2023/2024,3895060,,2023-08-26,Borussia Mönchengladbach,Bayer Leverkusen,,True,aux_event_object_read,4311,True,93.333,False,True,4,4,36,36,available_verified,True,True,True,True,297,31,True,5,0,True,10,True,184,True,False,False,False,,1. Bundesliga,A,available_verified,available_verified,available_verified,available_verified,available_verified,available_verified,available_verified,available_verified,available_verified,available_verified,available_verified,available_verified,available_verified,available_verified
club,Indian Super league,2021/2022,3813313,,2022-01-23,Mohun Bagan Super Giant,Odisha,,True,aux_event_object_read,3274,True,94.233,False,True,4,4,30,30,available_verified,True,True,True,True,249,32,True,4,0,True,5,True,136,True,False,False,False,,Indian Super league,A,available_verified,available_verified,available_verified,available_verified,available_verified,available_verified,available_verified,available_verified,available_verified,available_verified,available_verified,available_verified,available_verified,available_verified
club,Ligue 1,2015/2016,3829474,,2015-09-22,Angers,Stade de Reims,,True,aux_event_object_read,3811,True,93.583,False,True,4,4,12,12,available_verified,True,True,True,True,413,32,True,4,0,True,6,True,94,True,False,False,False,,Ligue 1,A,available_verified,available_verified,available_verified,available_verified,available_verified,available_verified,available_verified,available_verified,available_verified,available_verified,available_verified,available_verified,available_verified,available_verified
club,Ligue 1,2021/2022,3802752,,2021-09-19,Paris Saint-Germain,Lyon,,True,aux_event_object_read,3765,True,95.017,False,True,4,4,27,27,available_verified,True,True,True,True,326,48,True,4,0,True,7,True,143,True,False,False,False,,Ligue 1,A,available_verified,available_verified,available_verified,available_verified,available_verified,available_verified,available_verified,available_verified,available_verified,available_verified,available_verified,available_verified,available_partial,available_verified
club,Ligue 1,2022/2023,3837963,,2023-04-30,Paris Saint-Germain,Lorient,,True,aux_event_object_read,4087,True,94.733,False,True,4,4,27,27,available_verified,True,True,True,True,325,39,True,6,1,True,8,True,113,True,False,False,False,,Ligue 1,A,available_verified,available_verified,available_verified,available_verified,available_verified,available_verified,available_verified,available_verified,available_verified,available_verified,available_verified,available_verified,available_verified,available_verified
club,Premier League,2003/2004,3749233,,2004-02-01,Arsenal,Manchester City,,True,aux_event_object_read,3404,True,94.283,False,True,4,4,29,29,available_verified,True,True,True,True,268,43,True,5,1,True,5,True,143,True,False,False,False,,Premier League,A,available_verified,available_verified,available_verified,available_verified,available_verified,available_verified,available_verified,available_verified,available_verified,available_verified,available_verified,available_verified,available_verified,available_verified
club,Premier League,2015/2016,3754118,,2016-04-02,Arsenal,Watford,,True,aux_event_object_read,3845,True,93.033,False,True,4,4,26,26,available_verified,True,True,True,True,173,31,True,2,0,True,6,True,166,True,False,False,False,,Premier League,A,available_verified,available_verified,available_verified,available_verified,available_verified,available_verified,available_verified,available_verified,available_verified,available_verified,available_verified,available_verified,available_verified,available_verified
club,Serie A,2015/2016,3879838,,2016-04-24,Sampdoria,Lazio,,True,aux_event_object_read,3420,True,95.3,False,True,4,4,33,33,available_verified,True,True,True,True,335,36,True,8,0,True,6,True,146,True,False,False,False,,Serie A,A,available_verified,available_verified,available_verified,available_verified,available_verified,available_verified,available_verified,available_verified,available_verified,available_verified,available_verified,available_verified,available_partial,available_verified
club,1. Bundesliga,2015/2016,3890550,,2016-05-07,Borussia Mönchengladbach,Bayer Leverkusen,,True,aux_event_object_read,3544,True,92.067,False,True,4,4,30,30,available_verified,True,True,True,True,341,38,True,4,0,True,6,True,138,True,False,False,False,,1. Bundesliga,A,available_verified,available_verified,available_verified,available_verified,available_verified,available_verified,available_verified,available_verified,available_verified,available_verified,available_verified,available_verified,available_verified,available_verified
club,1. Bundesliga,2023/2024,3895158,,2023-12-03,Bayer Leverkusen,Borussia Dortmund,,True,aux_event_object_read,3866,True,94.683,False,True,4,4,30,30,available_verified,True,True,True,True,306,44,True,5,0,True,5,True,193,True,False,False,False,,1. Bundesliga,A,available_verified,available_verified,available_verified,available_verified,available_verified,available_verified,available_verified,available_verified,available_verified,available_verified,available_verified,available_verified,available_verified,available_verified
club,Indian Super league,2021/2022,3827767,,2022-03-20,SC Delhi,Kerala Blasters,,True,aux_event_object_read,4096,True,94.517,True,True,10,10,38,38,available_verified,True,True,True,True,364,39,True,3,0,True,9,True,111,True,False,False,False,,Indian Super league,A,available_verified,available_verified,available_verified,available_verified,available_verified,available_verified,available_verified,available_verified,available_verified,available_verified,available_verified,available_verified,available_partial,available_verified
club,Ligue 1,2015/2016,3900529,,2015-11-29,Saint-Étienne,Guingamp,,True,aux_event_object_read,2652,True,96.433,False,True,4,4,25,25,available_verified,True,True,True,True,286,45,True,6,1,True,6,True,110,True,False,False,False,,Ligue 1,A,available_verified,available_verified,available_verified,available_verified,available_verified,available_verified,available_verified,available_verified,available_verified,available_verified,available_verified,available_verified,available_partial,available_verified
club,Ligue 1,2021/2022,3802690,,2021-12-22,Lorient,Paris Saint-Germain,,True,aux_event_object_read,3851,True,93.033,False,True,4,4,34,34,available_verified,True,True,True,True,259,32,True,3,1,True,3,True,166,True,False,False,False,,Ligue 1,A,available_verified,available_verified,available_verified,available_verified,available_verified,available_verified,available_verified,available_verified,available_verified,available_verified,available_verified,available_verified,available_verified,available_verified
club,Ligue 1,2022/2023,3837998,,2023-05-21,Auxerre,Paris Saint-Germain,,True,aux_event_object_read,4253,True,95.3,False,True,4,4,29,29,available_verified,True,True,True,True,323,31,True,1,0,True,5,True,138,True,False,False,False,,Ligue 1,A,available_verified,available_verified,available_verified,available_verified,available_verified,available_verified,available_verified,available_verified,available_verified,available_verified,available_verified,available_verified,available_verified,available_verified
club,Premier League,2003/2004,3749360,,2003-12-14,Arsenal,Blackburn Rovers,,True,aux_event_object_read,3706,True,92.483,False,True,4,4,23,23,available_verified,True,True,True,True,315,51,True,5,0,True,5,True,149,True,False,False,False,,Premier League,A,available_verified,available_verified,available_verified,available_verified,available_verified,available_verified,available_verified,available_verified,available_verified,available_verified,available_verified,available_verified,available_verified,available_verified
club,Premier League,2015/2016,3754149,,2016-05-15,Swansea City,Manchester City,,True,aux_event_object_read,4031,True,92.983,False,True,4,4,22,22,available_verified,True,True,True,True,520,34,True,4,0,True,4,True,127,True,False,False,False,,Premier League,A,available_verified,available_verified,available_verified,available_verified,available_verified,available_verified,available_verified,available_verified,available_verified,available_verified,available_verified,available_verified,available_verified,available_verified
club,Serie A,2015/2016,3879542,,2015-09-23,Inter Milan,Hellas Verona,,True,aux_event_object_read,3579,True,93.0,False,True,4,4,25,25,available_verified,True,True,True,True,312,35,True,8,0,True,6,True,145,True,False,False,False,,Serie A,A,available_verified,available_verified,available_verified,available_verified,available_verified,available_verified,available_verified,available_verified,available_verified,available_verified,available_verified,available_verified,available_verified,available_verified
club,1. Bundesliga,2015/2016,3890427,,2016-01-30,Bayer Leverkusen,Hannover 96,,True,aux_event_object_read,3294,True,90.05,False,True,4,4,21,21,available_verified,True,True,True,True,367,45,True,3,0,True,5,True,137,True,False,False,False,,1. Bundesliga,A,available_verified,available_verified,available_verified,available_verified,available_verified,available_verified,available_verified,available_verified,available_verified,available_verified,available_verified,available_verified,available_partial,available_verified
club,1. Bundesliga,2023/2024,3895220,,2024-02-03,Darmstadt 98,Bayer Leverkusen,,True,aux_event_object_read,4258,True,94.133,False,True,4,4,28,28,available_verified,True,True,True,True,415,33,True,4,0,True,8,True,125,True,False,False,False,,1. Bundesliga,A,available_verified,available_verified,available_verified,available_verified,available_verified,available_verified,available_verified,available_verified,available_verified,available_verified,available_verified,available_verified,available_verified,available_verified
club,Indian Super league,2021/2022,3817901,,2022-02-17,Jamshedpur,Mumbai City,,True,aux_event_object_read,3009,True,96.017,False,True,4,4,27,27,available_verified,True,True,True,True,308,29,True,4,0,True,10,True,124,True,False,False,False,,Indian Super league,A,available_verified,available_verified,available_verified,available_verified,available_verified,available_verified,available_verified,available_verified,available_verified,available_verified,available_verified,available_verified,available_partial,available_verified
club,Ligue 1,2015/2016,3829473,,2015-09-22,Paris Saint-Germain,Guingamp,,True,aux_event_object_read,4112,True,93.0,False,True,4,4,29,29,available_verified,True,True,True,True,376,31,True,2,0,True,6,True,144,True,False,False,False,,Ligue 1,A,available_verified,available_verified,available_verified,available_verified,available_verified,available_verified,available_verified,available_verified,available_verified,available_verified,available_verified,available_verified,available_partial,available_verified
club,Ligue 1,2021/2022,3802984,,2021-11-20,Paris Saint-Germain,Nantes,,True,aux_event_object_read,4227,True,94.033,False,True,4,4,26,26,available_verified,True,True,True,True,314,33,True,3,1,True,8,True,133,True,False,False,False,,Ligue 1,A,available_verified,available_verified,available_verified,available_verified,available_verified,available_verified,available_verified,available_verified,available_verified,available_verified,available_verified,available_verified,available_verified,available_verified
club,Ligue 1,2022/2023,3837683,,2022-08-31,Toulouse,Paris Saint-Germain,,True,aux_event_object_read,3608,True,92.033,False,True,4,4,35,35,available_verified,True,True,True,True,231,27,True,1,0,True,10,True,158,True,False,False,False,,Ligue 1,A,available_verified,available_verified,available_verified,available_verified,available_verified,available_verified,available_verified,available_verified,available_verified,available_verified,available_verified,available_verified,available_verified,available_verified
club,Premier League,2003/2004,3749276,,2004-02-21,Chelsea,Arsenal,,True,aux_event_object_read,3350,True,94.0,False,True,4,4,27,27,available_verified,True,True,True,True,311,60,True,6,1,True,4,True,125,True,False,False,False,,Premier League,A,available_verified,available_verified,available_verified,available_verified,available_verified,available_verified,available_verified,available_verified,available_verified,available_verified,available_verified,available_verified,available_verified,available_verified
club,Premier League,2015/2016,3754100,,2016-03-20,Newcastle United,Sunderland,,True,aux_event_object_read,3138,True,95.45,False,True,4,4,31,31,available_verified,True,True,True,True,299,28,True,5,0,True,6,True,136,True,False,False,False,,Premier League,A,available_verified,available_verified,available_verified,available_verified,available_verified,available_verified,available_verified,available_verified,available_verified,available_verified,available_verified,available_verified,available_verified,available_verified
club,Serie A,2015/2016,3879852,,2016-05-01,Palermo,Sampdoria,,True,aux_event_object_read,3419,True,94.017,False,True,4,4,18,18,available_verified,True,True,True,True,354,56,True,6,0,True,5,True,129,True,False,False,False,,Serie A,A,available_verified,available_verified,available_verified,available_verified,available_verified,available_verified,available_verified,available_verified,available_verified,available_verified,available_verified,available_verified,available_verified,available_verified
club,1. Bundesliga,2015/2016,3890502,,2016-04-01,Bayer Leverkusen,Wolfsburg,,True,aux_event_object_read,3440,True,92.117,False,True,4,4,22,22,available_verified,True,True,True,True,347,46,True,4,0,True,6,True,113,True,False,False,False,,1. Bundesliga,A,available_verified,available_verified,available_verified,available_verified,available_verified,available_verified,available_verified,available_verified,available_verified,available_verified,available_verified,available_verified,available_verified,available_verified
club,1. Bundesliga,2023/2024,3895074,,2023-09-15,Bayern Munich,Bayer Leverkusen,,True,aux_event_object_read,4346,True,98.4,False,True,4,4,29,29,available_verified,True,True,True,True,335,24,True,3,0,True,10,True,164,True,False,False,False,,1. Bundesliga,A,available_verified,available_verified,available_verified,available_verified,available_verified,available_verified,available_verified,available_verified,available_verified,available_verified,available_verified,available_verified,available_partial,available_verified
club,Indian Super league,2021/2022,3817880,,2022-02-16,Odisha,Chennaiyin,,True,aux_event_object_read,2962,True,94.017,False,True,4,4,33,33,available_verified,True,True,True,True,195,38,True,3,0,True,4,True,176,True,False,False,False,,Indian Super league,A,available_verified,available_verified,available_verified,available_verified,available_verified,available_verified,available_verified,available_verified,available_verified,available_verified,available_verified,available_verified,available_verified,available_verified
club,Ligue 1,2015/2016,3829460,,2015-09-13,Nantes,Rennes,,True,aux_event_object_read,3500,True,93.15,False,True,4,4,27,27,available_verified,True,True,True,True,425,34,True,5,2,True,6,True,103,True,False,False,False,,Ligue 1,A,available_verified,available_verified,available_verified,available_verified,available_verified,available_verified,available_verified,available_verified,available_verified,available_verified,available_verified,available_verified,available_verified,available_verified
club,Ligue 1,2021/2022,3802793,,2021-12-01,Paris Saint-Germain,OGC Nice,,True,aux_event_object_read,3914,True,93.067,False,True,4,4,26,26,available_verified,True,True,True,True,266,33,True,4,0,True,6,True,140,True,False,False,False,,Ligue 1,A,available_verified,available_verified,available_verified,available_verified,available_verified,available_verified,available_verified,available_verified,available_verified,available_verified,available_verified,available_verified,available_verified,available_verified
club,Ligue 1,2022/2023,3837695,,2022-09-03,Nantes,Paris Saint-Germain,,True,aux_event_object_read,4110,True,92.017,False,True,4,4,31,31,available_verified,True,True,True,True,195,27,True,5,1,True,10,True,178,True,False,False,False,,Ligue 1,A,available_verified,available_verified,available_verified,available_verified,available_verified,available_verified,available_verified,available_verified,available_verified,available_verified,available_verified,available_verified,available_verified,available_verified
club,Premier League,2003/2004,3749465,,2004-03-13,Blackburn Rovers,Arsenal,,True,aux_event_object_read,3735,True,92.733,False,True,4,4,22,22,available_verified,True,True,True,True,373,39,True,2,0,True,5,True,115,True,False,False,False,,Premier League,A,available_verified,available_verified,available_verified,available_verified,available_verified,available_verified,available_verified,available_verified,available_verified,available_verified,available_verified,available_verified,available_verified,available_verified
club,Premier League,2015/2016,3754280,,2016-03-01,Norwich City,Chelsea,,True,aux_event_object_read,3552,True,96.117,False,True,4,4,23,23,available_verified,True,True,True,True,178,35,True,5,0,True,5,True,138,True,False,False,False,,Premier League,A,available_verified,available_verified,available_verified,available_verified,available_verified,available_verified,available_verified,available_verified,available_verified,available_verified,available_verified,available_verified,available_verified,available_verified
club,Serie A,2015/2016,3878609,,2015-09-20,Genoa,Juventus,,True,aux_event_object_read,3645,True,93.483,False,True,4,4,20,20,available_verified,True,True,True,True,425,48,True,6,1,True,6,True,99,True,False,False,False,,Serie A,A,available_verified,available_verified,available_verified,available_verified,available_verified,available_verified,available_verified,available_verified,available_verified,available_verified,available_verified,available_verified,available_partial,available_verified
club,1. Bundesliga,2015/2016,3890431,,2016-02-06,Bayer Leverkusen,Bayern Munich,,True,aux_event_object_read,3187,True,92.267,False,True,4,4,15,15,available_verified,True,True,True,True,393,49,True,1,1,True,6,True,128,True,False,False,False,,1. Bundesliga,A,available_verified,available_verified,available_verified,available_verified,available_verified,available_verified,available_verified,available_verified,available_verified,available_verified,available_verified,available_verified,available_verified,available_verified
club,1. Bundesliga,2023/2024,3895202,,2024-01-20,RB Leipzig,Bayer Leverkusen,,True,aux_event_object_read,4008,True,94.383,False,True,4,4,28,28,available_verified,True,True,True,True,313,36,True,5,0,True,8,True,149,True,False,False,False,,1. Bundesliga,A,available_verified,available_verified,available_verified,available_verified,available_verified,available_verified,available_verified,available_verified,available_verified,available_verified,available_verified,available_verified,available_verified,available_verified
club,Indian Super league,2021/2022,3817850,,2022-01-11,Jamshedpur,East Bengal,,True,aux_event_object_read,2471,True,94.117,False,True,4,4,21,21,available_verified,True,True,True,True,224,36,True,0,0,True,6,True,130,True,False,False,False,,Indian Super league,A,available_verified,available_verified,available_verified,available_verified,available_verified,available_verified,available_verified,available_verified,available_verified,available_verified,available_verified,available_verified,available_verified,available_verified
club,Ligue 1,2015/2016,3901149,,2016-02-20,AS Monaco,Troyes,,True,aux_event_object_read,4078,True,93.1,False,True,4,4,32,32,available_verified,True,True,True,True,440,35,True,2,0,True,6,True,155,True,False,False,False,,Ligue 1,A,available_verified,available_verified,available_verified,available_verified,available_verified,available_verified,available_verified,available_verified,available_verified,available_verified,available_verified,available_verified,available_verified,available_verified
club,Ligue 1,2021/2022,3802839,,2022-02-19,Nantes,Paris Saint-Germain,,True,aux_event_object_read,3777,True,94.833,False,True,4,4,29,29,available_verified,True,True,True,True,304,37,True,8,0,True,9,True,162,True,False,False,False,,Ligue 1,A,available_verified,available_verified,available_verified,available_verified,available_verified,available_verified,available_verified,available_verified,available_verified,available_verified,available_verified,available_verified,available_partial,available_verified
club,Ligue 1,2022/2023,3837680,,2022-08-28,Paris Saint-Germain,AS Monaco,,True,aux_event_object_read,3876,True,96.1,False,True,4,4,22,22,available_verified,True,True,True,True,307,34,True,8,0,True,7,True,116,True,False,False,False,,Ligue 1,A,available_verified,available_verified,available_verified,available_verified,available_verified,available_verified,available_verified,available_verified,available_verified,available_verified,available_verified,available_verified,available_partial,available_verified
club,Premier League,2003/2004,3749462,,2004-05-01,Arsenal,Birmingham City,,True,aux_event_object_read,3802,True,91.9,False,True,4,4,13,13,available_verified,True,True,True,True,297,34,True,2,0,True,5,True,97,True,False,False,False,,Premier League,A,available_verified,available_verified,available_verified,available_verified,available_verified,available_verified,available_verified,available_verified,available_verified,available_verified,available_verified,available_verified,available_verified,available_verified
club,Premier League,2015/2016,3754327,,2016-03-01,Aston Villa,Everton,,True,aux_event_object_read,3825,True,95.083,False,True,4,4,24,24,available_verified,True,True,True,True,276,33,True,4,0,True,5,True,150,True,False,False,False,,Premier League,A,available_verified,available_verified,available_verified,available_verified,available_verified,available_verified,available_verified,available_verified,available_verified,available_verified,available_verified,available_verified,available_verified,available_verified
club,Serie A,2015/2016,3879864,,2016-05-08,Hellas Verona,Juventus,,True,aux_event_object_read,3537,True,94.033,False,True,4,4,28,28,available_verified,True,True,True,True,298,44,True,6,1,True,6,True,167,True,False,False,False,,Serie A,A,available_verified,available_verified,available_verified,available_verified,available_verified,available_verified,available_verified,available_verified,available_verified,available_verified,available_verified,available_verified,available_partial,available_verified
club,1. Bundesliga,2015/2016,3890456,,2016-02-21,Bayer Leverkusen,Borussia Dortmund,,True,aux_event_object_read,3335,True,102.167,False,True,4,4,15,15,available_verified,True,True,True,True,368,42,True,6,0,True,6,True,99,True,False,False,False,,1. Bundesliga,A,available_verified,available_verified,available_verified,available_verified,available_verified,available_verified,available_verified,available_verified,available_verified,available_verified,available_verified,available_verified,available_verified,available_verified
club,1. Bundesliga,2023/2024,3895067,,2023-09-02,Bayer Leverkusen,Darmstadt 98,,True,aux_event_object_read,3977,True,94.033,False,True,4,4,30,30,available_verified,True,True,True,True,249,26,True,5,0,True,10,True,137,True,False,False,False,,1. Bundesliga,A,available_verified,available_verified,available_verified,available_verified,available_verified,available_verified,available_verified,available_verified,available_verified,available_verified,available_verified,available_verified,available_verified,available_verified
club,Indian Super league,2021/2022,3813306,,2021-12-21,NorthEast United,Mohun Bagan Super Giant,,True,aux_event_object_read,3376,True,95.133,False,True,4,4,44,44,available_verified,True,True,True,True,349,42,True,0,0,True,9,True,152,True,False,False,False,,Indian Super league,A,available_verified,available_verified,available_verified,available_verified,available_verified,available_verified,available_verified,available_verified,available_verified,available_verified,available_verified,available_verified,available_verified,available_verified
club,Ligue 1,2015/2016,3900519,,2015-11-22,Rennes,Bordeaux,,True,aux_event_object_read,3547,True,97.55,False,True,4,4,16,16,available_verified,True,True,True,True,347,40,True,4,1,True,6,True,119,True,False,False,False,,Ligue 1,A,available_verified,available_verified,available_verified,available_verified,available_verified,available_verified,available_verified,available_verified,available_verified,available_verified,available_verified,available_verified,available_partial,available_verified
club,Ligue 1,2021/2022,3802696,,2021-08-29,Stade de Reims,Paris Saint-Germain,,True,aux_event_object_read,4053,True,96.0,False,True,4,4,23,23,available_verified,True,True,True,True,288,35,True,4,0,True,10,True,119,True,False,False,False,,Ligue 1,A,available_verified,available_verified,available_verified,available_verified,available_verified,available_verified,available_verified,available_verified,available_verified,available_verified,available_verified,available_verified,available_verified,available_verified
club,Ligue 1,2022/2023,3837839,,2023-01-29,Paris Saint-Germain,Stade de Reims,,True,aux_event_object_read,4394,True,96.883,False,True,4,4,29,29,available_verified,True,True,True,True,327,26,True,3,1,True,8,True,167,True,False,False,False,,Ligue 1,A,available_verified,available_verified,available_verified,available_verified,available_verified,available_verified,available_verified,available_verified,available_verified,available_verified,available_verified,available_verified,available_verified,available_verified
club,Premier League,2003/2004,3749453,,2004-04-16,Arsenal,Leeds United,,True,aux_event_object_read,3541,True,91.217,False,True,4,4,22,22,available_verified,True,True,True,True,317,38,True,0,0,True,5,True,122,True,False,False,False,,Premier League,A,available_verified,available_verified,available_verified,available_verified,available_verified,available_verified,available_verified,available_verified,available_verified,available_verified,available_verified,available_verified,available_partial,available_verified
club,Premier League,2015/2016,3754039,,2016-02-13,Crystal Palace,Watford,,True,aux_event_object_read,3169,True,97.4,False,True,4,4,26,26,available_verified,True,True,True,True,268,45,True,1,1,True,4,True,131,True,False,False,False,,Premier League,A,available_verified,available_verified,available_verified,available_verified,available_verified,available_verified,available_verified,available_verified,available_verified,available_verified,available_verified,available_verified,available_partial,available_verified
club,Serie A,2015/2016,3879649,,2015-12-12,Palermo,Frosinone,,True,aux_event_object_read,2994,True,92.733,False,True,4,4,36,36,available_verified,True,True,True,True,355,46,True,5,0,True,6,True,154,True,False,False,False,,Serie A,A,available_verified,available_verified,available_verified,available_verified,available_verified,available_verified,available_verified,available_verified,available_verified,available_verified,available_verified,available_verified,available_verified,available_verified
club,1. Bundesliga,2015/2016,3890492,,2016-03-13,Bayer Leverkusen,Hamburger SV,,True,aux_event_object_read,3084,True,97.683,False,True,4,4,23,23,available_verified,True,True,True,True,379,49,True,7,1,True,6,True,131,True,False,False,False,,1. Bundesliga,A,available_verified,available_verified,available_verified,available_verified,available_verified,available_verified,available_verified,available_verified,available_verified,available_verified,available_verified,available_verified,available_verified,available_verified
club,1. Bundesliga,2023/2024,3895086,,2023-09-24,Bayer Leverkusen,FC Heidenheim,,True,aux_event_object_read,4233,True,96.0,False,True,4,4,23,23,available_verified,True,True,True,True,354,29,True,2,0,True,10,True,129,True,False,False,False,,1. Bundesliga,A,available_verified,available_verified,available_verified,available_verified,available_verified,available_verified,available_verified,available_verified,available_verified,available_verified,available_verified,available_verified,available_partial,available_verified
club,Indian Super league,2021/2022,3813277,,2021-11-27,Mumbai City,SC Delhi,,True,aux_event_object_read,2805,True,94.633,False,True,4,4,19,19,available_verified,True,True,True,True,262,44,True,4,0,True,7,True,120,True,False,False,False,,Indian Super league,A,available_verified,available_verified,available_verified,available_verified,available_verified,available_verified,available_verified,available_verified,available_verified,available_verified,available_verified,available_verified,available_partial,available_verified
club,Ligue 1,2015/2016,3901164,,2016-03-05,Angers,Saint-Étienne,,True,aux_event_object_read,3571,True,93.45,False,True,4,4,14,14,available_verified,True,True,True,True,414,36,True,7,0,True,6,True,91,True,False,False,False,,Ligue 1,A,available_verified,available_verified,available_verified,available_verified,available_verified,available_verified,available_verified,available_verified,available_verified,available_verified,available_verified,available_verified,available_verified,available_verified
club,Ligue 1,2021/2022,3802907,,2022-02-06,Lille,Paris Saint-Germain,,True,aux_event_object_read,3827,True,92.033,False,True,4,4,28,28,available_verified,True,True,True,True,286,36,True,3,0,True,6,True,141,True,False,False,False,,Ligue 1,A,available_verified,available_verified,available_verified,available_verified,available_verified,available_verified,available_verified,available_verified,available_verified,available_verified,available_verified,available_verified,available_verified,available_verified
club,Ligue 1,2022/2023,3837859,,2023-02-04,Paris Saint-Germain,Toulouse,,True,aux_event_object_read,3875,True,94.433,False,True,4,4,34,34,available_verified,True,True,True,True,373,32,True,4,0,True,9,True,141,True,False,False,False,,Ligue 1,A,available_verified,available_verified,available_verified,available_verified,available_verified,available_verified,available_verified,available_verified,available_verified,available_verified,available_verified,available_verified,available_verified,available_verified
club,Premier League,2003/2004,3749257,,2004-05-15,Arsenal,Leicester City,,True,aux_event_object_read,3456,True,91.783,False,True,4,4,25,25,available_verified,True,True,True,True,248,47,True,1,0,True,6,True,163,True,False,False,False,,Premier League,A,available_verified,available_verified,available_verified,available_verified,available_verified,available_verified,available_verified,available_verified,available_verified,available_verified,available_verified,available_verified,available_partial,available_verified
club,Premier League,2015/2016,3754336,,2015-09-12,Everton,Chelsea,,True,aux_event_object_read,3538,True,94.083,False,True,4,4,29,29,available_verified,True,True,True,True,281,46,True,4,0,True,6,True,165,True,False,False,False,,Premier League,A,available_verified,available_verified,available_verified,available_verified,available_verified,available_verified,available_verified,available_verified,available_verified,available_verified,available_verified,available_verified,available_verified,available_verified
club,Serie A,2015/2016,3879775,,2016-03-06,Genoa,Empoli,,True,aux_event_object_read,3745,True,94.0,False,True,4,4,25,25,available_verified,True,True,True,True,366,44,True,5,0,True,6,True,132,True,False,False,False,,Serie A,A,available_verified,available_verified,available_verified,available_verified,available_verified,available_verified,available_verified,available_verified,available_verified,available_verified,available_verified,available_verified,available_verified,available_verified
club,1. Bundesliga,2015/2016,3890444,,2016-02-13,Darmstadt 98,Bayer Leverkusen,,True,aux_event_object_read,2735,True,94.0,False,True,4,4,27,27,available_verified,True,True,True,True,316,46,True,9,0,True,6,True,139,True,False,False,False,,1. Bundesliga,A,available_verified,available_verified,available_verified,available_verified,available_verified,available_verified,available_verified,available_verified,available_verified,available_verified,available_verified,available_verified,available_verified,available_verified
club,1. Bundesliga,2023/2024,3895292,,2024-04-06,Union Berlin,Bayer Leverkusen,,True,aux_event_object_read,3843,True,97.217,False,True,4,4,29,29,available_verified,True,True,True,True,278,40,True,4,1,True,8,True,139,True,False,False,False,,1. Bundesliga,A,available_verified,available_verified,available_verified,available_verified,available_verified,available_verified,available_verified,available_verified,available_verified,available_verified,available_verified,available_verified,available_partial,available_verified
club,Indian Super league,2021/2022,3817879,,2022-01-13,Chennaiyin,SC Delhi,,True,aux_event_object_read,2870,True,96.383,False,True,4,4,36,36,available_verified,True,True,True,True,256,39,True,3,0,True,7,True,132,True,False,False,False,,Indian Super league,A,available_verified,available_verified,available_verified,available_verified,available_verified,available_verified,available_verified,available_verified,available_verified,available_verified,available_verified,available_verified,available_verified,available_verified
club,Ligue 1,2015/2016,3900590,,2016-01-22,Rennes,Gazélec Ajaccio,,True,aux_event_object_read,3714,True,93.367,False,True,4,4,18,18,available_verified,True,True,True,True,402,36,True,6,0,True,6,True,110,True,False,False,False,,Ligue 1,A,available_verified,available_verified,available_verified,available_verified,available_verified,available_verified,available_verified,available_verified,available_verified,available_verified,available_verified,available_verified,available_verified,available_verified
club,Ligue 1,2021/2022,3802802,,2022-01-23,Paris Saint-Germain,Stade de Reims,,True,aux_event_object_read,4390,True,91.983,False,True,4,4,29,29,available_verified,True,True,True,True,352,32,True,1,0,True,8,True,148,True,False,False,False,,Ligue 1,A,available_verified,available_verified,available_verified,available_verified,available_verified,available_verified,available_verified,available_verified,available_verified,available_verified,available_verified,available_verified,available_verified,available_verified
club,Ligue 1,2022/2023,3837706,,2022-09-10,Paris Saint-Germain,Stade Brestois,,True,aux_event_object_read,4026,True,95.0,False,True,4,4,20,20,available_verified,True,True,True,True,356,39,True,6,0,True,10,True,128,True,False,False,False,,Ligue 1,A,available_verified,available_verified,available_verified,available_verified,available_verified,available_verified,available_verified,available_verified,available_verified,available_verified,available_verified,available_verified,available_partial,available_verified
club,Premier League,2003/2004,3749052,,2004-02-07,Wolverhampton Wanderers,Arsenal,,True,aux_event_object_read,3518,True,92.033,False,True,4,4,24,24,available_verified,True,True,True,True,337,47,True,4,0,True,2,True,123,True,False,False,False,,Premier League,A,available_verified,available_verified,available_verified,available_verified,available_verified,available_verified,available_verified,available_verified,available_verified,available_verified,available_verified,available_verified,available_verified,available_verified
club,Premier League,2015/2016,3754159,,2016-05-17,Manchester United,AFC Bournemouth,,True,aux_event_object_read,3824,True,93.05,False,True,4,4,19,19,available_verified,True,True,True,True,287,31,True,1,0,True,6,True,119,True,False,False,False,,Premier League,A,available_verified,available_verified,available_verified,available_verified,available_verified,available_verified,available_verified,available_verified,available_verified,available_verified,available_verified,available_verified,available_verified,available_verified
club,Serie A,2015/2016,3879685,,2016-01-10,Atalanta,Genoa,,True,aux_event_object_read,3692,True,93.967,False,True,4,4,27,27,available_verified,True,True,True,True,346,43,True,4,0,True,5,True,138,True,False,False,False,,Serie A,A,available_verified,available_verified,available_verified,available_verified,available_verified,available_verified,available_verified,available_verified,available_verified,available_verified,available_verified,available_verified,available_verified,available_verified
club,1. Bundesliga,2015/2016,3890278,,2015-08-29,Bayern Munich,Bayer Leverkusen,,True,aux_event_object_read,3345,True,90.083,False,True,4,4,24,24,available_verified,True,True,True,True,301,39,True,5,0,True,6,True,127,True,False,False,False,,1. Bundesliga,A,available_verified,available_verified,available_verified,available_verified,available_verified,available_verified,available_verified,available_verified,available_verified,available_verified,available_verified,available_verified,available_partial,available_verified
club,1. Bundesliga,2023/2024,3895232,,2024-02-10,Bayer Leverkusen,Bayern Munich,,True,aux_event_object_read,4159,True,95.683,False,True,4,4,23,23,available_verified,True,True,True,True,400,40,True,5,0,True,9,True,119,True,False,False,False,,1. Bundesliga,A,available_verified,available_verified,available_verified,available_verified,available_verified,available_verified,available_verified,available_verified,available_verified,available_verified,available_verified,available_verified,available_verified,available_verified
club,Indian Super league,2021/2022,3813310,,2021-12-12,East Bengal,Kerala Blasters,,True,aux_event_object_read,2753,True,95.083,False,True,4,4,22,22,available_verified,True,True,True,True,203,43,True,3,0,True,9,True,123,True,False,False,False,,Indian Super league,A,available_verified,available_verified,available_verified,available_verified,available_verified,available_verified,available_verified,available_verified,available_verified,available_verified,available_verified,available_verified,available_verified,available_verified
club,Ligue 1,2015/2016,3901157,,2016-02-27,Stade de Reims,Bordeaux,,True,aux_event_object_read,3467,True,93.117,False,True,4,4,21,21,available_verified,True,True,True,True,328,40,True,4,0,True,6,True,107,True,False,False,False,,Ligue 1,A,available_verified,available_verified,available_verified,available_verified,available_verified,available_verified,available_verified,available_verified,available_verified,available_verified,available_verified,available_verified,available_verified,available_verified
club,Ligue 1,2021/2022,3802904,,2022-03-13,Paris Saint-Germain,Bordeaux,,True,aux_event_object_read,4225,True,94.033,False,True,4,4,27,27,available_verified,True,True,True,True,375,25,True,3,0,True,8,True,115,True,False,False,False,,Ligue 1,A,available_verified,available_verified,available_verified,available_verified,available_verified,available_verified,available_verified,available_verified,available_verified,available_verified,available_verified,available_verified,available_verified,available_verified
club,Ligue 1,2022/2023,3837785,,2022-11-13,Paris Saint-Germain,Auxerre,,True,aux_event_object_read,3934,True,91.033,False,True,4,4,19,19,available_verified,True,True,True,True,277,25,True,0,0,True,10,True,146,True,False,False,False,,Ligue 1,A,available_verified,available_verified,available_verified,available_verified,available_verified,available_verified,available_verified,available_verified,available_verified,available_verified,available_verified,available_verified,available_verified,available_verified
club,Premier League,2003/2004,3749108,,2003-08-27,Arsenal,Aston Villa,,True,aux_event_object_read,3235,True,93.6,False,True,4,4,28,28,available_verified,True,True,True,True,285,47,True,7,0,True,3,True,124,True,False,False,False,,Premier League,A,available_verified,available_verified,available_verified,available_verified,available_verified,available_verified,available_verified,available_verified,available_verified,available_verified,available_verified,available_verified,available_verified,available_verified
club,Premier League,2015/2016,3754290,,2016-02-06,Manchester City,Leicester City,,True,aux_event_object_read,3483,True,94.25,False,True,4,4,32,32,available_verified,True,True,True,True,291,37,True,4,0,True,6,True,172,True,False,False,False,,Premier League,A,available_verified,available_verified,available_verified,available_verified,available_verified,available_verified,available_verified,available_verified,available_verified,available_verified,available_verified,available_verified,available_verified,available_verified
club,Serie A,2015/2016,3879839,,2016-04-24,Fiorentina,Juventus,,True,aux_event_object_read,4070,True,94.133,False,True,4,4,27,27,available_verified,True,True,True,True,351,34,True,4,0,True,6,True,106,True,False,False,False,,Serie A,A,available_verified,available_verified,available_verified,available_verified,available_verified,available_verified,available_verified,available_verified,available_verified,available_verified,available_verified,available_verified,available_partial,available_verified
club,1. Bundesliga,2015/2016,3890563,,2016-05-14,Bayer Leverkusen,Ingolstadt,,True,aux_event_object_read,2975,True,94.5,False,True,4,4,31,31,available_verified,True,True,True,True,373,37,True,2,0,True,6,True,137,True,False,False,False,,1. Bundesliga,A,available_verified,available_verified,available_verified,available_verified,available_verified,available_verified,available_verified,available_verified,available_verified,available_verified,available_verified,available_verified,available_partial,available_verified
club,1. Bundesliga,2023/2024,3895244,,2024-02-17,FC Heidenheim,Bayer Leverkusen,,True,aux_event_object_read,3936,True,95.283,False,True,4,4,24,24,available_verified,True,True,True,True,412,30,True,3,0,True,9,True,139,True,False,False,False,,1. Bundesliga,A,available_verified,available_verified,available_verified,available_verified,available_verified,available_verified,available_verified,available_verified,available_verified,available_verified,available_verified,available_verified,available_verified,available_verified
club,Indian Super league,2021/2022,3817868,,2022-01-26,Bengaluru,Chennaiyin,,True,aux_event_object_read,3327,True,94.067,False,True,4,4,29,29,available_verified,True,True,True,True,294,37,True,2,0,True,9,True,125,True,False,False,False,,Indian Super league,A,available_verified,available_verified,available_verified,available_verified,available_verified,available_verified,available_verified,available_verified,available_verified,available_verified,available_verified,available_verified,available_partial,available_verified
club,Ligue 1,2015/2016,3901210,,2016-04-09,Saint-Étienne,Troyes,,True,aux_event_object_read,3576,True,92.083,False,True,4,4,25,25,available_verified,True,True,True,True,404,40,True,4,0,True,6,True,134,True,False,False,False,,Ligue 1,A,available_verified,available_verified,available_verified,available_verified,available_verified,available_verified,available_verified,available_verified,available_verified,available_verified,available_verified,available_verified,available_verified,available_verified
club,Ligue 1,2022/2023,3837954,,2023-04-21,Angers,Paris Saint-Germain,,True,aux_event_object_read,4606,True,92.183,False,True,4,4,26,26,available_verified,True,True,True,True,417,30,True,0,0,True,6,True,140,True,False,False,False,,Ligue 1,A,available_verified,available_verified,available_verified,available_verified,available_verified,available_verified,available_verified,available_verified,available_verified,available_verified,available_verified,available_verified,available_verified,available_verified
club,Premier League,2003/2004,3749133,,2004-01-18,Aston Villa,Arsenal,,True,aux_event_object_read,3384,True,92.05,False,True,4,4,27,27,available_verified,True,True,True,True,324,45,True,5,0,True,6,True,118,True,False,False,False,,Premier League,A,available_verified,available_verified,available_verified,available_verified,available_verified,available_verified,available_verified,available_verified,available_verified,available_verified,available_verified,available_verified,available_verified,available_verified
club,Premier League,2015/2016,3754042,,2016-05-15,West Bromwich Albion,Liverpool,,True,aux_event_object_read,3617,True,92.017,False,True,4,4,20,20,available_verified,True,True,True,True,375,36,True,3,0,True,6,True,119,True,False,False,False,,Premier League,A,available_verified,available_verified,available_verified,available_verified,available_verified,available_verified,available_verified,available_verified,available_verified,available_verified,available_verified,available_verified,available_verified,available_verified
club,Serie A,2015/2016,3879575,,2015-10-18,Hellas Verona,Udinese,,True,aux_event_object_read,3766,True,94.017,False,True,4,4,25,25,available_verified,True,True,True,True,330,43,True,4,0,True,6,True,137,True,False,False,False,,Serie A,A,available_verified,available_verified,available_verified,available_verified,available_verified,available_verified,available_verified,available_verified,available_verified,available_verified,available_verified,available_verified,available_partial,available_verified
club,1. Bundesliga,2015/2016,3890521,,2016-04-16,Bayer Leverkusen,Eintracht Frankfurt,,True,aux_event_object_read,3306,True,93.017,False,True,4,4,22,22,available_verified,True,True,True,True,417,50,True,7,0,True,6,True,115,True,False,False,False,,1. Bundesliga,A,available_verified,available_verified,available_verified,available_verified,available_verified,available_verified,available_verified,available_verified,available_verified,available_verified,available_verified,available_verified,available_verified,available_verified
club,1. Bundesliga,2023/2024,3895250,,2024-02-23,Bayer Leverkusen,FSV Mainz 05,,True,aux_event_object_read,3826,True,94.167,False,True,4,4,30,30,available_verified,True,True,True,True,300,46,True,8,1,True,7,True,136,True,False,False,False,,1. Bundesliga,A,available_verified,available_verified,available_verified,available_verified,available_verified,available_verified,available_verified,available_verified,available_verified,available_verified,available_verified,available_verified,available_verified,available_verified
club,Indian Super league,2021/2022,3817875,,2022-01-28,Jamshedpur,Goa,,True,aux_event_object_read,2958,True,95.483,False,True,4,4,17,17,available_verified,True,True,True,True,252,41,True,6,0,True,9,True,114,True,False,False,False,,Indian Super league,A,available_verified,available_verified,available_verified,available_verified,available_verified,available_verified,available_verified,available_verified,available_verified,available_verified,available_verified,available_verified,available_verified,available_verified
club,Ligue 1,2015/2016,3901235,,2016-04-30,Lyon,Gazélec Ajaccio,,True,aux_event_object_read,3838,True,93.583,False,True,4,4,12,12,available_verified,True,True,True,True,390,40,True,3,0,True,6,True,92,True,False,False,False,,Ligue 1,A,available_verified,available_verified,available_verified,available_verified,available_verified,available_verified,available_verified,available_verified,available_verified,available_verified,available_verified,available_verified,available_verified,available_verified
club,Ligue 1,2022/2023,3837747,,2022-10-16,Paris Saint-Germain,Olympique de Marseille,,True,aux_event_object_read,3782,True,95.117,False,True,4,4,42,42,available_verified,True,True,True,True,305,38,True,2,1,True,8,True,186,True,False,False,False,,Ligue 1,A,available_verified,available_verified,available_verified,available_verified,available_verified,available_verified,available_verified,available_verified,available_verified,available_verified,available_verified,available_verified,available_verified,available_verified
club,Premier League,2003/2004,3749246,,2004-03-28,Arsenal,Manchester United,,True,aux_event_object_read,3099,True,92.917,False,True,4,4,32,32,available_verified,True,True,True,True,286,50,True,2,0,True,5,True,151,True,False,False,False,,Premier League,A,available_verified,available_verified,available_verified,available_verified,available_verified,available_verified,available_verified,available_verified,available_verified,available_verified,available_verified,available_verified,available_verified,available_verified
club,Premier League,2015/2016,3754110,,2016-01-23,West Ham United,Manchester City,,True,aux_event_object_read,3478,True,93.817,False,True,4,4,26,26,available_verified,True,True,True,True,237,32,True,5,0,True,6,True,134,True,False,False,False,,Premier League,A,available_verified,available_verified,available_verified,available_verified,available_verified,available_verified,available_verified,available_verified,available_verified,available_verified,available_verified,available_verified,available_verified,available_verified
club,Serie A,2015/2016,3879694,,2016-01-17,Bologna,Lazio,,True,aux_event_object_read,3514,True,93.2,False,True,4,4,18,18,available_verified,True,True,True,True,405,45,True,3,1,True,6,True,115,True,False,False,False,,Serie A,A,available_verified,available_verified,available_verified,available_verified,available_verified,available_verified,available_verified,available_verified,available_verified,available_verified,available_verified,available_verified,available_partial,available_verified
club,1. Bundesliga,2015/2016,3890346,,2015-10-24,Bayer Leverkusen,VfB Stuttgart,,True,aux_event_object_read,3310,True,93.417,False,True,4,4,31,31,available_verified,True,True,True,True,415,45,True,6,0,True,6,True,139,True,False,False,False,,1. Bundesliga,A,available_verified,available_verified,available_verified,available_verified,available_verified,available_verified,available_verified,available_verified,available_verified,available_verified,available_verified,available_verified,available_verified,available_verified
club,1. Bundesliga,2023/2024,3895286,,2024-03-30,Bayer Leverkusen,Hoffenheim,,True,aux_event_object_read,3894,True,96.183,False,True,4,4,40,40,available_verified,True,True,True,True,291,27,True,1,0,True,8,True,213,True,False,False,False,,1. Bundesliga,A,available_verified,available_verified,available_verified,available_verified,available_verified,available_verified,available_verified,available_verified,available_verified,available_verified,available_verified,available_verified,available_verified,available_verified
club,Indian Super league,2021/2022,3817889,,2022-03-03,Chennaiyin,Mohun Bagan Super Giant,,True,aux_event_object_read,3733,True,94.6,False,True,4,4,24,24,available_verified,True,True,True,True,297,22,True,1,0,True,10,True,104,True,False,False,False,,Indian Super league,A,available_verified,available_verified,available_verified,available_verified,available_verified,available_verified,available_verified,available_verified,available_verified,available_verified,available_verified,available_verified,available_verified,available_verified
club,Ligue 1,2015/2016,3901211,,2016-04-10,Olympique de Marseille,Bordeaux,,True,aux_event_object_read,3855,True,93.0,False,True,4,4,16,16,available_verified,True,True,True,True,380,41,True,5,0,True,6,True,114,True,False,False,False,,Ligue 1,A,available_verified,available_verified,available_verified,available_verified,available_verified,available_verified,available_verified,available_verified,available_verified,available_verified,available_verified,available_verified,available_verified,available_verified
club,Ligue 1,2022/2023,3837717,,2022-09-18,Lyon,Paris Saint-Germain,,True,aux_event_object_read,4279,True,94.567,False,True,4,4,27,27,available_verified,True,True,True,True,279,33,True,2,0,True,7,True,151,True,False,False,False,,Ligue 1,A,available_verified,available_verified,available_verified,available_verified,available_verified,available_verified,available_verified,available_verified,available_verified,available_verified,available_verified,available_verified,available_verified,available_verified
club,Premier League,2003/2004,3749522,,2003-12-26,Arsenal,Wolverhampton Wanderers,,True,aux_event_object_read,3542,True,92.1,False,True,4,4,23,23,available_verified,True,True,True,True,297,52,True,7,0,True,4,True,154,True,False,False,False,,Premier League,A,available_verified,available_verified,available_verified,available_verified,available_verified,available_verified,available_verified,available_verified,available_verified,available_verified,available_verified,available_verified,available_verified,available_verified
club,Premier League,2015/2016,3754234,,2015-10-25,AFC Bournemouth,Tottenham Hotspur,,True,aux_event_object_read,3526,True,91.183,False,True,4,4,25,25,available_verified,True,True,True,True,288,38,True,1,0,True,6,True,138,True,False,False,False,,Premier League,A,available_verified,available_verified,available_verified,available_verified,available_verified,available_verified,available_verified,available_verified,available_verified,available_verified,available_verified,available_verified,available_partial,available_verified
club,Serie A,2015/2016,3879750,,2016-02-21,Atalanta,Fiorentina,,True,aux_event_object_read,3538,True,93.167,False,True,4,4,28,28,available_verified,True,True,True,True,448,33,True,6,1,True,6,True,126,True,False,False,False,,Serie A,A,available_verified,available_verified,available_verified,available_verified,available_verified,available_verified,available_verified,available_verified,available_verified,available_verified,available_verified,available_verified,available_verified,available_verified
club,1. Bundesliga,2015/2016,3890260,,2015-08-15,Bayer Leverkusen,Hoffenheim,,True,aux_event_object_read,3185,True,93.433,False,True,4,4,31,31,available_verified,True,True,True,True,367,50,True,1,0,True,6,True,155,True,False,False,False,,1. Bundesliga,A,available_verified,available_verified,available_verified,available_verified,available_verified,available_verified,available_verified,available_verified,available_verified,available_verified,available_verified,available_verified,available_verified,available_verified
club,1. Bundesliga,2023/2024,3895182,,2023-12-20,Bayer Leverkusen,Bochum,,True,aux_event_object_read,4004,True,94.067,False,True,4,4,22,22,available_verified,True,True,True,True,405,32,True,2,0,True,10,True,127,True,False,False,False,,1. Bundesliga,A,available_verified,available_verified,available_verified,available_verified,available_verified,available_verified,available_verified,available_verified,available_verified,available_verified,available_verified,available_verified,available_partial,available_verified
club,Indian Super league,2021/2022,3813316,,2021-12-04,NorthEast United,Goa,,True,aux_event_object_read,3275,True,96.183,False,True,4,4,31,31,available_verified,True,True,True,True,315,37,True,3,0,True,9,True,128,True,False,False,False,,Indian Super league,A,available_verified,available_verified,available_verified,available_verified,available_verified,available_verified,available_verified,available_verified,available_verified,available_verified,available_verified,available_verified,available_verified,available_verified
club,Ligue 1,2015/2016,3900555,,2015-12-12,Nantes,Toulouse,,True,aux_event_object_read,3490,True,95.033,False,True,4,4,21,21,available_verified,True,True,True,True,390,41,True,8,1,True,6,True,119,True,False,False,False,,Ligue 1,A,available_verified,available_verified,available_verified,available_verified,available_verified,available_verified,available_verified,available_verified,available_verified,available_verified,available_verified,available_verified,available_verified,available_verified
club,Ligue 1,2022/2023,3837896,,2023-03-04,Paris Saint-Germain,Nantes,,True,aux_event_object_read,4305,True,95.3,False,True,4,4,25,25,available_verified,True,True,True,True,422,25,True,2,0,True,8,True,131,True,False,False,False,,Ligue 1,A,available_verified,available_verified,available_verified,available_verified,available_verified,available_verified,available_verified,available_verified,available_verified,available_verified,available_verified,available_verified,available_verified,available_verified
club,Premier League,2003/2004,3749642,,2004-02-28,Arsenal,Charlton Athletic,,True,aux_event_object_read,3625,True,93.25,False,True,4,4,33,33,available_verified,True,True,True,True,307,40,True,0,0,True,4,True,180,True,False,False,False,,Premier League,A,available_verified,available_verified,available_verified,available_verified,available_verified,available_verified,available_verified,available_verified,available_verified,available_verified,available_verified,available_verified,available_verified,available_verified
club,Premier League,2015/2016,3754322,,2016-04-16,Chelsea,Manchester City,,True,aux_event_object_read,4009,True,94.033,False,True,4,4,24,24,available_verified,True,True,True,True,364,43,True,5,1,True,6,True,132,True,False,False,False,,Premier League,A,available_verified,available_verified,available_verified,available_verified,available_verified,available_verified,available_verified,available_verified,available_verified,available_verified,available_verified,available_verified,available_partial,available_verified
club,Serie A,2015/2016,3879581,,2015-10-25,Chievo,Napoli,,True,aux_event_object_read,3950,True,94.033,False,True,4,4,25,25,available_verified,True,True,True,True,358,48,True,3,0,True,6,True,119,True,False,False,False,,Serie A,A,available_verified,available_verified,available_verified,available_verified,available_verified,available_verified,available_verified,available_verified,available_verified,available_verified,available_verified,available_verified,available_verified,available_verified
club,1. Bundesliga,2015/2016,3890409,,2015-12-19,Ingolstadt,Bayer Leverkusen,,True,aux_event_object_read,2935,True,94.483,False,True,4,4,21,21,available_verified,True,True,True,True,325,42,True,5,0,True,5,True,123,True,False,False,False,,1. Bundesliga,A,available_verified,available_verified,available_verified,available_verified,available_verified,available_verified,available_verified,available_verified,available_verified,available_verified,available_verified,available_verified,available_verified,available_verified
club,1. Bundesliga,2023/2024,3895320,,2024-04-27,Bayer Leverkusen,VfB Stuttgart,,True,aux_event_object_read,3771,True,97.733,False,True,4,4,25,25,available_verified,True,True,True,True,343,37,True,7,0,True,10,True,140,True,False,False,False,,1. Bundesliga,A,available_verified,available_verified,available_verified,available_verified,available_verified,available_verified,available_verified,available_verified,available_verified,available_verified,available_verified,available_verified,available_verified,available_verified
club,Indian Super league,2021/2022,3817876,,2022-01-22,Chennaiyin,NorthEast United,,True,aux_event_object_read,3123,True,97.95,False,True,4,4,39,39,available_verified,True,True,True,True,253,31,True,6,0,True,8,True,163,True,False,False,False,,Indian Super league,A,available_verified,available_verified,available_verified,available_verified,available_verified,available_verified,available_verified,available_verified,available_verified,available_verified,available_verified,available_verified,available_verified,available_verified
club,Ligue 1,2015/2016,3901177,,2016-03-12,Bastia,Lille,,True,aux_event_object_read,3476,True,92.117,False,True,4,4,19,19,available_verified,True,True,True,True,338,43,True,5,0,True,4,True,116,True,False,False,False,,Ligue 1,A,available_verified,available_verified,available_verified,available_verified,available_verified,available_verified,available_verified,available_verified,available_verified,available_verified,available_verified,available_verified,available_verified,available_verified
club,Ligue 1,2022/2023,3837885,,2023-02-26,Olympique de Marseille,Paris Saint-Germain,,True,aux_event_object_read,3520,True,92.1,False,True,4,4,31,31,available_verified,True,True,True,True,371,48,True,0,0,True,7,True,131,True,False,False,False,,Ligue 1,A,available_verified,available_verified,available_verified,available_verified,available_verified,available_verified,available_verified,available_verified,available_verified,available_verified,available_verified,available_verified,available_verified,available_verified
club,Premier League,2003/2004,3749079,,2003-10-18,Arsenal,Chelsea,,True,aux_event_object_read,3612,True,93.133,False,True,4,4,23,23,available_verified,True,True,True,True,341,43,True,3,0,True,6,True,151,True,False,False,False,,Premier League,A,available_verified,available_verified,available_verified,available_verified,available_verified,available_verified,available_verified,available_verified,available_verified,available_verified,available_verified,available_verified,available_verified,available_verified
club,Premier League,2015/2016,3754167,,2015-10-31,Manchester City,Norwich City,,True,aux_event_object_read,3731,True,96.783,False,True,4,4,26,26,available_verified,True,True,True,True,203,34,True,4,1,True,6,True,135,True,False,False,False,,Premier League,A,available_verified,available_verified,available_verified,available_verified,available_verified,available_verified,available_verified,available_verified,available_verified,available_verified,available_verified,available_verified,available_partial,available_verified
club,Serie A,2015/2016,3879840,,2016-04-24,Bologna,Genoa,,True,aux_event_object_read,3979,True,94.017,False,True,4,4,16,16,available_verified,True,True,True,True,505,47,True,3,0,True,6,True,123,True,False,False,False,,Serie A,A,available_verified,available_verified,available_verified,available_verified,available_verified,available_verified,available_verified,available_verified,available_verified,available_verified,available_verified,available_verified,available_verified,available_verified
club,1. Bundesliga,2015/2016,3890540,,2016-04-30,Bayer Leverkusen,Hertha Berlin,,True,aux_event_object_read,3395,True,94.283,False,True,4,4,27,27,available_verified,True,True,True,True,286,48,True,7,0,True,5,True,104,True,False,False,False,,1. Bundesliga,A,available_verified,available_verified,available_verified,available_verified,available_verified,available_verified,available_verified,available_verified,available_verified,available_verified,available_verified,available_verified,available_verified,available_verified
club,1. Bundesliga,2023/2024,3895121,,2023-10-29,Bayer Leverkusen,Freiburg,,True,aux_event_object_read,3871,True,95.833,False,True,4,4,28,28,available_verified,True,True,True,True,233,34,True,2,0,True,9,True,156,True,False,False,False,,1. Bundesliga,A,available_verified,available_verified,available_verified,available_verified,available_verified,available_verified,available_verified,available_verified,available_verified,available_verified,available_verified,available_verified,available_verified,available_verified
club,Indian Super league,2021/2022,3813287,,2021-12-16,Bengaluru,Mohun Bagan Super Giant,,True,aux_event_object_read,2101,True,94.283,False,True,4,4,33,33,available_verified,True,True,True,True,191,51,True,4,0,True,6,True,121,True,False,False,False,,Indian Super league,A,available_verified,available_verified,available_verified,available_verified,available_verified,available_verified,available_verified,available_verified,available_verified,available_verified,available_verified,available_verified,available_partial,available_verified
club,Ligue 1,2015/2016,3901196,,2016-04-02,Paris Saint-Germain,OGC Nice,,True,aux_event_object_read,4239,True,93.3,False,True,4,4,18,18,available_verified,True,True,True,True,363,33,True,1,0,True,6,True,105,True,False,False,False,,Ligue 1,A,available_verified,available_verified,available_verified,available_verified,available_verified,available_verified,available_verified,available_verified,available_verified,available_verified,available_verified,available_verified,available_verified,available_verified
club,Ligue 1,2022/2023,3837650,,2022-08-06,Clermont Foot,Paris Saint-Germain,,True,aux_event_object_read,3926,True,90.083,False,True,4,4,25,25,available_verified,True,True,True,True,218,34,True,3,0,True,9,True,137,True,False,False,False,,Ligue 1,A,available_verified,available_verified,available_verified,available_verified,available_verified,available_verified,available_verified,available_verified,available_verified,available_verified,available_verified,available_verified,available_verified,available_verified
club,Premier League,2003/2004,3749552,,2003-09-21,Manchester United,Arsenal,,True,aux_event_object_read,3572,True,93.65,False,True,4,4,15,15,available_verified,True,True,True,True,279,41,True,7,1,True,2,True,111,True,False,False,False,,Premier League,A,available_verified,available_verified,available_verified,available_verified,available_verified,available_verified,available_verified,available_verified,available_verified,available_verified,available_verified,available_verified,available_verified,available_verified
club,Premier League,2015/2016,3754273,,2015-10-31,Watford,West Ham United,,True,aux_event_object_read,3192,True,95.05,False,True,4,4,29,29,available_verified,True,True,True,True,308,44,True,4,1,True,6,True,132,True,False,False,False,,Premier League,A,available_verified,available_verified,available_verified,available_verified,available_verified,available_verified,available_verified,available_verified,available_verified,available_verified,available_verified,available_verified,available_verified,available_verified
club,Serie A,2015/2016,3879721,,2016-02-03,Palermo,AC Milan,,True,aux_event_object_read,3565,True,93.05,False,True,4,4,29,29,available_verified,True,True,True,True,291,44,True,3,0,True,6,True,148,True,False,False,False,,Serie A,A,available_verified,available_verified,available_verified,available_verified,available_verified,available_verified,available_verified,available_verified,available_verified,available_verified,available_verified,available_verified,available_partial,available_verified
club,1. Bundesliga,2015/2016,3890301,,2015-09-20,Borussia Dortmund,Bayer Leverkusen,,True,aux_event_object_read,3829,True,92.067,False,True,4,4,30,30,available_verified,True,True,True,True,412,32,True,4,0,True,6,True,132,True,False,False,False,,1. Bundesliga,A,available_verified,available_verified,available_verified,available_verified,available_verified,available_verified,available_verified,available_verified,available_verified,available_verified,available_verified,available_verified,available_partial,available_verified
club,1. Bundesliga,2023/2024,3895266,,2024-03-10,Bayer Leverkusen,Wolfsburg,,True,aux_event_object_read,4104,True,90.067,False,True,4,4,22,22,available_verified,True,True,True,True,225,23,True,3,1,True,10,True,138,True,False,False,False,,1. Bundesliga,A,available_verified,available_verified,available_verified,available_verified,available_verified,available_verified,available_verified,available_verified,available_verified,available_verified,available_verified,available_verified,available_verified,available_verified
club,Indian Super league,2021/2022,3817855,,2022-02-19,Kerala Blasters,Mohun Bagan Super Giant,,True,aux_event_object_read,3069,True,99.017,False,True,4,4,29,29,available_verified,True,True,True,True,332,36,True,7,2,True,7,True,153,True,False,False,False,,Indian Super league,A,available_verified,available_verified,available_verified,available_verified,available_verified,available_verified,available_verified,available_verified,available_verified,available_verified,available_verified,available_verified,available_verified,available_verified
club,Ligue 1,2015/2016,3901189,,2016-03-19,Lille,Toulouse,,True,aux_event_object_read,3597,True,93.983,False,True,4,4,16,16,available_verified,True,True,True,True,382,31,True,6,0,True,6,True,106,True,False,False,False,,Ligue 1,A,available_verified,available_verified,available_verified,available_verified,available_verified,available_verified,available_verified,available_verified,available_verified,available_verified,available_verified,available_verified,available_verified,available_verified
club,Premier League,2003/2004,3749274,,2004-05-04,Portsmouth,Arsenal,,True,aux_event_object_read,3727,True,92.033,False,True,4,4,33,33,available_verified,True,True,True,True,320,42,True,2,0,True,4,True,152,True,False,False,False,,Premier League,A,available_verified,available_verified,available_verified,available_verified,available_verified,available_verified,available_verified,available_verified,available_verified,available_verified,available_verified,available_verified,available_verified,available_verified
club,Premier League,2015/2016,3754128,,2015-08-08,AFC Bournemouth,Aston Villa,,True,aux_event_object_read,3711,True,95.367,False,True,4,4,19,19,available_verified,True,True,True,True,408,34,True,7,0,True,6,True,129,True,False,False,False,,Premier League,A,available_verified,available_verified,available_verified,available_verified,available_verified,available_verified,available_verified,available_verified,available_verified,available_verified,available_verified,available_verified,available_verified,available_verified
club,Serie A,2015/2016,3879599,,2015-11-01,Lazio,AC Milan,,True,aux_event_object_read,3238,True,95.983,False,True,4,4,19,19,available_verified,True,True,True,True,324,45,True,4,0,True,6,True,101,True,False,False,False,,Serie A,A,available_verified,available_verified,available_verified,available_verified,available_verified,available_verified,available_verified,available_verified,available_verified,available_verified,available_verified,available_verified,available_verified,available_verified
club,1. Bundesliga,2015/2016,3890359,,2015-11-07,Bayer Leverkusen,FC Köln,,True,aux_event_object_read,3026,True,92.983,False,True,4,4,28,28,available_verified,True,True,True,True,268,47,True,3,1,True,6,True,131,True,False,False,False,,1. Bundesliga,A,available_verified,available_verified,available_verified,available_verified,available_verified,available_verified,available_verified,available_verified,available_verified,available_verified,available_verified,available_verified,available_verified,available_verified
club,1. Bundesliga,2023/2024,3895333,,2024-05-05,Eintracht Frankfurt,Bayer Leverkusen,,True,aux_event_object_read,3549,True,94.983,False,True,4,4,26,26,available_verified,True,True,True,True,319,28,True,0,0,True,10,True,146,True,False,False,False,,1. Bundesliga,A,available_verified,available_verified,available_verified,available_verified,available_verified,available_verified,available_verified,available_verified,available_verified,available_verified,available_verified,available_verified,available_partial,available_verified
club,Indian Super league,2021/2022,3813268,,2021-12-06,Jamshedpur,Mohun Bagan Super Giant,,True,aux_event_object_read,2732,True,97.267,False,True,4,4,24,24,available_verified,True,True,True,True,237,33,True,6,0,True,7,True,119,True,False,False,False,,Indian Super league,A,available_verified,available_verified,available_verified,available_verified,available_verified,available_verified,available_verified,available_verified,available_verified,available_verified,available_verified,available_verified,available_verified,available_verified
club,Ligue 1,2015/2016,3900511,,2015-11-21,Lorient,Paris Saint-Germain,,True,aux_event_object_read,4281,True,93.35,False,True,4,4,21,21,available_verified,True,True,True,True,354,42,True,3,0,True,6,True,95,True,False,False,False,,Ligue 1,A,available_verified,available_verified,available_verified,available_verified,available_verified,available_verified,available_verified,available_verified,available_verified,available_verified,available_verified,available_verified,available_verified,available_verified
club,Premier League,2003/2004,3749346,,2003-11-01,Leeds United,Arsenal,,True,aux_event_object_read,3476,True,92.267,False,True,4,4,24,24,available_verified,True,True,True,True,319,39,True,2,0,True,4,True,143,True,False,False,False,,Premier League,A,available_verified,available_verified,available_verified,available_verified,available_verified,available_verified,available_verified,available_verified,available_verified,available_verified,available_verified,available_verified,available_verified,available_verified
club,Premier League,2015/2016,3754105,,2015-09-28,West Bromwich Albion,Everton,,True,aux_event_object_read,3346,True,95.067,False,True,4,4,22,22,available_verified,True,True,True,True,267,31,True,3,0,True,6,True,108,True,False,False,False,,Premier League,A,available_verified,available_verified,available_verified,available_verified,available_verified,available_verified,available_verified,available_verified,available_verified,available_verified,available_verified,available_verified,available_verified,available_verified
club,Serie A,2015/2016,3879703,,2016-01-24,Lazio,Chievo,,True,aux_event_object_read,3728,True,95.95,False,True,4,4,31,31,available_verified,True,True,True,True,389,37,True,3,2,True,6,True,172,True,False,False,False,,Serie A,A,available_verified,available_verified,available_verified,available_verified,available_verified,available_verified,available_verified,available_verified,available_verified,available_verified,available_verified,available_verified,available_partial,available_verified
club,Indian Super league,2021/2022,3813266,,2022-01-08,Goa,Chennaiyin,,True,aux_event_object_read,3050,True,94.283,False,True,4,4,21,21,available_verified,True,True,True,True,291,51,True,4,0,True,6,True,118,True,False,False,False,,Indian Super league,A,available_verified,available_verified,available_verified,available_verified,available_verified,available_verified,available_verified,available_verified,available_verified,available_verified,available_verified,available_verified,available_verified,available_verified
club,Ligue 1,2015/2016,3829500,,2015-10-04,Paris Saint-Germain,Olympique de Marseille,,True,aux_event_object_read,3724,True,92.967,False,True,4,4,29,29,available_verified,True,True,True,True,390,36,True,5,0,True,6,True,139,True,False,False,False,,Ligue 1,A,available_verified,available_verified,available_verified,available_verified,available_verified,available_verified,available_verified,available_verified,available_verified,available_verified,available_verified,available_verified,available_partial,available_verified
club,Premier League,2003/2004,3749192,,2003-11-30,Arsenal,Fulham,,True,aux_event_object_read,3624,True,92.117,False,True,4,4,32,32,available_verified,True,True,True,True,297,41,True,2,0,True,3,True,155,True,False,False,False,,Premier League,A,available_verified,available_verified,available_verified,available_verified,available_verified,available_verified,available_verified,available_verified,available_verified,available_verified,available_verified,available_verified,available_verified,available_verified
club,Premier League,2015/2016,3754009,,2016-04-17,Arsenal,Crystal Palace,,True,aux_event_object_read,4013,True,94.067,False,True,4,4,28,28,available_verified,True,True,True,True,380,38,True,2,0,True,6,True,156,True,False,False,False,,Premier League,A,available_verified,available_verified,available_verified,available_verified,available_verified,available_verified,available_verified,available_verified,available_verified,available_verified,available_verified,available_verified,available_verified,available_verified
club,Serie A,2015/2016,3879681,,2016-01-10,Inter Milan,Sassuolo,,True,aux_event_object_read,3469,True,96.133,False,True,4,4,37,37,available_verified,True,True,True,True,421,49,True,6,0,True,6,True,162,True,False,False,False,,Serie A,A,available_verified,available_verified,available_verified,available_verified,available_verified,available_verified,available_verified,available_verified,available_verified,available_verified,available_verified,available_verified,available_partial,available_verified
club,Indian Super league,2021/2022,3813286,,2021-12-15,Mumbai City,Chennaiyin,,True,aux_event_object_read,3293,True,95.133,False,True,4,4,23,23,available_verified,True,True,True,True,196,30,True,3,0,True,6,True,125,True,False,False,False,,Indian Super league,A,available_verified,available_verified,available_verified,available_verified,available_verified,available_verified,available_verified,available_verified,available_verified,available_verified,available_verified,available_verified,available_verified,available_verified
club,Ligue 1,2015/2016,3901147,,2016-02-20,Toulouse,Gazélec Ajaccio,,True,aux_event_object_read,3540,True,94.083,False,True,4,4,22,22,available_verified,True,True,True,True,314,42,True,5,1,True,6,True,133,True,False,False,False,,Ligue 1,A,available_verified,available_verified,available_verified,available_verified,available_verified,available_verified,available_verified,available_verified,available_verified,available_verified,available_verified,available_verified,available_verified,available_verified
club,Premier League,2003/2004,3749296,,2003-09-13,Arsenal,Portsmouth,,True,aux_event_object_read,3221,True,92.483,False,True,4,4,27,27,available_verified,True,True,True,True,376,46,True,4,0,True,5,True,139,True,False,False,False,,Premier League,A,available_verified,available_verified,available_verified,available_verified,available_verified,available_verified,available_verified,available_verified,available_verified,available_verified,available_verified,available_verified,available_verified,available_verified
club,Premier League,2015/2016,3754000,,2015-11-07,Sunderland,Southampton,,True,aux_event_object_read,3229,True,95.083,False,True,4,4,25,25,available_verified,True,True,True,True,237,35,True,4,0,True,6,True,151,True,False,False,False,,Premier League,A,available_verified,available_verified,available_verified,available_verified,available_verified,available_verified,available_verified,available_verified,available_verified,available_verified,available_verified,available_verified,available_partial,available_verified
club,Serie A,2015/2016,3879710,,2016-01-31,Bologna,Sampdoria,,True,aux_event_object_read,3673,True,95.017,False,True,4,4,23,23,available_verified,True,True,True,True,376,33,True,8,0,True,6,True,106,True,False,False,False,,Serie A,A,available_verified,available_verified,available_verified,available_verified,available_verified,available_verified,available_verified,available_verified,available_verified,available_verified,available_verified,available_verified,available_partial,available_verified
club,Indian Super league,2021/2022,3813300,,2021-12-05,Kerala Blasters,Odisha,,True,aux_event_object_read,3154,True,96.05,False,True,4,4,29,29,available_verified,True,True,True,True,275,30,True,4,0,True,10,True,118,True,False,False,False,,Indian Super league,A,available_verified,available_verified,available_verified,available_verified,available_verified,available_verified,available_verified,available_verified,available_verified,available_verified,available_verified,available_verified,available_verified,available_verified
club,Ligue 1,2015/2016,3901236,,2016-04-30,Nantes,OGC Nice,,True,aux_event_object_read,3824,True,92.1,False,True,4,4,24,24,available_verified,True,True,True,True,358,35,True,2,0,True,6,True,117,True,False,False,False,,Ligue 1,A,available_verified,available_verified,available_verified,available_verified,available_verified,available_verified,available_verified,available_verified,available_verified,available_verified,available_verified,available_verified,available_verified,available_verified
club,Premier League,2003/2004,3749068,,2004-04-25,Tottenham Hotspur,Arsenal,,True,aux_event_object_read,3156,True,97.533,False,True,4,4,23,23,available_verified,True,True,True,True,253,46,True,3,0,True,5,True,117,True,False,False,False,,Premier League,A,available_verified,available_verified,available_verified,available_verified,available_verified,available_verified,available_verified,available_verified,available_verified,available_verified,available_verified,available_verified,available_partial,available_verified
club,Premier League,2015/2016,3754092,,2016-05-02,Chelsea,Tottenham Hotspur,,True,aux_event_object_read,3299,True,96.9,False,True,4,4,29,29,available_verified,True,True,True,True,352,46,True,12,0,True,5,True,129,True,False,False,False,,Premier League,A,available_verified,available_verified,available_verified,available_verified,available_verified,available_verified,available_verified,available_verified,available_verified,available_verified,available_verified,available_verified,available_verified,available_verified
club,Serie A,2015/2016,3878603,,2015-09-19,Udinese,Empoli,,True,aux_event_object_read,3397,True,94.983,False,True,4,4,20,20,available_verified,True,True,True,True,295,52,True,8,1,True,6,True,120,True,False,False,False,,Serie A,A,available_verified,available_verified,available_verified,available_verified,available_verified,available_verified,available_verified,available_verified,available_verified,available_verified,available_verified,available_verified,available_verified,available_verified
club,Indian Super league,2021/2022,3813314,,2021-11-19,Mohun Bagan Super Giant,Kerala Blasters,,True,aux_event_object_read,3027,True,95.633,False,True,4,4,24,24,available_verified,True,True,True,True,290,32,True,4,0,True,8,True,149,True,False,False,False,,Indian Super league,A,available_verified,available_verified,available_verified,available_verified,available_verified,available_verified,available_verified,available_verified,available_verified,available_verified,available_verified,available_verified,available_partial,available_verified
club,Ligue 1,2015/2016,3901168,,2016-03-05,Lille,Stade de Reims,,True,aux_event_object_read,3175,True,93.067,False,True,4,4,17,17,available_verified,True,True,True,True,334,43,True,5,1,True,5,True,108,True,False,False,False,,Ligue 1,A,available_verified,available_verified,available_verified,available_verified,available_verified,available_verified,available_verified,available_verified,available_verified,available_verified,available_verified,available_verified,available_verified,available_verified
club,Premier League,2003/2004,3749454,,2003-08-31,Manchester City,Arsenal,,True,aux_event_object_read,3338,True,93.5,False,True,4,4,23,23,available_verified,True,True,True,True,225,50,True,7,0,True,6,True,139,True,False,False,False,,Premier League,A,available_verified,available_verified,available_verified,available_verified,available_verified,available_verified,available_verified,available_verified,available_verified,available_verified,available_verified,available_verified,available_verified,available_verified
club,Premier League,2015/2016,3754301,,2015-11-21,West Bromwich Albion,Arsenal,,True,aux_event_object_read,3503,True,94.05,False,True,4,4,17,17,available_verified,True,True,True,True,291,34,True,5,0,True,6,True,130,True,False,False,False,,Premier League,A,available_verified,available_verified,available_verified,available_verified,available_verified,available_verified,available_verified,available_verified,available_verified,available_verified,available_verified,available_verified,available_verified,available_verified
club,Serie A,2015/2016,3879739,,2016-02-13,Juventus,Napoli,,True,aux_event_object_read,4187,True,93.2,False,True,4,4,20,20,available_verified,True,True,True,True,336,34,True,4,0,True,5,True,117,True,False,False,False,,Serie A,A,available_verified,available_verified,available_verified,available_verified,available_verified,available_verified,available_verified,available_verified,available_verified,available_verified,available_verified,available_verified,available_verified,available_verified
club,Indian Super league,2021/2022,3817902,,2022-02-14,Kerala Blasters,East Bengal,,True,aux_event_object_read,3001,True,96.183,False,True,4,4,24,24,available_verified,True,True,True,True,249,37,True,4,0,True,8,True,133,True,False,False,False,,Indian Super league,A,available_verified,available_verified,available_verified,available_verified,available_verified,available_verified,available_verified,available_verified,available_verified,available_verified,available_verified,available_verified,available_verified,available_verified
club,Ligue 1,2015/2016,3829439,,2015-08-22,Toulouse,AS Monaco,,True,aux_event_object_read,3249,True,93.0,False,True,4,4,25,25,available_verified,True,True,True,True,262,41,True,4,0,True,6,True,123,True,False,False,False,,Ligue 1,A,available_verified,available_verified,available_verified,available_verified,available_verified,available_verified,available_verified,available_verified,available_verified,available_verified,available_verified,available_verified,available_verified,available_verified
club,Premier League,2015/2016,3754030,,2016-04-09,Watford,Everton,,True,aux_event_object_read,3391,True,94.067,False,True,4,4,25,25,available_verified,True,True,True,True,431,39,True,3,0,True,6,True,140,True,False,False,False,,Premier League,A,available_verified,available_verified,available_verified,available_verified,available_verified,available_verified,available_verified,available_verified,available_verified,available_verified,available_verified,available_verified,available_verified,available_verified
club,Serie A,2015/2016,3879811,,2016-04-10,Napoli,Hellas Verona,,True,aux_event_object_read,3975,True,90.1,False,True,4,4,27,27,available_verified,True,True,True,True,346,35,True,5,1,True,6,True,153,True,False,False,False,,Serie A,A,available_verified,available_verified,available_verified,available_verified,available_verified,available_verified,available_verified,available_verified,available_verified,available_verified,available_verified,available_verified,available_partial,available_verified
club,Indian Super league,2021/2022,3817896,,2022-02-07,East Bengal,Odisha,,True,aux_event_object_read,3325,True,96.783,False,True,4,4,23,23,available_verified,True,True,True,True,285,30,True,2,0,True,8,True,118,True,False,False,False,,Indian Super league,A,available_verified,available_verified,available_verified,available_verified,available_verified,available_verified,available_verified,available_verified,available_verified,available_verified,available_verified,available_verified,available_verified,available_verified
club,Ligue 1,2015/2016,3829462,,2015-09-13,Gazélec Ajaccio,AS Monaco,,True,aux_event_object_read,2928,True,96.183,False,True,4,4,37,37,available_verified,True,True,True,True,241,51,True,6,0,True,6,True,182,True,False,False,False,,Ligue 1,A,available_verified,available_verified,available_verified,available_verified,available_verified,available_verified,available_verified,available_verified,available_verified,available_verified,available_verified,available_verified,available_partial,available_verified
club,Premier League,2015/2016,3754178,,2015-11-28,Aston Villa,Watford,,True,aux_event_object_read,3023,True,101.183,False,True,4,4,29,29,available_verified,True,True,True,True,219,42,True,5,0,True,5,True,133,True,False,False,False,,Premier League,A,available_verified,available_verified,available_verified,available_verified,available_verified,available_verified,available_verified,available_verified,available_verified,available_verified,available_verified,available_verified,available_verified,available_verified
club,Serie A,2015/2016,3879835,,2016-04-20,Chievo,Frosinone,,True,aux_event_object_read,3681,True,90.167,False,True,4,4,31,31,available_verified,True,True,True,True,385,33,True,6,2,True,6,True,136,True,False,False,False,,Serie A,A,available_verified,available_verified,available_verified,available_verified,available_verified,available_verified,available_verified,available_verified,available_verified,available_verified,available_verified,available_verified,available_partial,available_verified
club,Indian Super league,2021/2022,3827337,,2022-03-11,Jamshedpur,Kerala Blasters,,True,aux_event_object_read,2640,True,95.15,False,True,4,4,12,12,available_verified,True,True,True,True,343,45,True,3,0,True,10,True,94,True,False,False,False,,Indian Super league,A,available_verified,available_verified,available_verified,available_verified,available_verified,available_verified,available_verified,available_verified,available_verified,available_verified,available_verified,available_verified,available_verified,available_verified
club,Ligue 1,2015/2016,3900620,,2016-02-06,Stade Malherbe Caen,Stade de Reims,,True,aux_event_object_read,3339,True,94.483,False,True,4,4,28,28,available_verified,True,True,True,True,380,34,True,5,0,True,6,True,121,True,False,False,False,,Ligue 1,A,available_verified,available_verified,available_verified,available_verified,available_verified,available_verified,available_verified,available_verified,available_verified,available_verified,available_verified,available_verified,available_verified,available_verified
club,Premier League,2015/2016,3754153,,2015-12-19,Stoke City,Crystal Palace,,True,aux_event_object_read,2973,True,95.35,False,True,4,4,36,36,available_verified,True,True,True,True,153,25,True,2,0,True,5,True,143,True,False,False,False,,Premier League,A,available_verified,available_verified,available_verified,available_verified,available_verified,available_verified,available_verified,available_verified,available_verified,available_verified,available_verified,available_verified,available_partial,available_verified
club,Serie A,2015/2016,3879652,,2015-12-13,AC Milan,Hellas Verona,,True,aux_event_object_read,3526,True,94.2,False,True,4,4,29,29,available_verified,True,True,True,True,335,50,True,9,1,True,6,True,156,True,False,False,False,,Serie A,A,available_verified,available_verified,available_verified,available_verified,available_verified,available_verified,available_verified,available_verified,available_verified,available_verified,available_verified,available_verified,available_partial,available_verified
club,Indian Super league,2021/2022,3817888,,2022-01-29,Mohun Bagan Super Giant,East Bengal,,True,aux_event_object_read,3177,True,96.317,False,True,4,4,44,44,available_verified,True,True,True,True,295,29,True,3,0,True,7,True,164,True,False,False,False,,Indian Super league,A,available_verified,available_verified,available_verified,available_verified,available_verified,available_verified,available_verified,available_verified,available_verified,available_verified,available_verified,available_verified,available_verified,available_verified
club,Ligue 1,2015/2016,3900623,,2016-02-06,Lorient,Montpellier,,True,aux_event_object_read,3916,True,93.8,False,True,4,4,17,17,available_verified,True,True,True,True,433,29,True,2,1,True,6,True,103,True,False,False,False,,Ligue 1,A,available_verified,available_verified,available_verified,available_verified,available_verified,available_verified,available_verified,available_verified,available_verified,available_verified,available_verified,available_verified,available_verified,available_verified
club,Premier League,2015/2016,3754241,,2016-04-09,West Ham United,Arsenal,,True,aux_event_object_read,3512,True,93.317,False,True,4,4,28,28,available_verified,True,True,True,True,180,32,True,2,0,True,4,True,168,True,False,False,False,,Premier League,A,available_verified,available_verified,available_verified,available_verified,available_verified,available_verified,available_verified,available_verified,available_verified,available_verified,available_verified,available_verified,available_verified,available_verified
club,Serie A,2015/2016,3879678,,2016-01-09,Carpi,Udinese,,True,aux_event_object_read,3681,True,94.0,False,True,4,4,23,23,available_verified,True,True,True,True,268,40,True,2,0,True,6,True,135,True,False,False,False,,Serie A,A,available_verified,available_verified,available_verified,available_verified,available_verified,available_verified,available_verified,available_verified,available_verified,available_verified,available_verified,available_verified,available_verified,available_verified
club,Indian Super league,2021/2022,3817852,,2022-02-06,Chennaiyin,Mumbai City,,True,aux_event_object_read,2861,True,96.733,False,True,4,4,23,23,available_verified,True,True,True,True,249,32,True,3,0,True,6,True,117,True,False,False,False,,Indian Super league,A,available_verified,available_verified,available_verified,available_verified,available_verified,available_verified,available_verified,available_verified,available_verified,available_verified,available_verified,available_verified,available_verified,available_verified
club,Ligue 1,2015/2016,3901159,,2016-02-28,Lyon,Paris Saint-Germain,,True,aux_event_object_read,3508,True,91.9,False,True,4,4,21,21,available_verified,True,True,True,True,270,50,True,8,0,True,5,True,124,True,False,False,False,,Ligue 1,A,available_verified,available_verified,available_verified,available_verified,available_verified,available_verified,available_verified,available_verified,available_verified,available_verified,available_verified,available_verified,available_verified,available_verified
club,Premier League,2015/2016,3754194,,2015-11-07,West Ham United,Everton,,True,aux_event_object_read,3392,True,95.083,False,True,4,4,33,33,available_verified,True,True,True,True,234,31,True,3,0,True,5,True,131,True,False,False,False,,Premier League,A,available_verified,available_verified,available_verified,available_verified,available_verified,available_verified,available_verified,available_verified,available_verified,available_verified,available_verified,available_verified,available_verified,available_verified
club,Serie A,2015/2016,3879741,,2016-02-13,Chievo,Sassuolo,,True,aux_event_object_read,3288,True,94.067,False,True,4,4,27,27,available_verified,True,True,True,True,319,46,True,5,0,True,6,True,158,True,False,False,False,,Serie A,A,available_verified,available_verified,available_verified,available_verified,available_verified,available_verified,available_verified,available_verified,available_verified,available_verified,available_verified,available_verified,available_partial,available_verified
club,Indian Super league,2021/2022,3813301,,2021-12-10,Odisha,NorthEast United,,True,aux_event_object_read,2945,True,97.883,False,True,4,4,30,30,available_verified,True,True,True,True,215,34,True,2,0,True,8,True,119,True,False,False,False,,Indian Super league,A,available_verified,available_verified,available_verified,available_verified,available_verified,available_verified,available_verified,available_verified,available_verified,available_verified,available_verified,available_verified,available_verified,available_verified
club,Ligue 1,2015/2016,3829503,,2015-10-17,Nantes,Troyes,,True,aux_event_object_read,3610,True,93.05,False,True,4,4,32,32,available_verified,True,True,True,True,342,26,True,1,0,True,6,True,147,True,False,False,False,,Ligue 1,A,available_verified,available_verified,available_verified,available_verified,available_verified,available_verified,available_verified,available_verified,available_verified,available_verified,available_verified,available_verified,available_verified,available_verified
club,Premier League,2015/2016,3754115,,2015-10-17,Chelsea,Aston Villa,,True,aux_event_object_read,3332,True,94.0,False,True,4,4,20,20,available_verified,True,True,True,True,384,47,True,4,0,True,5,True,105,True,False,False,False,,Premier League,A,available_verified,available_verified,available_verified,available_verified,available_verified,available_verified,available_verified,available_verified,available_verified,available_verified,available_verified,available_verified,available_verified,available_verified
club,Serie A,2015/2016,3879602,,2015-11-01,Fiorentina,Frosinone,,True,aux_event_object_read,4215,True,91.967,False,True,4,4,37,37,available_verified,True,True,True,True,362,32,True,1,0,True,6,True,152,True,False,False,False,,Serie A,A,available_verified,available_verified,available_verified,available_verified,available_verified,available_verified,available_verified,available_verified,available_verified,available_verified,available_verified,available_verified,available_partial,available_verified
club,Indian Super league,2021/2022,3817898,,2022-02-26,Goa,Mumbai City,,True,aux_event_object_read,2827,True,95.05,False,True,4,4,31,31,available_verified,True,True,True,True,227,48,True,8,0,True,9,True,147,True,False,False,False,,Indian Super league,A,available_verified,available_verified,available_verified,available_verified,available_verified,available_verified,available_verified,available_verified,available_verified,available_verified,available_verified,available_verified,available_partial,available_verified
club,Ligue 1,2015/2016,3829511,,2015-10-18,Bordeaux,Montpellier,,True,aux_event_object_read,3546,True,94.633,False,True,4,4,22,22,available_verified,True,True,True,True,320,36,True,6,0,True,6,True,109,True,False,False,False,,Ligue 1,A,available_verified,available_verified,available_verified,available_verified,available_verified,available_verified,available_verified,available_verified,available_verified,available_verified,available_verified,available_verified,available_verified,available_verified
club,Premier League,2015/2016,3754179,,2016-01-23,Crystal Palace,Tottenham Hotspur,,True,aux_event_object_read,3319,True,95.483,False,True,4,4,35,35,available_verified,True,True,True,True,347,35,True,4,0,True,5,True,138,True,False,False,False,,Premier League,A,available_verified,available_verified,available_verified,available_verified,available_verified,available_verified,available_verified,available_verified,available_verified,available_verified,available_verified,available_verified,available_verified,available_verified
club,Serie A,2015/2016,3879776,,2016-03-06,Bologna,Carpi,,True,aux_event_object_read,3687,True,95.017,False,True,4,4,23,23,available_verified,True,True,True,True,313,53,True,4,0,True,6,True,149,True,False,False,False,,Serie A,A,available_verified,available_verified,available_verified,available_verified,available_verified,available_verified,available_verified,available_verified,available_verified,available_verified,available_verified,available_verified,available_verified,available_verified
club,Indian Super league,2021/2022,3817870,,2022-03-06,Goa,Kerala Blasters,,True,aux_event_object_read,3113,True,95.333,False,True,4,4,28,28,available_verified,True,True,True,True,275,40,True,3,0,True,10,True,132,True,False,False,False,,Indian Super league,A,available_verified,available_verified,available_verified,available_verified,available_verified,available_verified,available_verified,available_verified,available_verified,available_verified,available_verified,available_verified,available_partial,available_verified
club,Ligue 1,2015/2016,3900505,,2015-11-07,Stade Malherbe Caen,Guingamp,,True,aux_event_object_read,3235,True,94.55,False,True,4,4,28,28,available_verified,True,True,True,True,327,47,True,2,0,True,5,True,150,True,False,False,False,,Ligue 1,A,available_verified,available_verified,available_verified,available_verified,available_verified,available_verified,available_verified,available_verified,available_verified,available_verified,available_verified,available_verified,available_verified,available_verified
club,Premier League,2015/2016,3754002,,2016-03-14,Leicester City,Newcastle United,,True,aux_event_object_read,3599,True,93.1,False,True,4,4,23,23,available_verified,True,True,True,True,324,25,True,0,0,True,5,True,130,True,False,False,False,,Premier League,A,available_verified,available_verified,available_verified,available_verified,available_verified,available_verified,available_verified,available_verified,available_verified,available_verified,available_verified,available_verified,available_verified,available_verified
club,Serie A,2015/2016,3879640,,2015-12-06,Frosinone,Chievo,,True,aux_event_object_read,3017,True,95.667,False,True,4,4,24,24,available_verified,True,True,True,True,385,55,True,8,1,True,6,True,136,True,False,False,False,,Serie A,A,available_verified,available_verified,available_verified,available_verified,available_verified,available_verified,available_verified,available_verified,available_verified,available_verified,available_verified,available_verified,available_partial,available_verified
club,Indian Super league,2021/2022,3817899,,2022-03-04,Jamshedpur,Odisha,,True,aux_event_object_read,2707,True,94.133,False,True,4,4,25,25,available_verified,True,True,True,True,259,44,True,3,1,True,10,True,108,True,False,False,False,,Indian Super league,A,available_verified,available_verified,available_verified,available_verified,available_verified,available_verified,available_verified,available_verified,available_verified,available_verified,available_verified,available_verified,available_verified,available_verified
club,Ligue 1,2015/2016,3901243,,2016-05-07,Bastia,Angers,,True,aux_event_object_read,3544,True,92.567,False,True,4,4,19,19,available_verified,True,True,True,True,410,46,True,2,0,True,6,True,120,True,False,False,False,,Ligue 1,A,available_verified,available_verified,available_verified,available_verified,available_verified,available_verified,available_verified,available_verified,available_verified,available_verified,available_verified,available_verified,available_verified,available_verified
club,Premier League,2015/2016,3754104,,2015-08-22,Norwich City,Stoke City,,True,aux_event_object_read,3225,True,94.1,False,True,4,4,28,28,available_verified,True,True,True,True,261,35,True,5,0,True,5,True,122,True,False,False,False,,Premier League,A,available_verified,available_verified,available_verified,available_verified,available_verified,available_verified,available_verified,available_verified,available_verified,available_verified,available_verified,available_verified,available_verified,available_verified
club,Serie A,2015/2016,3879645,,2015-12-06,Bologna,Napoli,,True,aux_event_object_read,4125,True,94.883,False,True,4,4,27,27,available_verified,True,True,True,True,534,48,True,3,0,True,6,True,145,True,False,False,False,,Serie A,A,available_verified,available_verified,available_verified,available_verified,available_verified,available_verified,available_verified,available_verified,available_verified,available_verified,available_verified,available_verified,available_verified,available_verified
club,Indian Super league,2021/2022,3813298,,2021-11-21,East Bengal,Jamshedpur,,True,aux_event_object_read,2764,True,95.517,False,True,4,4,29,29,available_verified,True,True,True,True,221,43,True,2,0,True,9,True,133,True,False,False,False,,Indian Super league,A,available_verified,available_verified,available_verified,available_verified,available_verified,available_verified,available_verified,available_verified,available_verified,available_verified,available_verified,available_verified,available_verified,available_verified
club,Ligue 1,2015/2016,3829507,,2015-10-17,Toulouse,Angers,,True,aux_event_object_read,4069,True,94.15,False,True,4,4,29,29,available_verified,True,True,True,True,393,39,True,2,0,True,6,True,131,True,False,False,False,,Ligue 1,A,available_verified,available_verified,available_verified,available_verified,available_verified,available_verified,available_verified,available_verified,available_verified,available_verified,available_verified,available_verified,available_verified,available_verified
club,Premier League,2015/2016,3754291,,2015-12-28,Watford,Tottenham Hotspur,,True,aux_event_object_read,3287,True,94.533,False,True,4,4,18,18,available_verified,True,True,True,True,239,35,True,6,1,True,6,True,124,True,False,False,False,,Premier League,A,available_verified,available_verified,available_verified,available_verified,available_verified,available_verified,available_verified,available_verified,available_verified,available_verified,available_verified,available_verified,available_verified,available_verified
club,Serie A,2015/2016,3879546,,2015-09-24,Empoli,Atalanta,,True,aux_event_object_read,4060,True,95.967,False,True,4,4,23,23,available_verified,True,True,True,True,519,44,True,6,0,True,6,True,118,True,False,False,False,,Serie A,A,available_verified,available_verified,available_verified,available_verified,available_verified,available_verified,available_verified,available_verified,available_verified,available_verified,available_verified,available_verified,available_verified,available_verified
club,Indian Super league,2021/2022,3813309,,2021-11-23,SC Delhi,Chennaiyin,,True,aux_event_object_read,2815,True,95.017,False,True,4,4,21,21,available_verified,True,True,True,True,256,46,True,2,0,True,8,True,144,True,False,False,False,,Indian Super league,A,available_verified,available_verified,available_verified,available_verified,available_verified,available_verified,available_verified,available_verified,available_verified,available_verified,available_verified,available_verified,available_partial,available_verified
club,Ligue 1,2015/2016,3829435,,2015-08-22,Lyon,Rennes,,True,aux_event_object_read,3499,True,93.117,False,True,4,4,21,21,available_verified,True,True,True,True,346,33,True,4,0,True,6,True,108,True,False,False,False,,Ligue 1,A,available_verified,available_verified,available_verified,available_verified,available_verified,available_verified,available_verified,available_verified,available_verified,available_verified,available_verified,available_verified,available_verified,available_verified
club,Premier League,2015/2016,3754076,,2015-10-03,Sunderland,West Ham United,,True,aux_event_object_read,3210,True,95.817,False,True,4,4,31,31,available_verified,True,True,True,True,246,37,True,7,1,True,6,True,124,True,False,False,False,,Premier League,A,available_verified,available_verified,available_verified,available_verified,available_verified,available_verified,available_verified,available_verified,available_verified,available_verified,available_verified,available_verified,available_verified,available_verified
club,Serie A,2015/2016,3878545,,2015-08-23,Sampdoria,Carpi,,True,aux_event_object_read,3454,True,92.917,False,True,4,4,35,35,available_verified,True,True,True,True,328,38,True,5,1,True,5,True,139,True,False,False,False,,Serie A,A,available_verified,available_verified,available_verified,available_verified,available_verified,available_verified,available_verified,available_verified,available_verified,available_verified,available_verified,available_verified,available_partial,available_verified
club,Indian Super league,2021/2022,3817892,,2022-02-24,Odisha,Mohun Bagan Super Giant,,True,aux_event_object_read,3199,True,97.383,False,True,4,4,30,30,available_verified,True,True,True,True,323,39,True,6,1,True,9,True,140,True,False,False,False,,Indian Super league,A,available_verified,available_verified,available_verified,available_verified,available_verified,available_verified,available_verified,available_verified,available_verified,available_verified,available_verified,available_verified,available_partial,available_verified
club,Ligue 1,2015/2016,3900586,,2016-01-16,Guingamp,Nantes,,True,aux_event_object_read,3260,True,95.65,False,True,4,4,18,18,available_verified,True,True,True,True,336,45,True,5,1,True,6,True,143,True,False,False,False,,Ligue 1,A,available_verified,available_verified,available_verified,available_verified,available_verified,available_verified,available_verified,available_verified,available_verified,available_verified,available_verified,available_verified,available_verified,available_verified
club,Premier League,2015/2016,3754005,,2016-03-02,Stoke City,Newcastle United,,True,aux_event_object_read,3372,True,93.9,False,True,4,4,14,14,available_verified,True,True,True,True,277,26,True,1,0,True,6,True,119,True,False,False,False,,Premier League,A,available_verified,available_verified,available_verified,available_verified,available_verified,available_verified,available_verified,available_verified,available_verified,available_verified,available_verified,available_verified,available_verified,available_verified
club,Serie A,2015/2016,3879755,,2016-02-21,Frosinone,Lazio,,True,aux_event_object_read,3487,True,94.333,False,True,4,4,27,27,available_verified,True,True,True,True,322,36,True,2,0,True,6,True,142,True,False,False,False,,Serie A,A,available_verified,available_verified,available_verified,available_verified,available_verified,available_verified,available_verified,available_verified,available_verified,available_verified,available_verified,available_verified,available_verified,available_verified
club,Indian Super league,2021/2022,3817856,,2022-03-07,Mohun Bagan Super Giant,Jamshedpur,,True,aux_event_object_read,3086,True,97.5,False,True,4,4,26,26,available_verified,True,True,True,True,322,34,True,5,0,True,9,True,129,True,False,False,False,,Indian Super league,A,available_verified,available_verified,available_verified,available_verified,available_verified,available_verified,available_verified,available_verified,available_verified,available_verified,available_verified,available_verified,available_verified,available_verified
club,Ligue 1,2015/2016,3900617,,2016-02-03,Stade de Reims,Angers,,True,aux_event_object_read,3335,True,94.25,False,True,4,4,26,26,available_verified,True,True,True,True,295,43,True,3,1,True,6,True,153,True,False,False,False,,Ligue 1,A,available_verified,available_verified,available_verified,available_verified,available_verified,available_verified,available_verified,available_verified,available_verified,available_verified,available_verified,available_verified,available_verified,available_verified
club,Premier League,2015/2016,3754014,,2015-12-26,Stoke City,Manchester United,,True,aux_event_object_read,3074,True,93.017,False,True,4,4,23,23,available_verified,True,True,True,True,279,43,True,3,0,True,5,True,135,True,False,False,False,,Premier League,A,available_verified,available_verified,available_verified,available_verified,available_verified,available_verified,available_verified,available_verified,available_verified,available_verified,available_verified,available_verified,available_verified,available_verified
club,Serie A,2015/2016,3879561,,2015-10-04,Fiorentina,Atalanta,,True,aux_event_object_read,3580,True,92.833,False,True,4,4,34,34,available_verified,True,True,True,True,313,39,True,2,1,True,6,True,136,True,False,False,False,,Serie A,A,available_verified,available_verified,available_verified,available_verified,available_verified,available_verified,available_verified,available_verified,available_verified,available_verified,available_verified,available_verified,available_partial,available_verified
club,Indian Super league,2021/2022,3817884,,2022-02-08,SC Delhi,Mohun Bagan Super Giant,,True,aux_event_object_read,3004,True,96.25,False,True,4,4,32,32,available_verified,True,True,True,True,301,39,True,4,0,True,8,True,137,True,False,False,False,,Indian Super league,A,available_verified,available_verified,available_verified,available_verified,available_verified,available_verified,available_verified,available_verified,available_verified,available_verified,available_verified,available_verified,available_verified,available_verified
club,Ligue 1,2015/2016,3900543,,2015-12-05,Stade de Reims,Troyes,,True,aux_event_object_read,3796,True,93.55,False,True,4,4,25,25,available_verified,True,True,True,True,347,29,True,2,0,True,6,True,148,True,False,False,False,,Ligue 1,A,available_verified,available_verified,available_verified,available_verified,available_verified,available_verified,available_verified,available_verified,available_verified,available_verified,available_verified,available_verified,available_verified,available_verified
club,Premier League,2015/2016,3754145,,2015-08-10,West Bromwich Albion,Manchester City,,True,aux_event_object_read,4018,True,93.033,False,True,4,4,29,29,available_verified,True,True,True,True,293,31,True,5,0,True,6,True,140,True,False,False,False,,Premier League,A,available_verified,available_verified,available_verified,available_verified,available_verified,available_verified,available_verified,available_verified,available_verified,available_verified,available_verified,available_verified,available_verified,available_verified
club,Serie A,2015/2016,3878559,,2015-08-30,Atalanta,Frosinone,,True,aux_event_object_read,3533,True,94.0,False,True,4,4,39,39,available_verified,True,True,True,True,391,36,True,5,0,True,6,True,177,True,False,False,False,,Serie A,A,available_verified,available_verified,available_verified,available_verified,available_verified,available_verified,available_verified,available_verified,available_verified,available_verified,available_verified,available_verified,available_partial,available_verified
club,Indian Super league,2021/2022,3813295,,2021-12-28,SC Delhi,Odisha,,True,aux_event_object_read,2906,True,94.133,False,True,4,4,21,21,available_verified,True,True,True,True,259,40,True,4,0,True,10,True,112,True,False,False,False,,Indian Super league,A,available_verified,available_verified,available_verified,available_verified,available_verified,available_verified,available_verified,available_verified,available_verified,available_verified,available_verified,available_verified,available_partial,available_verified
club,Ligue 1,2015/2016,3829499,,2015-10-04,Stade Malherbe Caen,Saint-Étienne,,True,aux_event_object_read,3087,True,93.533,False,True,4,4,25,25,available_verified,True,True,True,True,311,40,True,3,0,True,6,True,124,True,False,False,False,,Ligue 1,A,available_verified,available_verified,available_verified,available_verified,available_verified,available_verified,available_verified,available_verified,available_verified,available_verified,available_verified,available_verified,available_verified,available_verified
club,Premier League,2015/2016,3754345,,2016-01-17,Liverpool,Manchester United,,True,aux_event_object_read,3676,True,93.35,False,True,4,4,27,27,available_verified,True,True,True,True,361,37,True,2,0,True,6,True,131,True,False,False,False,,Premier League,A,available_verified,available_verified,available_verified,available_verified,available_verified,available_verified,available_verified,available_verified,available_verified,available_verified,available_verified,available_verified,available_verified,available_verified
club,Serie A,2015/2016,3879550,,2015-09-27,Inter Milan,Fiorentina,,True,aux_event_object_read,4223,True,91.967,False,True,4,4,18,18,available_verified,True,True,True,True,364,32,True,6,1,True,6,True,90,True,False,False,False,,Serie A,A,available_verified,available_verified,available_verified,available_verified,available_verified,available_verified,available_verified,available_verified,available_verified,available_verified,available_verified,available_verified,available_partial,available_verified
club,Indian Super league,2021/2022,3813274,,2021-12-04,Bengaluru,Mumbai City,,True,aux_event_object_read,2407,True,95.117,False,True,4,4,21,21,available_verified,True,True,True,True,268,48,True,5,0,True,10,True,123,True,False,False,False,,Indian Super league,A,available_verified,available_verified,available_verified,available_verified,available_verified,available_verified,available_verified,available_verified,available_verified,available_verified,available_verified,available_verified,available_partial,available_verified
club,Ligue 1,2015/2016,3901173,,2016-03-09,Gazélec Ajaccio,Olympique de Marseille,,True,aux_event_object_read,3127,True,93.1,False,True,4,4,22,22,available_verified,True,True,True,True,295,52,True,4,0,True,5,True,145,True,False,False,False,,Ligue 1,A,available_verified,available_verified,available_verified,available_verified,available_verified,available_verified,available_verified,available_verified,available_verified,available_verified,available_verified,available_verified,available_verified,available_verified
club,Premier League,2015/2016,3754088,,2016-01-12,Newcastle United,Manchester United,,True,aux_event_object_read,3697,True,94.133,False,True,4,4,26,26,available_verified,True,True,True,True,359,32,True,4,0,True,5,True,130,True,False,False,False,,Premier League,A,available_verified,available_verified,available_verified,available_verified,available_verified,available_verified,available_verified,available_verified,available_verified,available_verified,available_verified,available_verified,available_partial,available_verified
club,Serie A,2015/2016,3879792,,2016-03-20,Sampdoria,Chievo,,True,aux_event_object_read,3250,True,94.833,False,True,4,4,28,28,available_verified,True,True,True,True,242,53,True,7,0,True,6,True,130,True,False,False,False,,Serie A,A,available_verified,available_verified,available_verified,available_verified,available_verified,available_verified,available_verified,available_verified,available_verified,available_verified,available_verified,available_verified,available_partial,available_verified
club,Indian Super league,2021/2022,3813272,,2021-12-18,Goa,SC Delhi,,True,aux_event_object_read,2967,True,94.15,False,True,4,4,30,30,available_verified,True,True,True,True,285,44,True,8,0,True,6,True,134,True,False,False,False,,Indian Super league,A,available_verified,available_verified,available_verified,available_verified,available_verified,available_verified,available_verified,available_verified,available_verified,available_verified,available_verified,available_verified,available_verified,available_verified
club,Ligue 1,2015/2016,3901252,,2016-05-07,Lyon,AS Monaco,,True,aux_event_object_read,3455,True,90.983,False,True,4,4,34,34,available_verified,True,True,True,True,293,43,True,5,1,True,6,True,126,True,False,False,False,,Ligue 1,A,available_verified,available_verified,available_verified,available_verified,available_verified,available_verified,available_verified,available_verified,available_verified,available_verified,available_verified,available_verified,available_verified,available_verified
club,Premier League,2015/2016,3754127,,2016-02-06,Stoke City,Everton,,True,aux_event_object_read,3780,True,93.1,False,True,4,4,26,26,available_verified,True,True,True,True,394,30,True,1,0,True,6,True,143,True,False,False,False,,Premier League,A,available_verified,available_verified,available_verified,available_verified,available_verified,available_verified,available_verified,available_verified,available_verified,available_verified,available_verified,available_verified,available_verified,available_verified
club,Serie A,2015/2016,3879809,,2016-04-09,Sassuolo,Genoa,,True,aux_event_object_read,3457,True,93.433,False,True,4,4,26,26,available_verified,True,True,True,True,314,48,True,3,0,True,6,True,149,True,False,False,False,,Serie A,A,available_verified,available_verified,available_verified,available_verified,available_verified,available_verified,available_verified,available_verified,available_verified,available_verified,available_verified,available_verified,available_verified,available_verified
club,Indian Super league,2021/2022,3813302,,2022-01-06,Jamshedpur,NorthEast United,,True,aux_event_object_read,3185,True,96.267,False,True,4,4,29,29,available_verified,True,True,True,True,289,22,True,1,0,True,8,True,131,True,False,False,False,,Indian Super league,A,available_verified,available_verified,available_verified,available_verified,available_verified,available_verified,available_verified,available_verified,available_verified,available_verified,available_verified,available_verified,available_verified,available_verified
club,Ligue 1,2015/2016,3829414,,2015-08-08,Olympique de Marseille,Stade Malherbe Caen,,True,aux_event_object_read,3296,True,93.0,False,True,4,4,26,26,available_verified,True,True,True,True,301,38,True,1,0,True,6,True,155,True,False,False,False,,Ligue 1,A,available_verified,available_verified,available_verified,available_verified,available_verified,available_verified,available_verified,available_verified,available_verified,available_verified,available_verified,available_verified,available_verified,available_verified
club,Premier League,2015/2016,3754045,,2015-12-29,Leicester City,Manchester City,,True,aux_event_object_read,3370,True,93.483,False,True,4,4,32,32,available_verified,True,True,True,True,308,34,True,4,0,True,6,True,161,True,False,False,False,,Premier League,A,available_verified,available_verified,available_verified,available_verified,available_verified,available_verified,available_verified,available_verified,available_verified,available_verified,available_verified,available_verified,available_verified,available_verified
club,Serie A,2015/2016,3878604,,2015-09-20,Napoli,Lazio,,True,aux_event_object_read,3934,True,92.083,False,True,4,4,28,28,available_verified,True,True,True,True,409,35,True,3,0,True,6,True,113,True,False,False,False,,Serie A,A,available_verified,available_verified,available_verified,available_verified,available_verified,available_verified,available_verified,available_verified,available_verified,available_verified,available_verified,available_verified,available_verified,available_verified
club,Indian Super league,2021/2022,3813283,,2021-12-30,Chennaiyin,Bengaluru,,True,aux_event_object_read,2979,True,95.317,False,True,4,4,24,24,available_verified,True,True,True,True,272,33,True,4,0,True,8,True,155,True,False,False,False,,Indian Super league,A,available_verified,available_verified,available_verified,available_verified,available_verified,available_verified,available_verified,available_verified,available_verified,available_verified,available_verified,available_verified,available_partial,available_verified
club,Ligue 1,2015/2016,3900554,,2015-12-12,Troyes,Bastia,,True,aux_event_object_read,3344,True,93.117,False,True,4,4,28,28,available_verified,True,True,True,True,305,49,True,6,0,True,6,True,134,True,False,False,False,,Ligue 1,A,available_verified,available_verified,available_verified,available_verified,available_verified,available_verified,available_verified,available_verified,available_verified,available_verified,available_verified,available_verified,available_verified,available_verified
club,Premier League,2015/2016,3754001,,2015-09-26,Newcastle United,Chelsea,,True,aux_event_object_read,3392,True,97.333,False,True,4,4,28,28,available_verified,True,True,True,True,322,38,True,3,0,True,6,True,125,True,False,False,False,,Premier League,A,available_verified,available_verified,available_verified,available_verified,available_verified,available_verified,available_verified,available_verified,available_verified,available_verified,available_verified,available_verified,available_verified,available_verified
club,Serie A,2015/2016,3879868,,2016-05-14,Sassuolo,Inter Milan,,True,aux_event_object_read,3541,True,91.917,False,True,4,4,21,21,available_verified,True,True,True,True,334,41,True,7,1,True,6,True,138,True,False,False,False,,Serie A,A,available_verified,available_verified,available_verified,available_verified,available_verified,available_verified,available_verified,available_verified,available_verified,available_verified,available_verified,available_verified,available_verified,available_verified
club,Indian Super league,2021/2022,3813303,,2021-12-29,Mohun Bagan Super Giant,Goa,,True,aux_event_object_read,3562,True,95.683,False,True,4,4,22,22,available_verified,True,True,True,True,364,36,True,2,0,True,7,True,112,True,False,False,False,,Indian Super league,A,available_verified,available_verified,available_verified,available_verified,available_verified,available_verified,available_verified,available_verified,available_verified,available_verified,available_verified,available_verified,available_verified,available_verified
club,Ligue 1,2015/2016,3900522,,2015-11-28,Toulouse,OGC Nice,,True,aux_event_object_read,4327,True,92.967,False,True,4,4,19,19,available_verified,True,True,True,True,517,27,True,4,1,True,6,True,100,True,False,False,False,,Ligue 1,A,available_verified,available_verified,available_verified,available_verified,available_verified,available_verified,available_verified,available_verified,available_verified,available_verified,available_verified,available_verified,available_partial,available_verified
club,Premier League,2015/2016,3754064,,2016-03-20,Southampton,Liverpool,,True,aux_event_object_read,3841,True,94.167,False,True,4,4,34,34,available_verified,True,True,True,True,438,34,True,4,0,True,6,True,142,True,False,False,False,,Premier League,A,available_verified,available_verified,available_verified,available_verified,available_verified,available_verified,available_verified,available_verified,available_verified,available_verified,available_verified,available_verified,available_verified,available_verified
club,Serie A,2015/2016,3879631,,2015-11-29,Chievo,Udinese,,True,aux_event_object_read,3330,True,93.95,False,True,4,4,29,29,available_verified,True,True,True,True,336,49,True,7,0,True,6,True,150,True,False,False,False,,Serie A,A,available_verified,available_verified,available_verified,available_verified,available_verified,available_verified,available_verified,available_verified,available_verified,available_verified,available_verified,available_verified,available_verified,available_verified
club,Indian Super league,2021/2022,3817893,,2022-02-28,East Bengal,NorthEast United,,True,aux_event_object_read,3106,True,94.35,False,True,4,4,28,28,available_verified,True,True,True,True,266,27,True,2,0,True,8,True,141,True,False,False,False,,Indian Super league,A,available_verified,available_verified,available_verified,available_verified,available_verified,available_verified,available_verified,available_verified,available_verified,available_verified,available_verified,available_verified,available_partial,available_verified
club,Ligue 1,2015/2016,3901234,,2016-04-30,Stade de Reims,Montpellier,,True,aux_event_object_read,3267,True,93.183,False,True,4,4,27,27,available_verified,True,True,True,True,270,48,True,3,0,True,6,True,140,True,False,False,False,,Ligue 1,A,available_verified,available_verified,available_verified,available_verified,available_verified,available_verified,available_verified,available_verified,available_verified,available_verified,available_verified,available_verified,available_verified,available_verified
club,Premier League,2015/2016,3754338,,2016-01-16,Newcastle United,West Ham United,,True,aux_event_object_read,3588,True,97.117,False,True,4,4,33,33,available_verified,True,True,True,True,310,22,True,1,0,True,6,True,118,True,False,False,False,,Premier League,A,available_verified,available_verified,available_verified,available_verified,available_verified,available_verified,available_verified,available_verified,available_verified,available_verified,available_verified,available_verified,available_verified,available_verified
club,Serie A,2015/2016,3879712,,2016-01-31,AC Milan,Inter Milan,,True,aux_event_object_read,3354,True,92.983,False,True,4,4,26,26,available_verified,True,True,True,True,388,45,True,4,0,True,6,True,142,True,False,False,False,,Serie A,A,available_verified,available_verified,available_verified,available_verified,available_verified,available_verified,available_verified,available_verified,available_verified,available_verified,available_verified,available_verified,available_verified,available_verified
club,Indian Super league,2021/2022,3813296,,2021-11-25,NorthEast United,Kerala Blasters,,True,aux_event_object_read,2814,True,93.667,False,True,4,4,20,20,available_verified,True,True,True,True,282,35,True,3,0,True,10,True,120,True,False,False,False,,Indian Super league,A,available_verified,available_verified,available_verified,available_verified,available_verified,available_verified,available_verified,available_verified,available_verified,available_verified,available_verified,available_verified,available_verified,available_verified
club,Ligue 1,2015/2016,3901237,,2016-04-30,Saint-Étienne,Toulouse,,True,aux_event_object_read,2902,True,92.983,False,True,4,4,18,18,available_verified,True,True,True,True,227,48,True,4,1,True,6,True,157,True,False,False,False,,Ligue 1,A,available_verified,available_verified,available_verified,available_verified,available_verified,available_verified,available_verified,available_verified,available_verified,available_verified,available_verified,available_verified,available_verified,available_verified
club,Premier League,2015/2016,3754309,,2015-12-26,Southampton,Arsenal,,True,aux_event_object_read,3326,True,94.0,False,True,4,4,22,22,available_verified,True,True,True,True,270,34,True,1,0,True,6,True,118,True,False,False,False,,Premier League,A,available_verified,available_verified,available_verified,available_verified,available_verified,available_verified,available_verified,available_verified,available_verified,available_verified,available_verified,available_verified,available_verified,available_verified
club,Serie A,2015/2016,3879861,,2016-05-08,Frosinone,Sassuolo,,True,aux_event_object_read,2943,True,93.967,False,True,4,4,39,39,available_verified,True,True,True,True,315,47,True,8,0,True,6,True,170,True,False,False,False,,Serie A,A,available_verified,available_verified,available_verified,available_verified,available_verified,available_verified,available_verified,available_verified,available_verified,available_verified,available_verified,available_verified,available_verified,available_verified
club,Indian Super league,2021/2022,3817869,,2022-02-11,Bengaluru,SC Delhi,,True,aux_event_object_read,2912,True,95.167,False,True,4,4,19,19,available_verified,True,True,True,True,312,47,True,4,0,True,9,True,105,True,False,False,False,,Indian Super league,A,available_verified,available_verified,available_verified,available_verified,available_verified,available_verified,available_verified,available_verified,available_verified,available_verified,available_verified,available_verified,available_verified,available_verified
club,Ligue 1,2015/2016,3901175,,2016-03-12,Montpellier,OGC Nice,,True,aux_event_object_read,4095,True,92.467,False,True,4,4,21,21,available_verified,True,True,True,True,486,39,True,3,0,True,6,True,114,True,False,False,False,,Ligue 1,A,available_verified,available_verified,available_verified,available_verified,available_verified,available_verified,available_verified,available_verified,available_verified,available_verified,available_verified,available_verified,available_verified,available_verified
club,Premier League,2015/2016,3754143,,2015-12-06,Newcastle United,Liverpool,,True,aux_event_object_read,3574,True,96.783,False,True,4,4,16,16,available_verified,True,True,True,True,315,27,True,4,0,True,6,True,114,True,False,False,False,,Premier League,A,available_verified,available_verified,available_verified,available_verified,available_verified,available_verified,available_verified,available_verified,available_verified,available_verified,available_verified,available_verified,available_verified,available_verified
club,Serie A,2015/2016,3879833,,2016-04-20,Juventus,Lazio,,True,aux_event_object_read,3532,True,90.183,False,True,4,4,26,26,available_verified,True,True,True,True,240,29,True,3,1,True,6,True,108,True,False,False,False,,Serie A,A,available_verified,available_verified,available_verified,available_verified,available_verified,available_verified,available_verified,available_verified,available_verified,available_verified,available_verified,available_verified,available_partial,available_verified
club,Indian Super league,2021/2022,3813294,,2021-11-29,NorthEast United,Chennaiyin,,True,aux_event_object_read,3193,True,94.267,False,True,4,4,23,23,available_verified,True,True,True,True,275,33,True,4,0,True,8,True,112,True,False,False,False,,Indian Super league,A,available_verified,available_verified,available_verified,available_verified,available_verified,available_verified,available_verified,available_verified,available_verified,available_verified,available_verified,available_verified,available_verified,available_verified
club,Ligue 1,2015/2016,3901253,,2016-05-11,Bordeaux,Paris Saint-Germain,,True,aux_event_object_read,4166,True,93.117,False,True,4,4,19,19,available_verified,True,True,True,True,333,28,True,3,0,True,6,True,99,True,False,False,False,,Ligue 1,A,available_verified,available_verified,available_verified,available_verified,available_verified,available_verified,available_verified,available_verified,available_verified,available_verified,available_verified,available_verified,available_verified,available_verified
club,Premier League,2015/2016,3754038,,2015-11-29,Norwich City,Arsenal,,True,aux_event_object_read,3776,True,93.1,False,True,4,4,19,19,available_verified,True,True,True,True,310,27,True,2,0,True,6,True,132,True,False,False,False,,Premier League,A,available_verified,available_verified,available_verified,available_verified,available_verified,available_verified,available_verified,available_verified,available_verified,available_verified,available_verified,available_verified,available_verified,available_verified
club,Serie A,2015/2016,3879666,,2016-01-05,Genoa,Sampdoria,,True,aux_event_object_read,3407,True,93.967,False,True,4,4,29,29,available_verified,True,True,True,True,301,53,True,7,0,True,6,True,118,True,False,False,False,,Serie A,A,available_verified,available_verified,available_verified,available_verified,available_verified,available_verified,available_verified,available_verified,available_verified,available_verified,available_verified,available_verified,available_verified,available_verified
club,Indian Super league,2021/2022,3813267,,2021-12-07,East Bengal,Goa,,True,aux_event_object_read,3359,True,95.567,False,True,4,4,28,28,available_verified,True,True,True,True,348,32,True,4,0,True,10,True,120,True,False,False,False,,Indian Super league,A,available_verified,available_verified,available_verified,available_verified,available_verified,available_verified,available_verified,available_verified,available_verified,available_verified,available_verified,available_verified,available_partial,available_verified
club,Ligue 1,2015/2016,3900614,,2016-02-03,Lille,Stade Malherbe Caen,,True,aux_event_object_read,3554,True,93.633,False,True,4,4,22,22,available_verified,True,True,True,True,346,49,True,2,1,True,6,True,131,True,False,False,False,,Ligue 1,A,available_verified,available_verified,available_verified,available_verified,available_verified,available_verified,available_verified,available_verified,available_verified,available_verified,available_verified,available_verified,available_verified,available_verified
club,Premier League,2015/2016,3754293,,2015-11-07,Stoke City,Chelsea,,True,aux_event_object_read,3088,True,94.017,False,True,4,4,26,26,available_verified,True,True,True,True,291,39,True,4,0,True,6,True,138,True,False,False,False,,Premier League,A,available_verified,available_verified,available_verified,available_verified,available_verified,available_verified,available_verified,available_verified,available_verified,available_verified,available_verified,available_verified,available_verified,available_verified
club,Serie A,2015/2016,3878546,,2015-08-23,Sassuolo,Napoli,,True,aux_event_object_read,3564,True,94.017,False,True,4,4,32,32,available_verified,True,True,True,True,392,41,True,6,0,True,6,True,138,True,False,False,False,,Serie A,A,available_verified,available_verified,available_verified,available_verified,available_verified,available_verified,available_verified,available_verified,available_verified,available_verified,available_verified,available_verified,available_verified,available_verified
club,Indian Super league,2021/2022,3813299,,2021-12-08,SC Delhi,Bengaluru,,True,aux_event_object_read,2813,True,95.183,False,True,4,4,19,19,available_verified,True,True,True,True,234,46,True,3,0,True,8,True,117,True,False,False,False,,Indian Super league,A,available_verified,available_verified,available_verified,available_verified,available_verified,available_verified,available_verified,available_verified,available_verified,available_verified,available_verified,available_verified,available_verified,available_verified
club,Ligue 1,2015/2016,3900615,,2016-02-03,Nantes,Gazélec Ajaccio,,True,aux_event_object_read,3399,True,92.983,False,True,4,4,19,19,available_verified,True,True,True,True,328,47,True,2,1,True,6,True,114,True,False,False,False,,Ligue 1,A,available_verified,available_verified,available_verified,available_verified,available_verified,available_verified,available_verified,available_verified,available_verified,available_verified,available_verified,available_verified,available_verified,available_verified
club,Premier League,2015/2016,3754333,,2016-05-15,Newcastle United,Tottenham Hotspur,,True,aux_event_object_read,3550,True,93.033,False,True,4,4,37,37,available_verified,True,True,True,True,299,24,True,3,1,True,6,True,142,True,False,False,False,,Premier League,A,available_verified,available_verified,available_verified,available_verified,available_verified,available_verified,available_verified,available_verified,available_verified,available_verified,available_verified,available_verified,available_partial,available_verified
club,Serie A,2015/2016,3879670,,2016-01-06,Juventus,Hellas Verona,,True,aux_event_object_read,3633,True,94.3,False,True,4,4,23,23,available_verified,True,True,True,True,415,40,True,5,0,True,6,True,118,True,False,False,False,,Serie A,A,available_verified,available_verified,available_verified,available_verified,available_verified,available_verified,available_verified,available_verified,available_verified,available_verified,available_verified,available_verified,available_verified,available_verified
club,Indian Super league,2021/2022,3817858,,2022-02-26,Kerala Blasters,Chennaiyin,,True,aux_event_object_read,3351,True,95.683,False,True,4,4,24,24,available_verified,True,True,True,True,254,39,True,4,0,True,10,True,136,True,False,False,False,,Indian Super league,A,available_verified,available_verified,available_verified,available_verified,available_verified,available_verified,available_verified,available_verified,available_verified,available_verified,available_verified,available_verified,available_verified,available_verified
club,Ligue 1,2015/2016,3829429,,2015-08-15,Rennes,Montpellier,,True,aux_event_object_read,3852,True,94.017,False,True,4,4,14,14,available_verified,True,True,True,True,411,29,True,4,0,True,6,True,103,True,False,False,False,,Ligue 1,A,available_verified,available_verified,available_verified,available_verified,available_verified,available_verified,available_verified,available_verified,available_verified,available_verified,available_verified,available_verified,available_verified,available_verified
club,Premier League,2015/2016,3754334,,2016-03-01,AFC Bournemouth,Southampton,,True,aux_event_object_read,3161,True,94.0,False,True,4,4,16,16,available_verified,True,True,True,True,379,45,True,0,0,True,6,True,109,True,False,False,False,,Premier League,A,available_verified,available_verified,available_verified,available_verified,available_verified,available_verified,available_verified,available_verified,available_verified,available_verified,available_verified,available_verified,available_verified,available_verified
club,Serie A,2015/2016,3879746,,2016-02-14,Fiorentina,Inter Milan,,True,aux_event_object_read,3418,True,96.117,False,True,4,4,18,18,available_verified,True,True,True,True,293,45,True,7,3,True,5,True,110,True,False,False,False,,Serie A,A,available_verified,available_verified,available_verified,available_verified,available_verified,available_verified,available_verified,available_verified,available_verified,available_verified,available_verified,available_verified,available_verified,available_verified
club,Indian Super league,2021/2022,3817881,,2022-02-10,Jamshedpur,Kerala Blasters,,True,aux_event_object_read,2430,True,96.067,False,True,4,4,22,22,available_verified,True,True,True,True,249,35,True,6,0,True,10,True,121,True,False,False,False,,Indian Super league,A,available_verified,available_verified,available_verified,available_verified,available_verified,available_verified,available_verified,available_verified,available_verified,available_verified,available_verified,available_verified,available_partial,available_verified
club,Ligue 1,2015/2016,3900494,,2015-10-31,Gazélec Ajaccio,Bordeaux,,True,aux_event_object_read,3510,True,94.033,False,True,4,4,15,15,available_verified,True,True,True,True,360,42,True,8,1,True,6,True,94,True,False,False,False,,Ligue 1,A,available_verified,available_verified,available_verified,available_verified,available_verified,available_verified,available_verified,available_verified,available_verified,available_verified,available_verified,available_verified,available_verified,available_verified
club,Premier League,2015/2016,3753987,,2015-08-22,Leicester City,Tottenham Hotspur,,True,aux_event_object_read,3141,True,94.383,False,True,4,4,32,32,available_verified,True,True,True,True,225,30,True,5,0,True,6,True,122,True,False,False,False,,Premier League,A,available_verified,available_verified,available_verified,available_verified,available_verified,available_verified,available_verified,available_verified,available_verified,available_verified,available_verified,available_verified,available_verified,available_verified
club,Serie A,2015/2016,3879552,,2015-09-27,Bologna,Udinese,,True,aux_event_object_read,3555,True,93.967,False,True,4,4,24,24,available_verified,True,True,True,True,353,35,True,7,0,True,6,True,152,True,False,False,False,,Serie A,A,available_verified,available_verified,available_verified,available_verified,available_verified,available_verified,available_verified,available_verified,available_verified,available_verified,available_verified,available_verified,available_verified,available_verified
club,Indian Super league,2021/2022,3813285,,2021-12-11,Goa,Bengaluru,,True,aux_event_object_read,2378,True,96.05,False,True,4,4,24,24,available_verified,True,True,True,True,262,45,True,7,2,True,8,True,112,True,False,False,False,,Indian Super league,A,available_verified,available_verified,available_verified,available_verified,available_verified,available_verified,available_verified,available_verified,available_verified,available_verified,available_verified,available_verified,available_verified,available_verified
club,Ligue 1,2015/2016,3901194,,2016-04-01,AS Monaco,Bordeaux,,True,aux_event_object_read,3658,True,94.65,False,True,4,4,25,25,available_verified,True,True,True,True,453,50,True,2,0,True,6,True,117,True,False,False,False,,Ligue 1,A,available_verified,available_verified,available_verified,available_verified,available_verified,available_verified,available_verified,available_verified,available_verified,available_verified,available_verified,available_verified,available_partial,available_verified
club,Premier League,2015/2016,3754049,,2016-02-27,Leicester City,Norwich City,,True,aux_event_object_read,3264,True,95.033,False,True,4,4,23,23,available_verified,True,True,True,True,360,31,True,2,0,True,6,True,115,True,False,False,False,,Premier League,A,available_verified,available_verified,available_verified,available_verified,available_verified,available_verified,available_verified,available_verified,available_verified,available_verified,available_verified,available_verified,available_verified,available_verified
club,Serie A,2015/2016,3879797,,2016-04-02,Carpi,Sassuolo,,True,aux_event_object_read,3658,True,94.867,False,True,4,4,20,20,available_verified,True,True,True,True,358,43,True,6,0,True,6,True,141,True,False,False,False,,Serie A,A,available_verified,available_verified,available_verified,available_verified,available_verified,available_verified,available_verified,available_verified,available_verified,available_verified,available_verified,available_verified,available_verified,available_verified
club,Indian Super league,2021/2022,3827336,,2022-03-16,Mohun Bagan Super Giant,SC Delhi,,True,aux_event_object_read,2781,True,96.817,False,True,4,4,40,40,available_verified,True,True,True,True,270,44,True,3,0,True,8,True,178,True,False,False,False,,Indian Super league,A,available_verified,available_verified,available_verified,available_verified,available_verified,available_verified,available_verified,available_verified,available_verified,available_verified,available_verified,available_verified,available_verified,available_verified
club,Ligue 1,2015/2016,3900600,,2016-01-29,Olympique de Marseille,Lille,,True,aux_event_object_read,3622,True,95.883,False,True,4,4,28,28,available_verified,True,True,True,True,376,45,True,2,1,True,6,True,136,True,False,False,False,,Ligue 1,A,available_verified,available_verified,available_verified,available_verified,available_verified,available_verified,available_verified,available_verified,available_verified,available_verified,available_verified,available_verified,available_verified,available_verified
club,Premier League,2015/2016,3754024,,2016-04-16,Newcastle United,Swansea City,,True,aux_event_object_read,3335,True,94.017,False,True,4,4,24,24,available_verified,True,True,True,True,366,36,True,3,0,True,6,True,113,True,False,False,False,,Premier League,A,available_verified,available_verified,available_verified,available_verified,available_verified,available_verified,available_verified,available_verified,available_verified,available_verified,available_verified,available_verified,available_verified,available_verified
club,Serie A,2015/2016,3879612,,2015-11-08,Frosinone,Genoa,,True,aux_event_object_read,3013,True,94.067,False,True,4,4,28,28,available_verified,True,True,True,True,307,53,True,6,1,True,6,True,165,True,False,False,False,,Serie A,A,available_verified,available_verified,available_verified,available_verified,available_verified,available_verified,available_verified,available_verified,available_verified,available_verified,available_verified,available_verified,available_verified,available_verified
club,Indian Super league,2021/2022,3817894,,2022-02-01,Goa,Odisha,,True,aux_event_object_read,2848,True,94.567,False,True,4,4,35,35,available_verified,True,True,True,True,248,38,True,2,0,True,9,True,149,True,False,False,False,,Indian Super league,A,available_verified,available_verified,available_verified,available_verified,available_verified,available_verified,available_verified,available_verified,available_verified,available_verified,available_verified,available_verified,available_partial,available_verified
club,Ligue 1,2015/2016,3900631,,2016-02-13,Montpellier,Toulouse,,True,aux_event_object_read,3729,True,94.15,False,True,4,4,17,17,available_verified,True,True,True,True,403,40,True,2,0,True,6,True,124,True,False,False,False,,Ligue 1,A,available_verified,available_verified,available_verified,available_verified,available_verified,available_verified,available_verified,available_verified,available_verified,available_verified,available_verified,available_verified,available_verified,available_verified
club,Premier League,2015/2016,3754248,,2015-12-26,AFC Bournemouth,Crystal Palace,,True,aux_event_object_read,3304,True,93.533,False,True,4,4,17,17,available_verified,True,True,True,True,293,42,True,1,0,True,6,True,134,True,False,False,False,,Premier League,A,available_verified,available_verified,available_verified,available_verified,available_verified,available_verified,available_verified,available_verified,available_verified,available_verified,available_verified,available_verified,available_verified,available_verified
club,Serie A,2015/2016,3879744,,2016-02-14,Sampdoria,Atalanta,,True,aux_event_object_read,3605,True,95.183,False,True,4,4,19,19,available_verified,True,True,True,True,360,41,True,6,0,True,6,True,133,True,False,False,False,,Serie A,A,available_verified,available_verified,available_verified,available_verified,available_verified,available_verified,available_verified,available_verified,available_verified,available_verified,available_verified,available_verified,available_verified,available_verified
club,Indian Super league,2021/2022,3813265,,2022-01-07,East Bengal,Mumbai City,,True,aux_event_object_read,2879,True,96.017,False,True,4,4,20,20,available_verified,True,True,True,True,262,31,True,2,0,True,8,True,141,True,False,False,False,,Indian Super league,A,available_verified,available_verified,available_verified,available_verified,available_verified,available_verified,available_verified,available_verified,available_verified,available_verified,available_verified,available_verified,available_verified,available_verified
club,Ligue 1,2015/2016,3829426,,2015-08-15,Guingamp,Lyon,,True,aux_event_object_read,3103,True,94.917,False,True,4,4,22,22,available_verified,True,True,True,True,289,44,True,4,0,True,6,True,111,True,False,False,False,,Ligue 1,A,available_verified,available_verified,available_verified,available_verified,available_verified,available_verified,available_verified,available_verified,available_verified,available_verified,available_verified,available_verified,available_verified,available_verified
club,Premier League,2015/2016,3754217,,2015-09-19,Chelsea,Arsenal,,True,aux_event_object_read,3732,True,95.633,False,True,4,4,33,33,available_verified,True,True,True,True,320,34,True,6,2,True,6,True,141,True,False,False,False,,Premier League,A,available_verified,available_verified,available_verified,available_verified,available_verified,available_verified,available_verified,available_verified,available_verified,available_verified,available_verified,available_verified,available_verified,available_verified
club,Serie A,2015/2016,3878556,,2015-08-30,Torino,Fiorentina,,True,aux_event_object_read,3392,True,94.95,False,True,4,4,18,18,available_verified,True,True,True,True,290,35,True,5,0,True,6,True,104,True,False,False,False,,Serie A,A,available_verified,available_verified,available_verified,available_verified,available_verified,available_verified,available_verified,available_verified,available_verified,available_verified,available_verified,available_verified,available_verified,available_verified
club,Indian Super league,2021/2022,3817883,,2022-02-05,Bengaluru,Jamshedpur,,True,aux_event_object_read,2735,True,96.767,False,True,4,4,24,24,available_verified,True,True,True,True,280,41,True,0,0,True,8,True,132,True,False,False,False,,Indian Super league,A,available_verified,available_verified,available_verified,available_verified,available_verified,available_verified,available_verified,available_verified,available_verified,available_verified,available_verified,available_verified,available_verified,available_verified
club,Ligue 1,2015/2016,3829413,,2015-08-07,Lille,Paris Saint-Germain,,True,aux_event_object_read,3351,True,95.117,False,True,4,4,18,18,available_verified,True,True,True,True,237,39,True,6,1,True,6,True,99,True,False,False,False,,Ligue 1,A,available_verified,available_verified,available_verified,available_verified,available_verified,available_verified,available_verified,available_verified,available_verified,available_verified,available_verified,available_verified,available_verified,available_verified
club,Premier League,2015/2016,3754079,,2015-10-03,Manchester City,Newcastle United,,True,aux_event_object_read,3448,True,94.083,False,True,4,4,29,29,available_verified,True,True,True,True,248,34,True,5,0,True,6,True,143,True,False,False,False,,Premier League,A,available_verified,available_verified,available_verified,available_verified,available_verified,available_verified,available_verified,available_verified,available_verified,available_verified,available_verified,available_verified,available_verified,available_verified
club,Serie A,2015/2016,3879826,,2016-04-17,Hellas Verona,Frosinone,,True,aux_event_object_read,3068,True,94.933,False,True,4,4,30,30,available_verified,True,True,True,True,334,55,True,6,0,True,6,True,159,True,False,False,False,,Serie A,A,available_verified,available_verified,available_verified,available_verified,available_verified,available_verified,available_verified,available_verified,available_verified,available_verified,available_verified,available_verified,available_verified,available_verified
club,Indian Super league,2021/2022,3813279,,2021-12-18,Chennaiyin,Odisha,,True,aux_event_object_read,3240,True,95.967,False,True,4,4,29,29,available_verified,True,True,True,True,254,36,True,7,0,True,10,True,159,True,False,False,False,,Indian Super league,A,available_verified,available_verified,available_verified,available_verified,available_verified,available_verified,available_verified,available_verified,available_verified,available_verified,available_verified,available_verified,available_verified,available_verified
club,Ligue 1,2015/2016,3829421,,2015-08-09,Toulouse,Saint-Étienne,,True,aux_event_object_read,3476,True,95.617,False,True,4,4,21,21,available_verified,True,True,True,True,337,29,True,1,1,True,6,True,112,True,False,False,False,,Ligue 1,A,available_verified,available_verified,available_verified,available_verified,available_verified,available_verified,available_verified,available_verified,available_verified,available_verified,available_verified,available_verified,available_verified,available_verified
club,Premier League,2015/2016,3754261,,2016-02-14,Arsenal,Leicester City,,True,aux_event_object_read,3787,True,95.7,False,True,4,4,32,32,available_verified,True,True,True,True,339,37,True,8,1,True,6,True,185,True,False,False,False,,Premier League,A,available_verified,available_verified,available_verified,available_verified,available_verified,available_verified,available_verified,available_verified,available_verified,available_verified,available_verified,available_verified,available_partial,available_verified
club,Serie A,2015/2016,3879822,,2016-04-17,Udinese,Chievo,,True,aux_event_object_read,3241,True,95.017,False,True,4,4,21,21,available_verified,True,True,True,True,276,45,True,6,2,True,6,True,123,True,False,False,False,,Serie A,A,available_verified,available_verified,available_verified,available_verified,available_verified,available_verified,available_verified,available_verified,available_verified,available_verified,available_verified,available_verified,available_verified,available_verified
club,Indian Super league,2021/2022,3817882,,2022-02-02,East Bengal,Chennaiyin,,True,aux_event_object_read,3336,True,94.333,False,True,4,4,33,33,available_verified,True,True,True,True,288,35,True,2,0,True,10,True,144,True,False,False,False,,Indian Super league,A,available_verified,available_verified,available_verified,available_verified,available_verified,available_verified,available_verified,available_verified,available_verified,available_verified,available_verified,available_verified,available_verified,available_verified
club,Ligue 1,2015/2016,3900622,,2016-02-06,Bastia,Troyes,,True,aux_event_object_read,3346,True,93.05,False,True,4,4,22,22,available_verified,True,True,True,True,311,34,True,2,3,True,6,True,130,True,False,False,False,,Ligue 1,A,available_verified,available_verified,available_verified,available_verified,available_verified,available_verified,available_verified,available_verified,available_verified,available_verified,available_verified,available_verified,available_partial,available_verified
club,Premier League,2015/2016,3754285,,2015-12-26,Aston Villa,West Ham United,,True,aux_event_object_read,3129,True,95.4,False,True,4,4,25,25,available_verified,True,True,True,True,295,43,True,6,0,True,5,True,145,True,False,False,False,,Premier League,A,available_verified,available_verified,available_verified,available_verified,available_verified,available_verified,available_verified,available_verified,available_verified,available_verified,available_verified,available_verified,available_partial,available_verified
club,Serie A,2015/2016,3879646,,2015-12-06,Fiorentina,Udinese,,True,aux_event_object_read,3733,True,93.083,False,True,4,4,23,23,available_verified,True,True,True,True,367,45,True,7,0,True,6,True,130,True,False,False,False,,Serie A,A,available_verified,available_verified,available_verified,available_verified,available_verified,available_verified,available_verified,available_verified,available_verified,available_verified,available_verified,available_verified,available_partial,available_verified
club,Indian Super league,2021/2022,3813315,,2021-11-26,Goa,Jamshedpur,,True,aux_event_object_read,2597,True,95.0,False,True,4,4,25,25,available_verified,True,True,True,True,218,47,True,3,0,True,7,True,121,True,False,False,False,,Indian Super league,A,available_verified,available_verified,available_verified,available_verified,available_verified,available_verified,available_verified,available_verified,available_verified,available_verified,available_verified,available_verified,available_verified,available_verified
club,Ligue 1,2015/2016,3829493,,2015-10-02,Lille,Montpellier,,True,aux_event_object_read,3509,True,93.1,False,True,4,4,31,31,available_verified,True,True,True,True,398,40,True,4,0,True,6,True,129,True,False,False,False,,Ligue 1,A,available_verified,available_verified,available_verified,available_verified,available_verified,available_verified,available_verified,available_verified,available_verified,available_verified,available_verified,available_verified,available_partial,available_verified
club,Premier League,2015/2016,3754323,,2015-09-26,West Ham United,Norwich City,,True,aux_event_object_read,3245,True,94.183,False,True,4,4,35,35,available_verified,True,True,True,True,269,37,True,0,0,True,6,True,147,True,False,False,False,,Premier League,A,available_verified,available_verified,available_verified,available_verified,available_verified,available_verified,available_verified,available_verified,available_verified,available_verified,available_verified,available_verified,available_verified,available_verified
club,Serie A,2015/2016,3879828,,2016-04-20,AS Roma,Torino,,True,aux_event_object_read,3459,True,95.183,False,True,4,4,35,35,available_verified,True,True,True,True,316,40,True,4,0,True,6,True,143,True,False,False,False,,Serie A,A,available_verified,available_verified,available_verified,available_verified,available_verified,available_verified,available_verified,available_verified,available_verified,available_verified,available_verified,available_verified,available_partial,available_verified
club,Indian Super league,2021/2022,3817853,,2022-01-19,Goa,East Bengal,,True,aux_event_object_read,3227,True,99.35,False,True,4,4,23,23,available_verified,True,True,True,True,259,40,True,2,0,True,7,True,154,True,False,False,False,,Indian Super league,A,available_verified,available_verified,available_verified,available_verified,available_verified,available_verified,available_verified,available_verified,available_verified,available_verified,available_verified,available_verified,available_verified,available_verified
club,Ligue 1,2015/2016,3900569,,2015-12-20,Saint-Étienne,Angers,,True,aux_event_object_read,3303,True,94.083,False,True,4,4,28,28,available_verified,True,True,True,True,305,36,True,6,0,True,6,True,130,True,False,False,False,,Ligue 1,A,available_verified,available_verified,available_verified,available_verified,available_verified,available_verified,available_verified,available_verified,available_verified,available_verified,available_verified,available_verified,available_verified,available_verified
club,Premier League,2015/2016,3754249,,2016-03-05,Manchester City,Aston Villa,,True,aux_event_object_read,4264,True,93.05,False,True,4,4,25,25,available_verified,True,True,True,True,410,31,True,1,0,True,6,True,145,True,False,False,False,,Premier League,A,available_verified,available_verified,available_verified,available_verified,available_verified,available_verified,available_verified,available_verified,available_verified,available_verified,available_verified,available_verified,available_partial,available_verified
club,Serie A,2015/2016,3879558,,2015-10-03,Carpi,Torino,,True,aux_event_object_read,3331,True,95.2,False,True,4,4,22,22,available_verified,True,True,True,True,239,36,True,3,0,True,6,True,136,True,False,False,False,,Serie A,A,available_verified,available_verified,available_verified,available_verified,available_verified,available_verified,available_verified,available_verified,available_verified,available_verified,available_verified,available_verified,available_partial,available_verified
club,Indian Super league,2021/2022,3817886,,2022-02-04,Kerala Blasters,NorthEast United,,True,aux_event_object_read,2963,True,95.65,False,True,4,4,27,27,available_verified,True,True,True,True,293,44,True,6,1,True,8,True,144,True,False,False,False,,Indian Super league,A,available_verified,available_verified,available_verified,available_verified,available_verified,available_verified,available_verified,available_verified,available_verified,available_verified,available_verified,available_verified,available_verified,available_verified
club,Ligue 1,2015/2016,3900540,,2015-12-04,OGC Nice,Paris Saint-Germain,,True,aux_event_object_read,4146,True,92.967,False,True,4,4,23,23,available_verified,True,True,True,True,336,27,True,2,1,True,6,True,116,True,False,False,False,,Ligue 1,A,available_verified,available_verified,available_verified,available_verified,available_verified,available_verified,available_verified,available_verified,available_verified,available_verified,available_verified,available_verified,available_partial,available_verified
club,Premier League,2015/2016,3754177,,2016-03-05,Newcastle United,AFC Bournemouth,,True,aux_event_object_read,3938,True,94.067,False,True,4,4,31,31,available_verified,True,True,True,True,482,33,True,4,0,True,6,True,151,True,False,False,False,,Premier League,A,available_verified,available_verified,available_verified,available_verified,available_verified,available_verified,available_verified,available_verified,available_verified,available_verified,available_verified,available_verified,available_verified,available_verified
club,Serie A,2015/2016,3879794,,2016-03-20,Atalanta,Bologna,,True,aux_event_object_read,3309,True,92.933,False,True,4,4,24,24,available_verified,True,True,True,True,291,50,True,4,2,True,6,True,141,True,False,False,False,,Serie A,A,available_verified,available_verified,available_verified,available_verified,available_verified,available_verified,available_verified,available_verified,available_verified,available_verified,available_verified,available_verified,available_partial,available_verified
club,Indian Super league,2021/2022,3813308,,2021-12-24,Odisha,Goa,,True,aux_event_object_read,3424,True,95.717,False,True,4,4,24,24,available_verified,True,True,True,True,290,40,True,4,0,True,10,True,135,True,False,False,False,,Indian Super league,A,available_verified,available_verified,available_verified,available_verified,available_verified,available_verified,available_verified,available_verified,available_verified,available_verified,available_verified,available_verified,available_verified,available_verified
club,Ligue 1,2015/2016,3901201,,2016-04-03,Bastia,Olympique de Marseille,,True,aux_event_object_read,3235,True,94.183,False,True,4,4,13,13,available_verified,True,True,True,True,371,53,True,5,1,True,6,True,102,True,False,False,False,,Ligue 1,A,available_verified,available_verified,available_verified,available_verified,available_verified,available_verified,available_verified,available_verified,available_verified,available_verified,available_verified,available_verified,available_partial,available_verified
club,Premier League,2015/2016,3753990,,2016-04-24,Sunderland,Arsenal,,True,aux_event_object_read,3559,True,94.067,False,True,4,4,32,32,available_verified,True,True,True,True,306,39,True,6,0,True,5,True,172,True,False,False,False,,Premier League,A,available_verified,available_verified,available_verified,available_verified,available_verified,available_verified,available_verified,available_verified,available_verified,available_verified,available_verified,available_verified,available_verified,available_verified
club,Serie A,2015/2016,3879566,,2015-10-04,Udinese,Genoa,,True,aux_event_object_read,3430,True,94.133,False,True,4,4,28,28,available_verified,True,True,True,True,303,40,True,3,0,True,6,True,141,True,False,False,False,,Serie A,A,available_verified,available_verified,available_verified,available_verified,available_verified,available_verified,available_verified,available_verified,available_verified,available_verified,available_verified,available_verified,available_partial,available_verified
club,Indian Super league,2021/2022,3817877,,2022-02-18,NorthEast United,Bengaluru,,True,aux_event_object_read,3116,True,98.233,False,True,4,4,29,29,available_verified,True,True,True,True,288,38,True,6,0,True,9,True,137,True,False,False,False,,Indian Super league,A,available_verified,available_verified,available_verified,available_verified,available_verified,available_verified,available_verified,available_verified,available_verified,available_verified,available_verified,available_verified,available_verified,available_verified
club,Ligue 1,2015/2016,3829510,,2015-10-18,Rennes,OGC Nice,,True,aux_event_object_read,3997,True,93.1,False,True,4,4,28,28,available_verified,True,True,True,True,389,32,True,4,0,True,6,True,136,True,False,False,False,,Ligue 1,A,available_verified,available_verified,available_verified,available_verified,available_verified,available_verified,available_verified,available_verified,available_verified,available_verified,available_verified,available_verified,available_verified,available_verified
club,Premier League,2015/2016,3754311,,2015-11-07,Norwich City,Swansea City,,True,aux_event_object_read,3689,True,95.717,False,True,4,4,17,17,available_verified,True,True,True,True,182,32,True,1,0,True,5,True,97,True,False,False,False,,Premier League,A,available_verified,available_verified,available_verified,available_verified,available_verified,available_verified,available_verified,available_verified,available_verified,available_verified,available_verified,available_verified,available_verified,available_verified
club,Serie A,2015/2016,3879713,,2016-01-31,Chievo,Juventus,,True,aux_event_object_read,4094,True,91.833,False,True,4,4,36,36,available_verified,True,True,True,True,342,25,True,5,0,True,6,True,139,True,False,False,False,,Serie A,A,available_verified,available_verified,available_verified,available_verified,available_verified,available_verified,available_verified,available_verified,available_verified,available_verified,available_verified,available_verified,available_verified,available_verified
club,Indian Super league,2021/2022,3813281,,2021-12-11,Mohun Bagan Super Giant,Chennaiyin,,True,aux_event_object_read,3007,True,94.15,False,True,4,4,23,23,available_verified,True,True,True,True,237,34,True,2,0,True,5,True,141,True,False,False,False,,Indian Super league,A,available_verified,available_verified,available_verified,available_verified,available_verified,available_verified,available_verified,available_verified,available_verified,available_verified,available_verified,available_verified,available_verified,available_verified
club,Ligue 1,2015/2016,3900598,,2016-01-24,AS Monaco,Toulouse,,True,aux_event_object_read,3293,True,92.8,False,True,4,4,25,25,available_verified,True,True,True,True,320,48,True,5,0,True,6,True,137,True,False,False,False,,Ligue 1,A,available_verified,available_verified,available_verified,available_verified,available_verified,available_verified,available_verified,available_verified,available_verified,available_verified,available_verified,available_verified,available_partial,available_verified
club,Premier League,2015/2016,3754017,,2015-10-24,Aston Villa,Swansea City,,True,aux_event_object_read,3169,True,94.083,False,True,4,4,19,19,available_verified,True,True,True,True,305,29,True,5,0,True,5,True,118,True,False,False,False,,Premier League,A,available_verified,available_verified,available_verified,available_verified,available_verified,available_verified,available_verified,available_verified,available_verified,available_verified,available_verified,available_verified,available_verified,available_verified
club,Serie A,2015/2016,3879759,,2016-02-28,Juventus,Inter Milan,,True,aux_event_object_read,3829,True,95.983,False,True,4,4,17,17,available_verified,True,True,True,True,371,41,True,4,0,True,6,True,103,True,False,False,False,,Serie A,A,available_verified,available_verified,available_verified,available_verified,available_verified,available_verified,available_verified,available_verified,available_verified,available_verified,available_verified,available_verified,available_partial,available_verified
club,Indian Super league,2021/2022,3817887,,2022-03-05,SC Delhi,Mumbai City,,True,aux_event_object_read,3266,True,96.333,False,True,4,4,30,30,available_verified,True,True,True,True,333,42,True,0,0,True,8,True,126,True,False,False,False,,Indian Super league,A,available_verified,available_verified,available_verified,available_verified,available_verified,available_verified,available_verified,available_verified,available_verified,available_verified,available_verified,available_verified,available_verified,available_verified
club,Ligue 1,2015/2016,3901213,,2016-04-10,OGC Nice,Rennes,,True,aux_event_object_read,3707,True,92.167,False,True,4,4,22,22,available_verified,True,True,True,True,335,28,True,0,0,True,6,True,111,True,False,False,False,,Ligue 1,A,available_verified,available_verified,available_verified,available_verified,available_verified,available_verified,available_verified,available_verified,available_verified,available_verified,available_verified,available_verified,available_partial,available_verified
club,Premier League,2015/2016,3753999,,2015-10-17,Watford,Arsenal,,True,aux_event_object_read,3671,True,93.3,False,True,4,4,26,26,available_verified,True,True,True,True,283,41,True,3,0,True,6,True,178,True,False,False,False,,Premier League,A,available_verified,available_verified,available_verified,available_verified,available_verified,available_verified,available_verified,available_verified,available_verified,available_verified,available_verified,available_verified,available_verified,available_verified
club,Serie A,2015/2016,3879659,,2015-12-20,Inter Milan,Lazio,,True,aux_event_object_read,3587,True,97.2,False,True,4,4,14,14,available_verified,True,True,True,True,335,49,True,4,2,True,6,True,89,True,False,False,False,,Serie A,A,available_verified,available_verified,available_verified,available_verified,available_verified,available_verified,available_verified,available_verified,available_verified,available_verified,available_verified,available_verified,available_partial,available_verified
