canonical_match_id,provider_fixture_id,league_name,season,comp_type,kickoff_utc,cohort,raw_events_state,raw_lineups_state,execution_status
39/2020/2021-01-23/66/34,592241,EPL,2020,club,2021-01-23T20:00:00+00:00,player_history_club,complete,complete,complete
39/2020/2021-02-03/63/45,592354,EPL,2020,club,2021-02-03T19:30:00+00:00,player_history_club,complete,complete,complete
39/2020/2021-05-08/40/41,592841,EPL,2020,club,2021-05-08T19:15:00+00:00,player_history_club,complete,complete,complete
39/2020/2021-05-01/52/50,592829,EPL,2020,club,2021-05-01T11:30:00+00:00,player_history_club,complete,complete,complete
39/2020/2020-12-19/52/40,592274,EPL,2020,club,2020-12-19T12:30:00+00:00,player_history_club,complete,complete,complete
39/2020/2021-02-02/62/60,592355,EPL,2020,club,2021-02-02T18:00:00+00:00,player_history_club,complete,complete,complete
39/2020/2020-10-03/49/52,592173,EPL,2020,club,2020-10-03T11:30:00+00:00,player_history_club,complete,complete,complete
39/2020/2020-12-20/33/63,592276,EPL,2020,club,2020-12-20T16:30:00+00:00,player_history_club,complete,complete,complete
39/2020/2020-11-29/42/39,592231,EPL,2020,club,2020-11-29T19:15:00+00:00,player_history_club,complete,complete,complete
39/2020/2021-01-12/39/45,592318,EPL,2020,club,2021-01-12T20:15:00+00:00,player_history_club,complete,complete,complete
39/2020/2021-05-23/46/47,592870,EPL,2020,club,2021-05-23T15:00:00+00:00,player_history_club,complete,complete,complete
39/2020/2021-03-14/46/62,592771,EPL,2020,club,2021-03-14T14:00:00+00:00,player_history_club,complete,complete,complete
39/2020/2020-12-30/34/40,592297,EPL,2020,club,2020-12-30T20:00:00+00:00,player_history_club,complete,complete,complete
39/2020/2021-03-08/49/45,592759,EPL,2020,club,2021-03-08T18:00:00+00:00,player_history_club,complete,complete,complete
39/2020/2021-05-03/44/48,592827,EPL,2020,club,2021-05-03T19:15:00+00:00,player_history_club,complete,complete,complete
39/2020/2021-03-02/50/39,592781,EPL,2020,club,2021-03-02T20:00:00+00:00,player_history_club,complete,complete,complete
39/2020/2020-12-27/48/51,592289,EPL,2020,club,2020-12-27T14:15:00+00:00,player_history_club,complete,complete,complete
39/2020/2021-02-03/66/48,592351,EPL,2020,club,2021-02-03T20:15:00+00:00,player_history_club,complete,complete,complete
39/2020/2021-02-13/50/47,592732,EPL,2020,club,2021-02-13T17:30:00+00:00,player_history_club,complete,complete,complete
39/2020/2020-12-19/34/36,592277,EPL,2020,club,2020-12-19T20:00:00+00:00,player_history_club,complete,complete,complete
39/2020/2020-09-12/36/42,592143,EPL,2020,club,2020-09-12T11:30:00+00:00,player_history_club,complete,complete,complete
39/2020/2020-12-06/40/39,592245,EPL,2020,club,2020-12-06T19:15:00+00:00,player_history_club,complete,complete,complete
39/2020/2020-12-19/41/50,592278,EPL,2020,club,2020-12-19T15:00:00+00:00,player_history_club,complete,complete,complete
39/2020/2020-10-04/33/47,592177,EPL,2020,club,2020-10-04T15:30:00+00:00,player_history_club,complete,complete,complete
39/2020/2021-01-12/44/33,592141,EPL,2020,club,2021-01-12T20:15:00+00:00,player_history_club,complete,complete,complete
39/2020/2021-04-11/48/46,592805,EPL,2020,club,2021-04-11T13:05:00+00:00,player_history_club,complete,complete,complete
39/2020/2021-05-01/51/63,592826,EPL,2020,club,2021-05-01T14:00:00+00:00,player_history_club,complete,complete,complete
39/2020/2021-02-21/48/47,592744,EPL,2020,club,2021-02-21T12:00:00+00:00,player_history_club,complete,complete,complete
39/2020/2021-01-13/50/51,592320,EPL,2020,club,2021-01-13T18:00:00+00:00,player_history_club,complete,complete,complete
39/2020/2021-02-06/44/51,592362,EPL,2020,club,2021-02-06T15:00:00+00:00,player_history_club,complete,complete,complete
39/2020/2021-05-19/60/48,592865,EPL,2020,club,2021-05-19T19:15:00+00:00,player_history_club,complete,complete,complete
39/2020/2021-05-19/34/62,592862,EPL,2020,club,2021-05-19T17:00:00+00:00,player_history_club,complete,complete,complete
39/2020/2021-04-23/42/45,592816,EPL,2020,club,2021-04-23T19:00:00+00:00,player_history_club,complete,complete,complete
39/2020/2020-09-12/40/63,592144,EPL,2020,club,2020-09-12T16:30:00+00:00,player_history_club,complete,complete,complete
39/2020/2021-05-15/51/48,592846,EPL,2020,club,2021-05-15T19:00:00+00:00,player_history_club,complete,complete,complete
39/2020/2020-12-21/44/39,592272,EPL,2020,club,2020-12-21T17:30:00+00:00,player_history_club,complete,complete,complete
39/2020/2021-03-13/52/60,592767,EPL,2020,club,2021-03-13T15:00:00+00:00,player_history_club,complete,complete,complete
39/2020/2020-12-15/50/60,592270,EPL,2020,club,2020-12-15T20:00:00+00:00,player_history_club,complete,complete,complete
39/2020/2020-12-13/46/51,592256,EPL,2020,club,2020-12-13T19:15:00+00:00,player_history_club,complete,complete,complete
39/2020/2021-04-04/34/47,592793,EPL,2020,club,2021-04-04T13:05:00+00:00,player_history_club,complete,complete,complete
39/2020/2021-02-08/63/52,592364,EPL,2020,club,2021-02-08T20:00:00+00:00,player_history_club,complete,complete,complete
39/2020/2020-10-26/51/60,592193,EPL,2020,club,2020-10-26T17:30:00+00:00,player_history_club,complete,complete,complete
39/2020/2021-01-01/45/48,592305,EPL,2020,club,2021-01-01T17:30:00+00:00,player_history_club,complete,complete,complete
39/2020/2020-11-30/48/66,592240,EPL,2020,club,2020-11-30T20:00:00+00:00,player_history_club,complete,complete,complete
39/2020/2020-10-25/41/45,592198,EPL,2020,club,2020-10-25T14:00:00+00:00,player_history_club,complete,complete,complete
39/2020/2020-11-01/47/51,592209,EPL,2020,club,2020-11-01T19:15:00+00:00,player_history_club,complete,complete,complete
39/2020/2020-12-17/62/33,592266,EPL,2020,club,2020-12-17T20:00:00+00:00,player_history_club,complete,complete,complete
39/2020/2020-11-21/33/60,592226,EPL,2020,club,2020-11-21T20:00:00+00:00,player_history_club,complete,complete,complete
39/2020/2021-02-14/45/36,592730,EPL,2020,club,2021-02-14T19:00:00+00:00,player_history_club,complete,complete,complete
39/2020/2021-02-06/36/48,592363,EPL,2020,club,2021-02-06T17:30:00+00:00,player_history_club,complete,complete,complete
39/2020/2021-05-23/66/49,592867,EPL,2020,club,2021-05-23T15:00:00+00:00,player_history_club,complete,complete,complete
39/2020/2020-11-08/46/39,592216,EPL,2020,club,2020-11-08T14:00:00+00:00,player_history_club,complete,complete,complete
39/2020/2021-05-18/41/63,592863,EPL,2020,club,2021-05-18T17:00:00+00:00,player_history_club,complete,complete,complete
39/2020/2021-01-27/33/62,592334,EPL,2020,club,2021-01-27T20:15:00+00:00,player_history_club,complete,complete,complete
39/2020/2021-01-28/47/40,592339,EPL,2020,club,2021-01-28T20:00:00+00:00,player_history_club,complete,complete,complete
39/2020/2021-05-23/48/41,592874,EPL,2020,club,2021-05-23T15:00:00+00:00,player_history_club,complete,complete,complete
39/2020/2021-05-09/48/45,592844,EPL,2020,club,2021-05-09T15:30:00+00:00,player_history_club,complete,complete,complete
39/2020/2021-01-20/36/33,592313,EPL,2020,club,2021-01-20T20:15:00+00:00,player_history_club,complete,complete,complete
39/2020/2021-05-15/44/63,592847,EPL,2020,club,2021-05-15T11:30:00+00:00,player_history_club,complete,complete,complete
39/2020/2021-03-06/44/42,592758,EPL,2020,club,2021-03-06T12:30:00+00:00,player_history_club,complete,complete,complete
39/2020/2021-04-03/42/40,592786,EPL,2020,club,2021-04-03T19:00:00+00:00,player_history_club,pending,pending,pending
39/2020/2020-11-21/47/50,592229,EPL,2020,club,2020-11-21T17:30:00+00:00,player_history_club,pending,pending,pending
39/2020/2021-05-16/60/40,592850,EPL,2020,club,2021-05-16T15:30:00+00:00,player_history_club,pending,pending,pending
39/2020/2021-02-17/44/36,592302,EPL,2020,club,2021-02-17T18:00:00+00:00,player_history_club,pending,pending,pending
39/2020/2020-12-06/47/42,592248,EPL,2020,club,2020-12-06T16:30:00+00:00,player_history_club,pending,pending,pending
39/2020/2020-11-01/34/45,592207,EPL,2020,club,2020-11-01T14:00:00+00:00,player_history_club,pending,pending,pending
39/2020/2021-01-31/48/40,592350,EPL,2020,club,2021-01-31T16:30:00+00:00,player_history_club,pending,pending,pending
39/2020/2021-01-31/46/63,592346,EPL,2020,club,2021-01-31T14:00:00+00:00,player_history_club,pending,pending,pending
39/2020/2020-12-20/60/66,592280,EPL,2020,club,2020-12-20T19:15:00+00:00,player_history_club,pending,pending,pending
39/2020/2021-02-28/49/33,592746,EPL,2020,club,2021-02-28T16:30:00+00:00,player_history_club,pending,pending,pending
39/2020/2020-11-22/40/46,592225,EPL,2020,club,2020-11-22T19:15:00+00:00,player_history_club,pending,pending,pending
39/2020/2021-02-07/47/60,592369,EPL,2020,club,2021-02-07T12:00:00+00:00,player_history_club,pending,pending,pending
39/2020/2020-10-17/50/42,592186,EPL,2020,club,2020-10-17T16:30:00+00:00,player_history_club,pending,pending,pending
39/2020/2020-10-03/34/44,592178,EPL,2020,club,2020-10-03T19:00:00+00:00,player_history_club,pending,pending,pending
39/2020/2021-05-08/50/49,592842,EPL,2020,club,2021-05-08T16:30:00+00:00,player_history_club,pending,pending,pending
39/2020/2020-09-20/41/47,592159,EPL,2020,club,2020-09-20T11:00:00+00:00,player_history_club,pending,pending,pending
39/2020/2021-02-20/44/60,592739,EPL,2020,club,2021-02-20T15:00:00+00:00,player_history_club,pending,pending,pending
39/2020/2021-05-23/39/33,592875,EPL,2020,club,2021-05-23T15:00:00+00:00,player_history_club,pending,pending,pending
39/2020/2021-02-22/51/52,592738,EPL,2020,club,2021-02-22T20:00:00+00:00,player_history_club,pending,pending,pending
39/2020/2021-02-17/45/50,592295,EPL,2020,club,2021-02-17T20:15:00+00:00,player_history_club,pending,pending,pending
39/2020/2021-03-14/33/48,592772,EPL,2020,club,2021-03-14T19:15:00+00:00,player_history_club,pending,pending,pending
39/2020/2021-03-15/39/40,592775,EPL,2020,club,2021-03-15T20:00:00+00:00,player_history_club,pending,pending,pending
39/2020/2020-11-29/41/33,592238,EPL,2020,club,2020-11-29T14:00:00+00:00,player_history_club,pending,pending,pending
39/2020/2020-09-28/40/42,592165,EPL,2020,club,2020-09-28T19:00:00+00:00,player_history_club,pending,pending,pending
39/2020/2020-12-29/51/42,592291,EPL,2020,club,2020-12-29T18:00:00+00:00,player_history_club,pending,pending,pending
39/2020/2020-10-04/66/40,592172,EPL,2020,club,2020-10-04T18:15:00+00:00,player_history_club,pending,pending,pending
39/2020/2021-04-19/63/40,592810,EPL,2020,club,2021-04-19T19:00:00+00:00,player_history_club,pending,pending,pending
39/2020/2020-09-27/47/34,592168,EPL,2020,club,2020-09-27T13:00:00+00:00,player_history_club,pending,pending,pending
39/2020/2020-12-05/49/63,592244,EPL,2020,club,2020-12-05T20:00:00+00:00,player_history_club,pending,pending,pending
39/2020/2020-12-27/39/47,592290,EPL,2020,club,2020-12-27T19:15:00+00:00,player_history_club,pending,pending,pending
39/2020/2021-01-26/52/48,592340,EPL,2020,club,2021-01-26T18:00:00+00:00,player_history_club,pending,pending,pending
39/2020/2021-03-14/41/51,592774,EPL,2020,club,2021-03-14T12:00:00+00:00,player_history_club,pending,pending,pending
39/2020/2021-01-27/49/39,592336,EPL,2020,club,2021-01-27T18:00:00+00:00,player_history_club,pending,pending,pending
39/2020/2021-04-24/48/49,592824,EPL,2020,club,2021-04-24T16:30:00+00:00,player_history_club,pending,pending,pending
39/2020/2021-03-03/44/46,592777,EPL,2020,club,2021-03-03T18:00:00+00:00,player_history_club,pending,pending,pending
39/2020/2021-04-30/41/46,592833,EPL,2020,club,2021-04-30T19:00:00+00:00,player_history_club,pending,pending,pending
39/2020/2020-12-12/39/66,592260,EPL,2020,club,2020-12-12T12:30:00+00:00,player_history_club,pending,pending,pending
39/2020/2021-04-17/39/62,592815,EPL,2020,club,2021-04-17T19:15:00+00:00,player_history_club,pending,pending,pending
39/2020/2021-05-23/42/51,592866,EPL,2020,club,2021-05-23T15:00:00+00:00,player_history_club,pending,pending,pending
39/2020/2021-05-16/47/39,592854,EPL,2020,club,2021-05-16T13:05:00+00:00,player_history_club,pending,pending,pending
39/2021/2021-11-27/42/34,710676,EPL,2021,club,2021-11-27T12:30:00+00:00,player_history_club,pending,pending,pending
39/2021/2021-10-23/51/50,710638,EPL,2021,club,2021-10-23T16:30:00+00:00,player_history_club,pending,pending,pending
39/2021/2022-02-23/38/52,710733,EPL,2021,club,2022-02-23T19:30:00+00:00,player_history_club,pending,pending,pending
39/2021/2021-10-24/48/47,710645,EPL,2021,club,2021-10-24T13:00:00+00:00,player_history_club,pending,pending,pending
39/2021/2021-10-16/46/33,710630,EPL,2021,club,2021-10-16T14:00:00+00:00,player_history_club,pending,pending,pending
39/2021/2022-04-19/40/33,710849,EPL,2021,club,2022-04-19T19:00:00+00:00,player_history_club,pending,pending,pending
39/2021/2021-11-06/52/39,710660,EPL,2021,club,2021-11-06T15:00:00+00:00,player_history_club,pending,pending,pending
39/2021/2022-01-14/51/52,710767,EPL,2021,club,2022-01-14T20:00:00+00:00,player_history_club,pending,pending,pending
39/2021/2021-12-26/48/41,710744,EPL,2021,club,2021-12-26T15:00:00+00:00,player_history_club,pending,pending,pending
39/2021/2022-02-13/44/40,710797,EPL,2021,club,2022-02-13T14:00:00+00:00,player_history_club,pending,pending,pending
39/2021/2022-03-10/71/49,710852,EPL,2021,club,2022-03-10T19:30:00+00:00,player_history_club,pending,pending,pending
39/2021/2022-01-02/49/40,710758,EPL,2021,club,2022-01-02T16:30:00+00:00,player_history_club,pending,pending,pending
39/2021/2021-10-22/42/66,710636,EPL,2021,club,2021-10-22T19:00:00+00:00,player_history_club,pending,pending,pending
39/2021/2021-08-14/44/51,710557,EPL,2021,club,2021-08-14T14:00:00+00:00,player_history_club,pending,pending,pending
39/2021/2021-10-30/50/52,710650,EPL,2021,club,2021-10-30T14:00:00+00:00,player_history_club,pending,pending,pending
39/2021/2022-05-22/42/45,710926,EPL,2021,club,2022-05-22T15:00:00+00:00,player_history_club,pending,pending,pending
39/2021/2021-11-20/40/42,710669,EPL,2021,club,2021-11-20T17:30:00+00:00,player_history_club,pending,pending,pending
39/2021/2021-10-16/55/49,710628,EPL,2021,club,2021-10-16T16:30:00+00:00,player_history_club,pending,pending,pending
39/2021/2022-03-05/40/48,710829,EPL,2021,club,2022-03-05T17:30:00+00:00,player_history_club,pending,pending,pending
39/2021/2021-09-25/45/71,710610,EPL,2021,club,2021-09-25T14:00:00+00:00,player_history_club,pending,pending,pending
39/2021/2022-03-10/63/66,710751,EPL,2021,club,2022-03-10T19:45:00+00:00,player_history_club,pending,pending,pending
39/2021/2021-09-11/46/50,710592,EPL,2021,club,2021-09-11T14:00:00+00:00,player_history_club,pending,pending,pending
39/2021/2021-10-30/34/49,710651,EPL,2021,club,2021-10-30T14:00:00+00:00,player_history_club,pending,pending,pending
39/2021/2021-11-27/40/41,710683,EPL,2021,club,2021-11-27T15:00:00+00:00,player_history_club,pending,pending,pending
39/2021/2022-04-16/47/51,710882,EPL,2021,club,2022-04-16T11:30:00+00:00,player_history_club,pending,pending,pending
39/2021/2022-05-07/51/33,710908,EPL,2021,club,2022-05-07T16:30:00+00:00,player_history_club,pending,pending,pending
39/2021/2021-11-27/71/39,710685,EPL,2021,club,2021-11-27T15:00:00+00:00,player_history_club,pending,pending,pending
39/2021/2021-09-17/34/63,710601,EPL,2021,club,2021-09-17T19:00:00+00:00,player_history_club,pending,pending,pending
39/2021/2022-05-22/44/34,710929,EPL,2021,club,2022-05-22T15:00:00+00:00,player_history_club,pending,pending,pending
39/2021/2021-11-20/44/52,710667,EPL,2021,club,2021-11-20T15:00:00+00:00,player_history_club,pending,pending,pending
39/2021/2022-05-11/38/45,710854,EPL,2021,club,2022-05-11T18:45:00+00:00,player_history_club,pending,pending,pending
39/2021/2022-04-23/42/33,710886,EPL,2021,club,2022-04-23T11:30:00+00:00,player_history_club,pending,pending,pending
39/2021/2022-02-26/63/47,710822,EPL,2021,club,2022-02-26T12:30:00+00:00,player_history_club,pending,pending,pending
39/2021/2021-08-28/51/45,710577,EPL,2021,club,2021-08-28T14:00:00+00:00,player_history_club,pending,pending,pending
39/2021/2021-09-25/46/44,710612,EPL,2021,club,2021-09-25T14:00:00+00:00,player_history_club,pending,pending,pending
39/2021/2021-09-18/50/41,710600,EPL,2021,club,2021-09-18T14:00:00+00:00,player_history_club,pending,pending,pending
39/2021/2021-08-29/44/63,710578,EPL,2021,club,2021-08-29T13:00:00+00:00,player_history_club,pending,pending,pending
39/2021/2021-12-28/38/48,710755,EPL,2021,club,2021-12-28T15:00:00+00:00,player_history_club,pending,pending,pending
39/2021/2022-01-21/38/71,710785,EPL,2021,club,2022-01-21T20:00:00+00:00,player_history_club,pending,pending,pending
39/2021/2022-01-01/38/47,710765,EPL,2021,club,2022-01-01T15:00:00+00:00,player_history_club,pending,pending,pending
39/2021/2022-03-05/66/41,710826,EPL,2021,club,2022-03-05T15:00:00+00:00,player_history_club,pending,pending,pending
39/2021/2022-03-05/46/63,710828,EPL,2021,club,2022-03-05T12:30:00+00:00,player_history_club,pending,pending,pending
39/2021/2022-05-11/63/49,710878,EPL,2021,club,2022-05-11T18:30:00+00:00,player_history_club,pending,pending,pending
39/2021/2022-04-02/44/50,710857,EPL,2021,club,2022-04-02T14:00:00+00:00,player_history_club,pending,pending,pending
39/2021/2022-05-19/66/44,710726,EPL,2021,club,2022-05-19T19:00:00+00:00,player_history_club,pending,pending,pending
39/2021/2022-01-22/55/39,710777,EPL,2021,club,2022-01-22T15:00:00+00:00,player_history_club,pending,pending,pending
39/2021/2022-01-03/33/39,710763,EPL,2021,club,2022-01-03T17:30:00+00:00,player_history_club,pending,pending,pending
39/2021/2022-01-22/45/66,710780,EPL,2021,club,2022-01-22T12:30:00+00:00,player_history_club,pending,pending,pending
39/2021/2022-04-20/49/42,710798,EPL,2021,club,2022-04-20T18:45:00+00:00,player_history_club,pending,pending,pending
39/2021/2022-01-01/42/50,710756,EPL,2021,club,2022-01-01T12:30:00+00:00,player_history_club,pending,pending,pending
39/2021/2022-03-14/52/50,710840,EPL,2021,club,2022-03-14T20:00:00+00:00,player_history_club,pending,pending,pending
39/2021/2022-02-19/48/34,710814,EPL,2021,club,2022-02-19T12:30:00+00:00,player_history_club,pending,pending,pending
39/2021/2021-08-21/40/44,710571,EPL,2021,club,2021-08-21T11:30:00+00:00,player_history_club,pending,pending,pending
39/2021/2021-08-14/71/40,710563,EPL,2021,club,2021-08-14T16:30:00+00:00,player_history_club,pending,pending,pending
39/2021/2022-02-08/48/38,710790,EPL,2021,club,2022-02-08T19:45:00+00:00,player_history_club,pending,pending,pending
39/2021/2021-08-29/39/33,710585,EPL,2021,club,2021-08-29T15:30:00+00:00,player_history_club,pending,pending,pending
39/2021/2022-05-22/71/47,710935,EPL,2021,club,2022-05-22T15:00:00+00:00,player_history_club,pending,pending,pending
39/2021/2022-03-17/45/34,710750,EPL,2021,club,2022-03-17T19:45:00+00:00,player_history_club,pending,pending,pending
39/2021/2022-02-13/46/48,710800,EPL,2021,club,2022-02-13T16:30:00+00:00,player_history_club,pending,pending,pending
39/2021/2021-09-18/66/45,710596,EPL,2021,club,2021-09-18T16:30:00+00:00,player_history_club,pending,pending,pending
39/2021/2022-05-15/39/71,710925,EPL,2021,club,2022-05-15T13:00:00+00:00,player_history_club,pending,pending,pending
39/2021/2021-12-04/39/40,710705,EPL,2021,club,2021-12-04T15:00:00+00:00,player_history_club,pending,pending,pending
39/2021/2022-03-12/51/40,710838,EPL,2021,club,2022-03-12T12:30:00+00:00,player_history_club,pending,pending,pending
39/2021/2021-11-21/47/63,710673,EPL,2021,club,2021-11-21T16:30:00+00:00,player_history_club,pending,pending,pending
39/2021/2021-09-26/41/39,710614,EPL,2021,club,2021-09-26T13:00:00+00:00,player_history_club,pending,pending,pending
39/2021/2021-12-01/38/49,710689,EPL,2021,club,2021-12-01T19:30:00+00:00,player_history_club,pending,pending,pending
39/2021/2021-11-27/52/66,710681,EPL,2021,club,2021-11-27T15:00:00+00:00,player_history_club,pending,pending,pending
39/2021/2022-02-05/44/38,710719,EPL,2021,club,2022-02-05T18:00:00+00:00,player_history_club,pending,pending,pending
39/2021/2021-12-01/66/50,710686,EPL,2021,club,2021-12-01T20:15:00+00:00,player_history_club,pending,pending,pending
39/2021/2022-03-10/41/34,710764,EPL,2021,club,2022-03-10T19:30:00+00:00,player_history_club,pending,pending,pending
39/2021/2022-02-20/63/33,710810,EPL,2021,club,2022-02-20T14:00:00+00:00,player_history_club,pending,pending,pending
39/2021/2021-10-03/52/46,710619,EPL,2021,club,2021-10-03T13:00:00+00:00,player_history_club,pending,pending,pending
39/2021/2021-09-11/38/39,710595,EPL,2021,club,2021-09-11T14:00:00+00:00,player_history_club,pending,pending,pending
39/2021/2021-09-18/71/38,710602,EPL,2021,club,2021-09-18T14:00:00+00:00,player_history_club,pending,pending,pending
39/2021/2022-04-24/49/48,710890,EPL,2021,club,2022-04-24T13:00:00+00:00,player_history_club,pending,pending,pending
39/2021/2022-01-15/50/49,710770,EPL,2021,club,2022-01-15T12:30:00+00:00,player_history_club,pending,pending,pending
39/2021/2021-12-01/48/51,710690,EPL,2021,club,2021-12-01T19:30:00+00:00,player_history_club,pending,pending,pending
39/2021/2022-04-02/39/66,710865,EPL,2021,club,2022-04-02T14:00:00+00:00,player_history_club,pending,pending,pending
39/2021/2022-05-22/40/39,710933,EPL,2021,club,2022-05-22T15:00:00+00:00,player_history_club,pending,pending,pending
39/2021/2022-02-26/55/34,710817,EPL,2021,club,2022-02-26T15:00:00+00:00,player_history_club,pending,pending,pending
39/2021/2021-12-26/47/52,710743,EPL,2021,club,2021-12-26T15:00:00+00:00,player_history_club,pending,pending,pending
39/2021/2022-01-15/34/38,710771,EPL,2021,club,2022-01-15T15:00:00+00:00,player_history_club,pending,pending,pending
39/2021/2022-02-09/66/63,710786,EPL,2021,club,2022-02-09T20:00:00+00:00,player_history_club,pending,pending,pending
39/2021/2022-01-23/52/40,710779,EPL,2021,club,2022-01-23T14:00:00+00:00,player_history_club,pending,pending,pending
39/2021/2021-09-19/51/46,710597,EPL,2021,club,2021-09-19T13:00:00+00:00,player_history_club,pending,pending,pending
39/2021/2021-12-15/52/41,710722,EPL,2021,club,2021-12-15T19:30:00+00:00,player_history_club,pending,pending,pending
39/2021/2021-10-23/52/34,710640,EPL,2021,club,2021-10-23T14:00:00+00:00,player_history_club,pending,pending,pending
39/2021/2022-04-09/41/49,710874,EPL,2021,club,2022-04-09T14:00:00+00:00,player_history_club,pending,pending,pending
39/2021/2022-04-10/71/44,710873,EPL,2021,club,2022-04-10T13:00:00+00:00,player_history_club,pending,pending,pending
39/2021/2022-01-02/45/51,710760,EPL,2021,club,2022-01-02T14:00:00+00:00,player_history_club,pending,pending,pending
39/2021/2022-01-02/55/66,710757,EPL,2021,club,2022-01-02T14:00:00+00:00,player_history_club,pending,pending,pending
39/2021/2022-02-26/33/38,710823,EPL,2021,club,2022-02-26T15:00:00+00:00,player_history_club,pending,pending,pending
39/2021/2022-01-23/49/47,710778,EPL,2021,club,2022-01-23T16:30:00+00:00,player_history_club,pending,pending,pending
39/2021/2021-10-02/33/45,710622,EPL,2021,club,2021-10-02T11:30:00+00:00,player_history_club,pending,pending,pending
39/2021/2022-03-19/66/42,710846,EPL,2021,club,2022-03-19T12:30:00+00:00,player_history_club,pending,pending,pending
39/2021/2021-11-20/34/55,710671,EPL,2021,club,2021-11-20T15:00:00+00:00,player_history_club,pending,pending,pending
39/2021/2022-04-23/50/38,710894,EPL,2021,club,2022-04-23T14:00:00+00:00,player_history_club,pending,pending,pending
39/2021/2022-05-22/49/38,710930,EPL,2021,club,2022-05-22T15:00:00+00:00,player_history_club,pending,pending,pending
39/2021/2022-03-16/42/40,710816,EPL,2021,club,2022-03-16T20:15:00+00:00,player_history_club,pending,pending,pending
39/2021/2022-05-08/50/34,710914,EPL,2021,club,2022-05-08T15:30:00+00:00,player_history_club,pending,pending,pending
39/2022/2022-12-26/52/36,868110,EPL,2022,club,2022-12-26T15:00:00+00:00,player_history_club,pending,pending,pending
39/2022/2022-11-12/65/52,868102,EPL,2022,club,2022-11-12T15:00:00+00:00,player_history_club,pending,pending,pending
39/2022/2023-04-01/52/46,868230,EPL,2022,club,2023-04-01T14:00:00+00:00,player_history_club,pending,pending,pending
39/2022/2023-02-11/35/34,868166,EPL,2022,club,2023-02-11T17:30:00+00:00,player_history_club,pending,pending,pending
39/2022/2023-02-25/63/41,868190,EPL,2022,club,2023-02-25T15:00:00+00:00,player_history_club,pending,pending,pending
39/2022/2022-09-03/34/52,868002,EPL,2022,club,2022-09-03T14:00:00+00:00,player_history_club,pending,pending,pending
39/2022/2023-04-23/35/48,868256,EPL,2022,club,2023-04-23T13:00:00+00:00,player_history_club,pending,pending,pending
39/2022/2023-05-13/49/65,868299,EPL,2022,club,2023-05-13T14:00:00+00:00,player_history_club,pending,pending,pending
39/2022/2023-01-04/63/48,868132,EPL,2022,club,2023-01-04T19:45:00+00:00,player_history_club,pending,pending,pending
39/2022/2023-05-28/41/40,868325,EPL,2022,club,2023-05-28T15:30:00+00:00,player_history_club,pending,pending,pending
39/2022/2023-01-03/42/34,868126,EPL,2022,club,2023-01-03T19:45:00+00:00,player_history_club,pending,pending,pending
39/2022/2023-02-11/48/49,868175,EPL,2022,club,2023-02-11T12:30:00+00:00,player_history_club,pending,pending,pending
39/2022/2023-04-15/39/55,868255,EPL,2022,club,2023-04-15T14:00:00+00:00,player_history_club,pending,pending,pending
39/2022/2023-01-21/41/66,868154,EPL,2022,club,2023-01-21T15:00:00+00:00,player_history_club,pending,pending,pending
39/2022/2023-04-08/55/34,868237,EPL,2022,club,2023-04-08T14:00:00+00:00,player_history_club,pending,pending,pending
39/2022/2023-04-23/34/47,868265,EPL,2022,club,2023-04-23T13:00:00+00:00,player_history_club,pending,pending,pending
39/2022/2023-05-15/46/40,868303,EPL,2022,club,2023-05-15T19:00:00+00:00,player_history_club,pending,pending,pending
39/2022/2023-05-21/48/63,868314,EPL,2022,club,2023-05-21T12:30:00+00:00,player_history_club,pending,pending,pending
39/2022/2023-02-18/45/63,868180,EPL,2022,club,2023-02-18T15:00:00+00:00,player_history_club,pending,pending,pending
39/2022/2023-05-13/41/36,868305,EPL,2022,club,2023-05-13T14:00:00+00:00,player_history_club,pending,pending,pending
39/2022/2023-02-11/46/47,868171,EPL,2022,club,2023-02-11T15:00:00+00:00,player_history_club,pending,pending,pending
39/2022/2023-05-20/35/33,868306,EPL,2022,club,2023-05-20T14:00:00+00:00,player_history_club,pending,pending,pending
39/2022/2023-04-29/52/48,868280,EPL,2022,club,2023-04-29T11:30:00+00:00,player_history_club,pending,pending,pending
39/2022/2023-02-12/50/66,868173,EPL,2022,club,2023-02-12T16:30:00+00:00,player_history_club,pending,pending,pending
39/2022/2023-04-02/48/41,868235,EPL,2022,club,2023-04-02T13:00:00+00:00,player_history_club,pending,pending,pending
39/2022/2022-12-26/66/40,868107,EPL,2022,club,2022-12-26T17:30:00+00:00,player_history_club,pending,pending,pending
39/2022/2022-08-27/42/36,867976,EPL,2022,club,2022-08-27T16:30:00+00:00,player_history_club,pending,pending,pending
39/2022/2023-05-24/51/50,868259,EPL,2022,club,2023-05-24T19:00:00+00:00,player_history_club,pending,pending,pending
39/2022/2023-03-01/40/39,868012,EPL,2022,club,2023-03-01T20:00:00+00:00,player_history_club,pending,pending,pending
39/2022/2022-10-15/36/35,868048,EPL,2022,club,2022-10-15T14:00:00+00:00,player_history_club,pending,pending,pending
39/2022/2022-10-18/51/65,868059,EPL,2022,club,2022-10-18T18:30:00+00:00,player_history_club,pending,pending,pending
39/2022/2023-01-21/48/45,868155,EPL,2022,club,2023-01-21T15:00:00+00:00,player_history_club,pending,pending,pending
39/2022/2023-05-07/48/33,868294,EPL,2022,club,2023-05-07T18:00:00+00:00,player_history_club,pending,pending,pending
39/2022/2022-08-13/50/35,867962,EPL,2022,club,2022-08-13T14:00:00+00:00,player_history_club,pending,pending,pending
39/2022/2023-03-12/34/39,868213,EPL,2022,club,2023-03-12T16:30:00+00:00,player_history_club,pending,pending,pending
39/2022/2022-10-09/42/40,868037,EPL,2022,club,2022-10-09T15:30:00+00:00,player_history_club,pending,pending,pending
39/2022/2023-04-01/50/40,868232,EPL,2022,club,2023-04-01T11:30:00+00:00,player_history_club,pending,pending,pending
39/2022/2022-08-05/52/42,867946,EPL,2022,club,2022-08-05T19:00:00+00:00,player_history_club,pending,pending,pending
39/2022/2023-03-04/49/63,868200,EPL,2022,club,2023-03-04T15:00:00+00:00,player_history_club,pending,pending,pending
39/2022/2023-03-11/35/40,868206,EPL,2022,club,2023-03-11T12:30:00+00:00,player_history_club,pending,pending,pending
39/2022/2023-04-26/65/51,868268,EPL,2022,club,2023-04-26T18:30:00+00:00,player_history_club,pending,pending,pending
39/2022/2023-05-03/40/36,868221,EPL,2022,club,2023-05-03T19:00:00+00:00,player_history_club,pending,pending,pending
39/2022/2023-02-18/65/50,868183,EPL,2022,club,2023-02-18T15:00:00+00:00,player_history_club,pending,pending,pending
39/2022/2022-11-05/45/46,868088,EPL,2022,club,2022-11-05T17:30:00+00:00,player_history_club,pending,pending,pending
39/2022/2023-03-18/66/35,868217,EPL,2022,club,2023-03-18T15:00:00+00:00,player_history_club,pending,pending,pending
39/2022/2022-10-01/40/51,868032,EPL,2022,club,2022-10-01T14:00:00+00:00,player_history_club,pending,pending,pending
39/2022/2022-12-31/50/45,868120,EPL,2022,club,2022-12-31T15:00:00+00:00,player_history_club,pending,pending,pending
39/2022/2022-10-24/48/35,868074,EPL,2022,club,2022-10-24T19:00:00+00:00,player_history_club,pending,pending,pending
39/2022/2023-05-21/51/41,868307,EPL,2022,club,2023-05-21T13:00:00+00:00,player_history_club,pending,pending,pending
39/2022/2022-10-08/50/41,868042,EPL,2022,club,2022-10-08T14:00:00+00:00,player_history_club,pending,pending,pending
39/2022/2023-04-26/48/40,868270,EPL,2022,club,2023-04-26T18:45:00+00:00,player_history_club,pending,pending,pending
39/2022/2023-05-18/34/51,868193,EPL,2022,club,2023-05-18T18:30:00+00:00,player_history_club,pending,pending,pending
39/2022/2023-01-13/66/63,868136,EPL,2022,club,2023-01-13T20:00:00+00:00,player_history_club,pending,pending,pending
39/2022/2022-08-20/46/41,867971,EPL,2022,club,2022-08-20T14:00:00+00:00,player_history_club,pending,pending,pending
39/2022/2023-02-18/34/40,868182,EPL,2022,club,2023-02-18T17:30:00+00:00,player_history_club,pending,pending,pending
39/2022/2023-05-08/65/41,868292,EPL,2022,club,2023-05-08T19:00:00+00:00,player_history_club,pending,pending,pending
39/2022/2023-05-02/42/49,868277,EPL,2022,club,2023-05-02T19:00:00+00:00,player_history_club,pending,pending,pending
39/2022/2023-03-15/51/52,868018,EPL,2022,club,2023-03-15T19:30:00+00:00,player_history_club,pending,pending,pending
39/2022/2023-02-11/36/65,868169,EPL,2022,club,2023-02-11T15:00:00+00:00,player_history_club,pending,pending,pending
39/2022/2022-10-20/36/66,868060,EPL,2022,club,2022-10-20T18:30:00+00:00,player_history_club,pending,pending,pending
39/2022/2023-01-03/45/51,868131,EPL,2022,club,2023-01-03T19:45:00+00:00,player_history_club,pending,pending,pending
39/2022/2022-10-19/55/49,868058,EPL,2022,club,2022-10-19T18:30:00+00:00,player_history_club,pending,pending,pending
39/2022/2022-10-23/63/36,868069,EPL,2022,club,2022-10-23T13:00:00+00:00,player_history_club,pending,pending,pending
39/2022/2022-08-15/40/52,867961,EPL,2022,club,2022-08-15T19:00:00+00:00,player_history_club,pending,pending,pending
39/2022/2022-08-13/51/34,867959,EPL,2022,club,2022-08-13T14:00:00+00:00,player_history_club,pending,pending,pending
39/2022/2022-08-27/41/33,867984,EPL,2022,club,2022-08-27T11:30:00+00:00,player_history_club,pending,pending,pending
39/2022/2023-04-30/36/50,868281,EPL,2022,club,2023-04-30T13:00:00+00:00,player_history_club,pending,pending,pending
39/2022/2022-10-23/41/42,868072,EPL,2022,club,2022-10-23T13:00:00+00:00,player_history_club,pending,pending,pending
39/2022/2023-04-30/33/66,868284,EPL,2022,club,2023-04-30T13:00:00+00:00,player_history_club,pending,pending,pending
39/2022/2022-08-06/34/65,867951,EPL,2022,club,2022-08-06T14:00:00+00:00,player_history_club,pending,pending,pending
39/2022/2022-10-03/46/65,868031,EPL,2022,club,2022-10-03T19:00:00+00:00,player_history_club,pending,pending,pending
39/2022/2022-10-01/35/55,868026,EPL,2022,club,2022-10-01T14:00:00+00:00,player_history_club,pending,pending,pending
39/2022/2023-04-26/49/55,868273,EPL,2022,club,2023-04-26T18:45:00+00:00,player_history_club,pending,pending,pending
39/2022/2023-04-22/46/39,868262,EPL,2022,club,2023-04-22T14:00:00+00:00,player_history_club,pending,pending,pending
39/2022/2023-03-06/55/36,868198,EPL,2022,club,2023-03-06T20:00:00+00:00,player_history_club,pending,pending,pending
39/2022/2022-08-30/41/49,867993,EPL,2022,club,2022-08-30T18:45:00+00:00,player_history_club,pending,pending,pending
39/2022/2023-05-06/35/49,868286,EPL,2022,club,2023-05-06T14:00:00+00:00,player_history_club,pending,pending,pending
39/2022/2022-09-16/66/41,868016,EPL,2022,club,2022-09-16T19:00:00+00:00,player_history_club,pending,pending,pending
39/2022/2023-05-22/34/46,868311,EPL,2022,club,2023-05-22T19:00:00+00:00,player_history_club,pending,pending,pending
39/2022/2023-04-08/41/50,868243,EPL,2022,club,2023-04-08T16:30:00+00:00,player_history_club,pending,pending,pending
39/2022/2023-05-04/51/33,868219,EPL,2022,club,2023-05-04T19:00:00+00:00,player_history_club,pending,pending,pending
39/2022/2022-08-28/65/47,867983,EPL,2022,club,2022-08-28T15:30:00+00:00,player_history_club,pending,pending,pending
39/2022/2023-05-20/39/45,868315,EPL,2022,club,2023-05-20T14:00:00+00:00,player_history_club,pending,pending,pending
39/2022/2023-02-18/55/52,868177,EPL,2022,club,2023-02-18T15:00:00+00:00,player_history_club,pending,pending,pending
39/2022/2023-01-14/33/50,868141,EPL,2022,club,2023-01-14T12:30:00+00:00,player_history_club,pending,pending,pending
39/2022/2023-05-14/45/50,868301,EPL,2022,club,2023-05-14T13:00:00+00:00,player_history_club,pending,pending,pending
39/2022/2022-08-13/41/63,867964,EPL,2022,club,2022-08-13T14:00:00+00:00,player_history_club,pending,pending,pending
39/2022/2023-04-01/42/63,868227,EPL,2022,club,2023-04-01T14:00:00+00:00,player_history_club,pending,pending,pending
39/2022/2022-10-19/40/48,868064,EPL,2022,club,2022-10-19T18:30:00+00:00,player_history_club,pending,pending,pending
39/2022/2023-02-13/40/45,868172,EPL,2022,club,2023-02-13T20:00:00+00:00,player_history_club,pending,pending,pending
39/2022/2023-03-19/42/52,868216,EPL,2022,club,2023-03-19T14:00:00+00:00,player_history_club,pending,pending,pending
39/2022/2023-02-18/66/42,868176,EPL,2022,club,2023-02-18T12:30:00+00:00,player_history_club,pending,pending,pending
39/2022/2023-04-04/46/66,868011,EPL,2022,club,2023-04-04T18:45:00+00:00,player_history_club,pending,pending,pending
39/2022/2022-12-30/40/46,868119,EPL,2022,club,2022-12-30T20:00:00+00:00,player_history_club,pending,pending,pending
39/2022/2022-08-13/42/46,867956,EPL,2022,club,2022-08-13T14:00:00+00:00,player_history_club,pending,pending,pending
39/2022/2023-04-04/49/40,868019,EPL,2022,club,2023-04-04T19:00:00+00:00,player_history_club,pending,pending,pending
39/2022/2023-02-04/55/41,868157,EPL,2022,club,2023-02-04T15:00:00+00:00,player_history_club,pending,pending,pending
39/2022/2023-02-04/51/35,868158,EPL,2022,club,2023-02-04T15:00:00+00:00,player_history_club,pending,pending,pending
39/2022/2023-02-11/52/51,868168,EPL,2022,club,2023-02-11T15:00:00+00:00,player_history_club,pending,pending,pending
39/2022/2023-04-04/63/65,868010,EPL,2022,club,2023-04-04T18:45:00+00:00,player_history_club,pending,pending,pending
39/2023/2024-05-06/52/33,1035529,EPL,2023,club,2024-05-06T19:00:00+00:00,player_history_club,pending,pending,pending
39/2023/2023-10-23/47/36,1035126,EPL,2023,club,2023-10-23T19:00:00+00:00,player_history_club,pending,pending,pending
39/2023/2024-04-03/50/66,1035483,EPL,2023,club,2024-04-03T19:15:00+00:00,player_history_club,pending,pending,pending
39/2023/2023-08-12/62/52,1035042,EPL,2023,club,2023-08-12T14:00:00+00:00,player_history_club,pending,pending,pending
39/2023/2023-10-28/39/34,1035136,EPL,2023,club,2023-10-28T16:30:00+00:00,player_history_club,pending,pending,pending
39/2023/2024-05-05/51/66,1035526,EPL,2023,club,2024-05-05T13:00:00+00:00,player_history_club,pending,pending,pending
39/2023/2023-10-07/44/49,1035109,EPL,2023,club,2023-10-07T14:00:00+00:00,player_history_club,pending,pending,pending
39/2023/2023-09-24/40/48,1035093,EPL,2023,club,2023-09-24T13:00:00+00:00,player_history_club,pending,pending,pending
39/2023/2024-01-20/55/65,1035376,EPL,2023,club,2024-01-20T17:30:00+00:00,player_history_club,pending,pending,pending
39/2023/2023-08-12/45/36,1035041,EPL,2023,club,2023-08-12T14:00:00+00:00,player_history_club,pending,pending,pending
39/2023/2024-04-28/35/51,1035514,EPL,2023,club,2024-04-28T13:00:00+00:00,player_history_club,pending,pending,pending
39/2023/2024-05-14/47/50,1035512,EPL,2023,club,2024-05-14T19:00:00+00:00,player_history_club,pending,pending,pending
39/2023/2024-04-13/34/47,1035501,EPL,2023,club,2024-04-13T11:30:00+00:00,player_history_club,pending,pending,pending
39/2023/2023-10-07/45/35,1035111,EPL,2023,club,2023-10-07T14:00:00+00:00,player_history_club,pending,pending,pending
39/2023/2024-03-16/1359/65,1035460,EPL,2023,club,2024-03-16T15:00:00+00:00,player_history_club,pending,pending,pending
39/2023/2024-01-21/62/48,1035383,EPL,2023,club,2024-01-21T14:00:00+00:00,player_history_club,pending,pending,pending
39/2023/2023-12-05/39/44,1035321,EPL,2023,club,2023-12-05T19:30:00+00:00,player_history_club,pending,pending,pending
39/2023/2024-04-27/48/40,1035522,EPL,2023,club,2024-04-27T11:30:00+00:00,player_history_club,pending,pending,pending
39/2023/2023-10-28/49/55,1035131,EPL,2023,club,2023-10-28T11:30:00+00:00,player_history_club,pending,pending,pending
39/2023/2024-05-19/50/48,1035552,EPL,2023,club,2024-05-19T15:00:00+00:00,player_history_club,pending,pending,pending
39/2023/2024-04-24/52/34,1035457,EPL,2023,club,2024-04-24T19:00:00+00:00,player_history_club,pending,pending,pending
39/2023/2024-04-06/36/34,1035488,EPL,2023,club,2024-04-06T14:00:00+00:00,player_history_club,pending,pending,pending
39/2023/2023-10-22/66/48,1035118,EPL,2023,club,2023-10-22T15:30:00+00:00,player_history_club,pending,pending,pending
39/2023/2023-11-11/39/47,1035156,EPL,2023,club,2023-11-11T12:30:00+00:00,player_history_club,pending,pending,pending
39/2023/2024-03-02/34/39,1035440,EPL,2023,club,2024-03-02T15:00:00+00:00,player_history_club,pending,pending,pending
39/2023/2023-12-16/49/62,1035338,EPL,2023,club,2023-12-16T15:00:00+00:00,player_history_club,pending,pending,pending
39/2023/2023-10-28/42/62,1035128,EPL,2023,club,2023-10-28T14:00:00+00:00,player_history_club,pending,pending,pending
39/2023/2023-11-04/36/33,1035140,EPL,2023,club,2023-11-04T12:30:00+00:00,player_history_club,pending,pending,pending
39/2023/2024-05-19/49/35,1035548,EPL,2023,club,2024-05-19T15:00:00+00:00,player_history_club,pending,pending,pending
39/2023/2024-02-19/45/52,1035416,EPL,2023,club,2024-02-19T20:00:00+00:00,player_history_club,pending,pending,pending
39/2023/2023-12-26/62/1359,1035363,EPL,2023,club,2023-12-26T15:00:00+00:00,player_history_club,pending,pending,pending
39/2023/2023-09-16/36/1359,1035080,EPL,2023,club,2023-09-16T14:00:00+00:00,player_history_club,pending,pending,pending
39/2023/2024-02-24/33/36,1035431,EPL,2023,club,2024-02-24T15:00:00+00:00,player_history_club,pending,pending,pending
39/2023/2023-11-04/55/48,1035137,EPL,2023,club,2023-11-04T15:00:00+00:00,player_history_club,pending,pending,pending
39/2023/2024-04-13/44/51,1035497,EPL,2023,club,2024-04-13T14:00:00+00:00,player_history_club,pending,pending,pending
39/2023/2023-12-26/34/65,1035362,EPL,2023,club,2023-12-26T12:30:00+00:00,player_history_club,pending,pending,pending
39/2023/2023-12-07/47/48,1035320,EPL,2023,club,2023-12-07T20:15:00+00:00,player_history_club,pending,pending,pending
39/2023/2023-11-25/50/40,1035299,EPL,2023,club,2023-11-25T12:30:00+00:00,player_history_club,pending,pending,pending
39/2023/2023-09-17/35/49,1035077,EPL,2023,club,2023-09-17T13:00:00+00:00,player_history_club,pending,pending,pending
39/2023/2023-11-25/44/48,1035295,EPL,2023,club,2023-11-25T15:00:00+00:00,player_history_club,pending,pending,pending
39/2023/2024-04-21/66/35,1035504,EPL,2023,club,2024-04-21T14:00:00+00:00,player_history_club,pending,pending,pending
39/2023/2024-02-10/47/51,1035411,EPL,2023,club,2024-02-10T15:00:00+00:00,player_history_club,pending,pending,pending
39/2023/2023-10-21/50/51,1035122,EPL,2023,club,2023-10-21T14:00:00+00:00,player_history_club,pending,pending,pending
39/2023/2023-12-09/62/55,1035331,EPL,2023,club,2023-12-09T15:00:00+00:00,player_history_club,pending,pending,pending
39/2023/2023-10-08/39/66,1035116,EPL,2023,club,2023-10-08T13:00:00+00:00,player_history_club,pending,pending,pending
39/2023/2024-04-27/45/55,1035516,EPL,2023,club,2024-04-27T16:30:00+00:00,player_history_club,pending,pending,pending
39/2023/2023-08-18/65/62,1035053,EPL,2023,club,2023-08-18T18:45:00+00:00,player_history_club,pending,pending,pending
39/2023/2024-05-02/49/47,1035428,EPL,2023,club,2024-05-02T18:30:00+00:00,player_history_club,pending,pending,pending
39/2023/2024-04-02/48/47,1035479,EPL,2023,club,2024-04-02T19:15:00+00:00,player_history_club,pending,pending,pending
39/2023/2024-01-12/44/1359,1035378,EPL,2023,club,2024-01-12T19:45:00+00:00,player_history_club,pending,pending,pending
39/2023/2024-05-04/55/36,1035525,EPL,2023,club,2024-05-04T14:00:00+00:00,player_history_club,pending,pending,pending
39/2023/2023-12-03/50/47,1035310,EPL,2023,club,2023-12-03T16:30:00+00:00,player_history_club,pending,pending,pending
39/2023/2023-09-03/42/33,1035067,EPL,2023,club,2023-09-03T15:30:00+00:00,player_history_club,pending,pending,pending
39/2023/2023-12-02/34/33,1035311,EPL,2023,club,2023-12-02T20:00:00+00:00,player_history_club,pending,pending,pending
39/2023/2023-10-07/1359/47,1035113,EPL,2023,club,2023-10-07T11:30:00+00:00,player_history_club,pending,pending,pending
39/2023/2024-03-16/44/55,1035456,EPL,2023,club,2024-03-16T15:00:00+00:00,player_history_club,pending,pending,pending
39/2023/2024-03-30/49/44,1035467,EPL,2023,club,2024-03-30T15:00:00+00:00,player_history_club,pending,pending,pending
39/2023/2023-10-07/52/65,1035110,EPL,2023,club,2023-10-07T16:30:00+00:00,player_history_club,pending,pending,pending
39/2023/2023-09-30/34/44,1035102,EPL,2023,club,2023-09-30T14:00:00+00:00,player_history_club,pending,pending,pending
39/2023/2024-05-04/50/39,1035532,EPL,2023,club,2024-05-04T16:30:00+00:00,player_history_club,pending,pending,pending
39/2023/2024-05-15/33/34,1035510,EPL,2023,club,2024-05-15T19:00:00+00:00,player_history_club,pending,pending,pending
39/2023/2024-02-11/66/33,1035404,EPL,2023,club,2024-02-11T16:30:00+00:00,player_history_club,pending,pending,pending
39/2023/2024-05-11/45/62,1035536,EPL,2023,club,2024-05-11T14:00:00+00:00,player_history_club,pending,pending,pending
39/2023/2024-05-19/55/34,1035545,EPL,2023,club,2024-05-19T15:00:00+00:00,player_history_club,pending,pending,pending
39/2023/2023-08-27/44/66,1035061,EPL,2023,club,2023-08-27T13:00:00+00:00,player_history_club,pending,pending,pending
39/2023/2024-03-02/45/48,1035436,EPL,2023,club,2024-03-02T15:00:00+00:00,player_history_club,pending,pending,pending
39/2023/2023-10-21/65/1359,1035124,EPL,2023,club,2023-10-21T14:00:00+00:00,player_history_club,pending,pending,pending
39/2023/2024-04-02/65/36,1035478,EPL,2023,club,2024-04-02T18:30:00+00:00,player_history_club,pending,pending,pending
39/2023/2024-05-11/36/50,1035537,EPL,2023,club,2024-05-11T11:30:00+00:00,player_history_club,pending,pending,pending
39/2023/2024-03-02/65/40,1035441,EPL,2023,club,2024-03-02T15:00:00+00:00,player_history_club,pending,pending,pending
39/2023/2023-08-12/42/65,1035038,EPL,2023,club,2023-08-12T11:30:00+00:00,player_history_club,pending,pending,pending
39/2023/2023-09-02/51/34,1035069,EPL,2023,club,2023-09-02T16:30:00+00:00,player_history_club,pending,pending,pending
39/2023/2023-10-29/40/65,1035133,EPL,2023,club,2023-10-29T14:00:00+00:00,player_history_club,pending,pending,pending
39/2023/2023-12-06/66/50,1035314,EPL,2023,club,2023-12-06T20:15:00+00:00,player_history_club,pending,pending,pending
39/2023/2023-08-26/35/47,1035057,EPL,2023,club,2023-08-26T11:30:00+00:00,player_history_club,pending,pending,pending
39/2023/2023-09-30/39/50,1035106,EPL,2023,club,2023-09-30T14:00:00+00:00,player_history_club,pending,pending,pending
39/2023/2024-04-27/33/44,1035518,EPL,2023,club,2024-04-27T14:00:00+00:00,player_history_club,pending,pending,pending
39/2023/2023-11-04/34/42,1035143,EPL,2023,club,2023-11-04T17:30:00+00:00,player_history_club,pending,pending,pending
39/2023/2024-02-04/42/40,1035395,EPL,2023,club,2024-02-04T16:30:00+00:00,player_history_club,pending,pending,pending
39/2023/2024-04-28/47/42,1035521,EPL,2023,club,2024-04-28T13:00:00+00:00,player_history_club,pending,pending,pending
39/2023/2024-04-04/49/33,1035480,EPL,2023,club,2024-04-04T19:15:00+00:00,player_history_club,pending,pending,pending
39/2023/2023-09-30/48/62,1035105,EPL,2023,club,2023-09-30T14:00:00+00:00,player_history_club,pending,pending,pending
39/2023/2023-11-05/1359/40,1035141,EPL,2023,club,2023-11-05T16:30:00+00:00,player_history_club,pending,pending,pending
39/2023/2023-09-16/39/40,1035086,EPL,2023,club,2023-09-16T11:30:00+00:00,player_history_club,pending,pending,pending
39/2023/2024-02-03/45/47,1035400,EPL,2023,club,2024-02-03T12:30:00+00:00,player_history_club,pending,pending,pending
39/2023/2023-12-23/48/33,1035352,EPL,2023,club,2023-12-23T12:30:00+00:00,player_history_club,pending,pending,pending
39/2023/2023-08-26/51/48,1035060,EPL,2023,club,2023-08-26T16:30:00+00:00,player_history_club,pending,pending,pending
39/2023/2023-12-17/40/33,1035339,EPL,2023,club,2023-12-17T16:30:00+00:00,player_history_club,pending,pending,pending
39/2023/2023-11-25/34/49,1035300,EPL,2023,club,2023-11-25T15:00:00+00:00,player_history_club,pending,pending,pending
39/2023/2023-11-04/45/51,1035139,EPL,2023,club,2023-11-04T15:00:00+00:00,player_history_club,pending,pending,pending
39/2023/2024-03-09/35/62,1035444,EPL,2023,club,2024-03-09T15:00:00+00:00,player_history_club,pending,pending,pending
39/2023/2024-05-04/44/34,1035527,EPL,2023,club,2024-05-04T14:00:00+00:00,player_history_club,pending,pending,pending
39/2023/2023-08-12/35/48,1035039,EPL,2023,club,2023-08-12T14:00:00+00:00,player_history_club,pending,pending,pending
39/2023/2024-01-14/33/47,1035381,EPL,2023,club,2024-01-14T16:30:00+00:00,player_history_club,pending,pending,pending
39/2023/2023-08-19/36/55,1035049,EPL,2023,club,2023-08-19T14:00:00+00:00,player_history_club,pending,pending,pending
39/2023/2023-09-23/50/65,1035095,EPL,2023,club,2023-09-23T14:00:00+00:00,player_history_club,pending,pending,pending
39/2023/2024-02-24/52/44,1035429,EPL,2023,club,2024-02-24T15:00:00+00:00,player_history_club,pending,pending,pending
39/2023/2023-11-25/65/51,1035301,EPL,2023,club,2023-11-25T15:00:00+00:00,player_history_club,pending,pending,pending
39/2023/2024-03-17/48/66,1035462,EPL,2023,club,2024-03-17T14:00:00+00:00,player_history_club,pending,pending,pending
39/2023/2024-03-30/66/39,1035465,EPL,2023,club,2024-03-30T17:30:00+00:00,player_history_club,pending,pending,pending
140/2020/2021-04-05/529/720,605346,LaLiga,2020,club,2021-04-05T19:00:00+00:00,player_history_club,pending,pending,pending
140/2020/2021-04-25/538/727,605376,LaLiga,2020,club,2021-04-25T16:30:00+00:00,player_history_club,pending,pending,pending
140/2020/2021-04-04/724/532,605347,LaLiga,2020,club,2021-04-04T16:30:00+00:00,player_history_club,pending,pending,pending
140/2020/2021-01-09/536/548,605242,LaLiga,2020,club,2021-01-09T13:00:00+00:00,player_history_club,pending,pending,pending
140/2020/2020-10-03/530/533,605106,LaLiga,2020,club,2020-10-03T14:00:00+00:00,player_history_club,pending,pending,pending
140/2020/2020-10-03/532/543,605112,LaLiga,2020,club,2020-10-03T19:00:00+00:00,player_history_club,pending,pending,pending
140/2020/2020-11-21/536/538,605163,LaLiga,2020,club,2020-11-21T17:30:00+00:00,player_history_club,pending,pending,pending
140/2020/2020-12-23/546/538,605207,LaLiga,2020,club,2020-12-23T16:30:00+00:00,player_history_club,pending,pending,pending
140/2020/2020-11-07/726/545,605148,LaLiga,2020,club,2020-11-07T13:00:00+00:00,player_history_club,pending,pending,pending
140/2020/2021-01-24/797/529,605264,LaLiga,2020,club,2021-01-24T15:15:00+00:00,player_history_club,pending,pending,pending
140/2020/2021-01-03/545/715,605228,LaLiga,2020,club,2021-01-03T17:30:00+00:00,player_history_club,pending,pending,pending
140/2020/2021-02-07/543/529,605278,LaLiga,2020,club,2021-02-07T20:00:00+00:00,player_history_club,pending,pending,pending
140/2020/2021-04-03/727/546,605350,LaLiga,2020,club,2021-04-03T16:30:00+00:00,player_history_club,pending,pending,pending
140/2020/2021-05-10/543/715,605408,LaLiga,2020,club,2021-05-10T19:00:00+00:00,player_history_club,pending,pending,pending
140/2020/2021-01-23/536/724,605263,LaLiga,2020,club,2021-01-23T15:15:00+00:00,player_history_club,pending,pending,pending
140/2020/2021-01-10/724/542,605237,LaLiga,2020,club,2021-01-10T15:15:00+00:00,player_history_club,pending,pending,pending
140/2020/2020-11-22/545/546,605158,LaLiga,2020,club,2020-11-22T13:00:00+00:00,player_history_club,pending,pending,pending
140/2020/2020-11-08/720/531,605153,LaLiga,2020,club,2020-11-08T17:30:00+00:00,player_history_club,pending,pending,pending
140/2020/2020-10-17/538/530,605118,LaLiga,2020,club,2020-10-17T14:00:00+00:00,player_history_club,pending,pending,pending
140/2020/2021-04-21/542/533,605365,LaLiga,2020,club,2021-04-21T19:00:00+00:00,player_history_club,pending,pending,pending
140/2020/2020-11-07/529/543,605146,LaLiga,2020,club,2020-11-07T15:15:00+00:00,player_history_club,pending,pending,pending
140/2020/2021-05-01/797/530,605404,LaLiga,2020,club,2021-05-01T14:15:00+00:00,player_history_club,pending,pending,pending
140/2020/2020-12-22/797/727,605214,LaLiga,2020,club,2020-12-22T16:30:00+00:00,player_history_club,pending,pending,pending
140/2020/2021-01-02/543/536,605227,LaLiga,2020,club,2021-01-02T15:15:00+00:00,player_history_club,pending,pending,pending
140/2020/2021-02-27/545/726,605307,LaLiga,2020,club,2021-02-27T13:00:00+00:00,player_history_club,pending,pending,pending
140/2020/2020-09-20/548/541,605081,LaLiga,2020,club,2020-09-20T19:00:00+00:00,player_history_club,pending,pending,pending
140/2020/2021-03-21/532/715,605342,LaLiga,2020,club,2021-03-21T15:15:00+00:00,player_history_club,pending,pending,pending
140/2020/2020-11-28/797/724,605174,LaLiga,2020,club,2020-11-28T13:00:00+00:00,player_history_club,pending,pending,pending
140/2020/2020-11-30/543/545,605166,LaLiga,2020,club,2020-11-30T20:00:00+00:00,player_history_club,pending,pending,pending
140/2020/2020-10-01/538/529,605096,LaLiga,2020,club,2020-10-01T19:30:00+00:00,player_history_club,pending,pending,pending
140/2020/2021-05-08/531/727,605406,LaLiga,2020,club,2021-05-08T19:00:00+00:00,player_history_club,pending,pending,pending
140/2020/2021-04-12/538/536,605357,LaLiga,2020,club,2021-04-12T19:00:00+00:00,player_history_club,pending,pending,pending
140/2020/2020-11-20/727/726,605162,LaLiga,2020,club,2020-11-20T20:00:00+00:00,player_history_club,pending,pending,pending
140/2020/2020-10-18/542/797,605115,LaLiga,2020,club,2020-10-18T16:30:00+00:00,player_history_club,pending,pending,pending
140/2020/2021-03-07/726/538,605319,LaLiga,2020,club,2021-03-07T13:00:00+00:00,player_history_club,pending,pending,pending
140/2020/2021-01-20/533/715,605254,LaLiga,2020,club,2021-01-20T20:30:00+00:00,player_history_club,pending,pending,pending
140/2020/2021-05-12/726/531,605419,LaLiga,2020,club,2021-05-12T18:00:00+00:00,player_history_club,pending,pending,pending
140/2020/2020-09-30/545/797,605097,LaLiga,2020,club,2020-09-30T19:30:00+00:00,player_history_club,pending,pending,pending
140/2020/2020-11-07/536/727,605151,LaLiga,2020,club,2020-11-07T17:30:00+00:00,player_history_club,pending,pending,pending
140/2020/2021-01-10/539/545,605240,LaLiga,2020,club,2021-01-10T13:00:00+00:00,player_history_club,pending,pending,pending
140/2020/2021-03-10/530/531,605235,LaLiga,2020,club,2021-03-10T18:00:00+00:00,player_history_club,pending,pending,pending
140/2020/2021-02-28/538/720,605306,LaLiga,2020,club,2021-02-28T13:00:00+00:00,player_history_club,pending,pending,pending
140/2020/2020-11-21/539/797,605161,LaLiga,2020,club,2020-11-21T13:00:00+00:00,player_history_club,pending,pending,pending
140/2020/2020-11-07/530/724,605145,LaLiga,2020,club,2020-11-07T20:00:00+00:00,player_history_club,pending,pending,pending
140/2020/2021-05-09/541/536,605411,LaLiga,2020,club,2021-05-09T19:00:00+00:00,player_history_club,pending,pending,pending
140/2020/2020-09-12/545/538,605067,LaLiga,2020,club,2020-09-12T14:00:00+00:00,player_history_club,pending,pending,pending
140/2020/2020-12-15/541/531,605251,LaLiga,2020,club,2020-12-15T21:00:00+00:00,player_history_club,pending,pending,pending
140/2020/2021-04-18/546/541,605390,LaLiga,2020,club,2021-04-18T19:00:00+00:00,player_history_club,pending,pending,pending
140/2020/2021-01-10/720/532,605243,LaLiga,2020,club,2021-01-10T20:00:00+00:00,player_history_club,pending,pending,pending
140/2020/2021-04-11/543/530,605356,LaLiga,2020,club,2021-04-11T19:00:00+00:00,player_history_club,pending,pending,pending
140/2020/2021-04-18/543/532,605389,LaLiga,2020,club,2021-04-18T16:30:00+00:00,player_history_club,pending,pending,pending
140/2020/2021-02-22/727/536,605300,LaLiga,2020,club,2021-02-22T20:00:00+00:00,player_history_club,pending,pending,pending
140/2020/2021-03-06/727/529,605320,LaLiga,2020,club,2021-03-06T20:00:00+00:00,player_history_club,pending,pending,pending
140/2020/2021-05-11/797/542,605424,LaLiga,2020,club,2021-05-11T18:00:00+00:00,player_history_club,pending,pending,pending
140/2020/2021-05-09/533/538,605414,LaLiga,2020,club,2021-05-09T16:30:00+00:00,player_history_club,pending,pending,pending
140/2020/2020-11-06/797/538,605154,LaLiga,2020,club,2020-11-06T20:00:00+00:00,player_history_club,pending,pending,pending
140/2020/2020-10-18/726/720,605122,LaLiga,2020,club,2020-10-18T16:30:00+00:00,player_history_club,pending,pending,pending
140/2020/2021-05-22/545/529,605436,LaLiga,2020,club,2021-05-22T16:00:00+00:00,player_history_club,pending,pending,pending
140/2020/2021-02-13/715/530,605290,LaLiga,2020,club,2021-02-13T13:00:00+00:00,player_history_club,pending,pending,pending
140/2020/2021-04-21/543/531,605368,LaLiga,2020,club,2021-04-21T18:00:00+00:00,player_history_club,pending,pending,pending
140/2020/2020-12-19/529/532,605197,LaLiga,2020,club,2020-12-19T15:15:00+00:00,player_history_club,pending,pending,pending
140/2020/2021-01-04/532/724,605233,LaLiga,2020,club,2021-01-04T20:00:00+00:00,player_history_club,pending,pending,pending
140/2020/2021-04-02/539/726,605349,LaLiga,2020,club,2021-04-02T19:00:00+00:00,player_history_club,pending,pending,pending
140/2020/2021-04-25/533/529,605383,LaLiga,2020,club,2021-04-25T14:15:00+00:00,player_history_club,pending,pending,pending
140/2020/2021-04-21/724/541,605369,LaLiga,2020,club,2021-04-21T20:00:00+00:00,player_history_club,pending,pending,pending
140/2020/2020-09-12/715/531,605069,LaLiga,2020,club,2020-09-12T16:30:00+00:00,player_history_club,pending,pending,pending
140/2020/2021-05-23/715/546,605437,LaLiga,2020,club,2021-05-23T16:30:00+00:00,player_history_club,pending,pending,pending
140/2020/2020-10-25/720/542,605133,LaLiga,2020,club,2020-10-25T13:00:00+00:00,player_history_club,pending,pending,pending
140/2020/2021-01-24/727/715,605261,LaLiga,2020,club,2021-01-24T13:00:00+00:00,player_history_club,pending,pending,pending
140/2020/2021-03-08/543/542,605317,LaLiga,2020,club,2021-03-08T20:00:00+00:00,player_history_club,pending,pending,pending
140/2020/2021-02-24/529/797,605066,LaLiga,2020,club,2021-02-24T18:00:00+00:00,player_history_club,pending,pending,pending
140/2020/2020-12-06/727/543,605182,LaLiga,2020,club,2020-12-06T15:15:00+00:00,player_history_club,pending,pending,pending
140/2020/2020-11-28/541/542,605170,LaLiga,2020,club,2020-11-28T20:00:00+00:00,player_history_club,pending,pending,pending
140/2020/2021-05-02/720/543,605402,LaLiga,2020,club,2021-05-02T12:00:00+00:00,player_history_club,pending,pending,pending
140/2020/2020-12-31/531/548,605215,LaLiga,2020,club,2020-12-31T13:00:00+00:00,player_history_club,pending,pending,pending
140/2020/2021-01-22/539/720,605260,LaLiga,2020,club,2021-01-22T20:00:00+00:00,player_history_club,pending,pending,pending
140/2020/2021-03-06/797/536,605324,LaLiga,2020,club,2021-03-06T15:15:00+00:00,player_history_club,pending,pending,pending
140/2020/2021-02-27/542/727,605305,LaLiga,2020,club,2021-02-27T17:30:00+00:00,player_history_club,pending,pending,pending
140/2020/2020-11-28/532/530,605172,LaLiga,2020,club,2020-11-28T15:15:00+00:00,player_history_club,pending,pending,pending
140/2020/2021-01-31/529/531,605265,LaLiga,2020,club,2021-01-31T20:00:00+00:00,player_history_club,pending,pending,pending
140/2020/2020-09-26/543/541,605088,LaLiga,2020,club,2020-09-26T19:00:00+00:00,player_history_club,pending,pending,pending
140/2020/2021-01-31/546/542,605268,LaLiga,2020,club,2021-01-31T13:00:00+00:00,player_history_club,pending,pending,pending
140/2020/2021-05-16/542/715,605425,LaLiga,2020,club,2021-05-16T16:30:00+00:00,player_history_club,pending,pending,pending
140/2020/2021-01-20/546/726,605249,LaLiga,2020,club,2021-01-20T18:00:00+00:00,player_history_club,pending,pending,pending
140/2020/2020-11-02/533/720,605144,LaLiga,2020,club,2020-11-02T20:00:00+00:00,player_history_club,pending,pending,pending
140/2020/2020-11-29/546/531,605168,LaLiga,2020,club,2020-11-29T15:15:00+00:00,player_history_club,pending,pending,pending
140/2020/2020-12-14/538/724,605187,LaLiga,2020,club,2020-12-14T20:00:00+00:00,player_history_club,pending,pending,pending
140/2020/2021-04-24/532/542,605381,LaLiga,2020,club,2021-04-24T16:30:00+00:00,player_history_club,pending,pending,pending
140/2020/2021-05-02/715/724,605397,LaLiga,2020,club,2021-05-02T16:30:00+00:00,player_history_club,pending,pending,pending
140/2020/2020-12-05/530/720,605177,LaLiga,2020,club,2020-12-05T17:30:00+00:00,player_history_club,pending,pending,pending
140/2020/2021-01-21/545/530,605248,LaLiga,2020,club,2021-01-21T20:30:00+00:00,player_history_club,pending,pending,pending
140/2020/2021-05-12/536/532,605422,LaLiga,2020,club,2021-05-12T17:00:00+00:00,player_history_club,pending,pending,pending
140/2020/2020-10-18/545/727,605119,LaLiga,2020,club,2020-10-18T10:00:00+00:00,player_history_club,pending,pending,pending
140/2020/2021-01-30/545/536,605267,LaLiga,2020,club,2021-01-30T13:00:00+00:00,player_history_club,pending,pending,pending
140/2020/2021-01-03/531/797,605226,LaLiga,2020,club,2021-01-03T13:00:00+00:00,player_history_club,pending,pending,pending
140/2020/2020-12-22/532/536,605211,LaLiga,2020,club,2020-12-22T16:30:00+00:00,player_history_club,pending,pending,pending
140/2020/2020-10-23/797/532,605134,LaLiga,2020,club,2020-10-23T19:00:00+00:00,player_history_club,pending,pending,pending
140/2020/2021-04-10/541/529,605361,LaLiga,2020,club,2021-04-10T19:00:00+00:00,player_history_club,pending,pending,pending
140/2020/2021-02-20/720/541,605303,LaLiga,2020,club,2021-02-20T20:00:00+00:00,player_history_club,pending,pending,pending
140/2020/2020-09-30/533/542,605104,LaLiga,2020,club,2020-09-30T17:00:00+00:00,player_history_club,pending,pending,pending
140/2021/2022-01-02/546/541,720923,LaLiga,2021,club,2022-01-02T13:00:00+00:00,player_history_club,pending,pending,pending
140/2021/2021-08-22/539/541,720756,LaLiga,2021,club,2021-08-22T20:00:00+00:00,player_history_club,pending,pending,pending
140/2021/2021-09-22/541/798,720796,LaLiga,2021,club,2021-09-22T20:00:00+00:00,player_history_club,pending,pending,pending
140/2021/2022-05-11/536/798,721095,LaLiga,2021,club,2022-05-11T18:30:00+00:00,player_history_club,pending,pending,pending
140/2021/2022-02-04/546/539,720964,LaLiga,2021,club,2022-02-04T20:00:00+00:00,player_history_club,pending,pending,pending
140/2021/2021-10-23/724/542,720834,LaLiga,2021,club,2021-10-23T14:15:00+00:00,player_history_club,pending,pending,pending
140/2021/2022-05-15/538/797,721102,LaLiga,2021,club,2022-05-15T17:30:00+00:00,player_history_club,pending,pending,pending
140/2021/2021-10-28/539/530,720845,LaLiga,2021,club,2021-10-28T19:30:00+00:00,player_history_club,pending,pending,pending
140/2021/2022-03-18/531/546,721020,LaLiga,2021,club,2022-03-18T20:00:00+00:00,player_history_club,pending,pending,pending
140/2021/2021-10-30/536/727,720855,LaLiga,2021,club,2021-10-30T14:15:00+00:00,player_history_club,pending,pending,pending
140/2021/2021-08-29/530/533,720759,LaLiga,2021,club,2021-08-29T20:00:00+00:00,player_history_club,pending,pending,pending
140/2021/2022-04-19/533/532,721068,LaLiga,2021,club,2022-04-19T19:30:00+00:00,player_history_club,pending,pending,pending
140/2021/2022-05-07/531/532,721079,LaLiga,2021,club,2022-05-07T14:15:00+00:00,player_history_club,pending,pending,pending
140/2021/2022-04-09/533/531,721047,LaLiga,2021,club,2022-04-09T16:30:00+00:00,player_history_club,pending,pending,pending
140/2021/2022-02-20/531/548,720979,LaLiga,2021,club,2022-02-20T20:00:00+00:00,player_history_club,pending,pending,pending
140/2021/2022-05-15/798/728,721103,LaLiga,2021,club,2022-05-15T17:30:00+00:00,player_history_club,pending,pending,pending
140/2021/2021-12-18/529/797,720910,LaLiga,2021,club,2021-12-18T17:30:00+00:00,player_history_club,pending,pending,pending
140/2021/2021-12-03/715/542,720893,LaLiga,2021,club,2021-12-03T20:00:00+00:00,player_history_club,pending,pending,pending
140/2021/2021-10-26/533/724,720848,LaLiga,2021,club,2021-10-26T19:30:00+00:00,player_history_club,pending,pending,pending
140/2021/2022-05-01/797/727,721078,LaLiga,2021,club,2022-05-01T12:00:00+00:00,player_history_club,pending,pending,pending
140/2021/2022-01-10/540/797,720931,LaLiga,2021,club,2022-01-10T20:00:00+00:00,player_history_club,pending,pending,pending
140/2021/2021-10-24/536/539,720836,LaLiga,2021,club,2021-10-24T12:00:00+00:00,player_history_club,pending,pending,pending
140/2021/2022-02-12/724/538,720972,LaLiga,2021,club,2022-02-12T13:00:00+00:00,player_history_club,pending,pending,pending
140/2021/2022-03-07/531/539,721000,LaLiga,2021,club,2022-03-07T20:00:00+00:00,player_history_club,pending,pending,pending
140/2021/2021-09-23/724/529,720791,LaLiga,2021,club,2021-09-23T20:00:00+00:00,player_history_club,pending,pending,pending
140/2021/2021-10-27/798/536,720842,LaLiga,2021,club,2021-10-27T17:00:00+00:00,player_history_club,pending,pending,pending
140/2021/2022-02-05/798/724,720963,LaLiga,2021,club,2022-02-05T15:15:00+00:00,player_history_club,pending,pending,pending
140/2021/2022-03-20/724/533,721022,LaLiga,2021,club,2022-03-20T15:15:00+00:00,player_history_club,pending,pending,pending
140/2021/2022-01-09/536/546,720936,LaLiga,2021,club,2022-01-09T15:15:00+00:00,player_history_club,pending,pending,pending
140/2021/2021-09-18/728/546,720787,LaLiga,2021,club,2021-09-18T12:00:00+00:00,player_history_club,pending,pending,pending
140/2021/2022-04-02/530/542,721030,LaLiga,2021,club,2022-04-02T19:00:00+00:00,player_history_club,pending,pending,pending
140/2021/2022-02-12/530/546,720970,LaLiga,2021,club,2022-02-12T20:00:00+00:00,player_history_club,pending,pending,pending
140/2021/2022-01-23/548/546,720955,LaLiga,2021,club,2022-01-23T17:30:00+00:00,player_history_club,pending,pending,pending
140/2021/2022-04-17/715/539,721054,LaLiga,2021,club,2022-04-17T12:00:00+00:00,player_history_club,pending,pending,pending
140/2021/2021-09-23/727/543,720795,LaLiga,2021,club,2021-09-23T17:30:00+00:00,player_history_club,pending,pending,pending
140/2021/2022-04-30/532/539,721076,LaLiga,2021,club,2022-04-30T16:30:00+00:00,player_history_club,pending,pending,pending
140/2021/2022-01-23/728/531,720957,LaLiga,2021,club,2022-01-23T17:30:00+00:00,player_history_club,pending,pending,pending
140/2021/2021-10-03/546/548,720812,LaLiga,2021,club,2021-10-03T16:30:00+00:00,player_history_club,pending,pending,pending
140/2021/2021-12-11/542/546,720899,LaLiga,2021,club,2021-12-11T15:15:00+00:00,player_history_club,pending,pending,pending
140/2021/2022-03-05/727/533,721005,LaLiga,2021,club,2022-03-05T13:00:00+00:00,player_history_club,pending,pending,pending
140/2021/2022-05-10/529/538,721090,LaLiga,2021,club,2022-05-10T19:30:00+00:00,player_history_club,pending,pending,pending
140/2021/2022-01-19/532/536,720947,LaLiga,2021,club,2022-01-19T20:30:00+00:00,player_history_club,pending,pending,pending
140/2021/2021-09-11/539/728,720774,LaLiga,2021,club,2021-09-11T16:30:00+00:00,player_history_club,pending,pending,pending
140/2021/2022-02-05/727/536,720965,LaLiga,2021,club,2022-02-05T20:00:00+00:00,player_history_club,pending,pending,pending
140/2021/2022-02-19/724/546,720982,LaLiga,2021,club,2022-02-19T17:30:00+00:00,player_history_club,pending,pending,pending
140/2021/2021-11-07/727/548,720865,LaLiga,2021,club,2021-11-07T17:30:00+00:00,player_history_club,pending,pending,pending
140/2021/2022-03-20/541/529,721025,LaLiga,2021,club,2022-03-20T20:00:00+00:00,player_history_club,pending,pending,pending
140/2021/2021-10-02/530/529,720810,LaLiga,2021,club,2021-10-02T19:00:00+00:00,player_history_club,pending,pending,pending
140/2021/2021-09-12/541/538,720776,LaLiga,2021,club,2021-09-12T19:00:00+00:00,player_history_club,pending,pending,pending
140/2021/2022-02-25/539/797,720994,LaLiga,2021,club,2022-02-25T20:00:00+00:00,player_history_club,pending,pending,pending
140/2021/2022-05-07/543/529,721081,LaLiga,2021,club,2022-05-07T19:00:00+00:00,player_history_club,pending,pending,pending
140/2021/2022-02-28/715/724,720993,LaLiga,2021,club,2022-02-28T20:00:00+00:00,player_history_club,pending,pending,pending
140/2021/2021-12-18/536/530,720917,LaLiga,2021,club,2021-12-18T20:00:00+00:00,player_history_club,pending,pending,pending
140/2021/2021-12-11/532/797,720907,LaLiga,2021,club,2021-12-11T17:30:00+00:00,player_history_club,pending,pending,pending
140/2021/2022-05-11/797/530,721098,LaLiga,2021,club,2022-05-11T19:30:00+00:00,player_history_club,pending,pending,pending
140/2021/2022-03-19/797/532,721028,LaLiga,2021,club,2022-03-19T15:15:00+00:00,player_history_club,pending,pending,pending
140/2021/2022-01-02/797/715,720928,LaLiga,2021,club,2022-01-02T15:15:00+00:00,player_history_club,pending,pending,pending
140/2021/2021-10-31/530/543,720849,LaLiga,2021,club,2021-10-31T15:15:00+00:00,player_history_club,pending,pending,pending
140/2021/2022-02-20/532/529,720987,LaLiga,2021,club,2022-02-20T15:15:00+00:00,player_history_club,pending,pending,pending
140/2021/2022-05-07/798/715,721083,LaLiga,2021,club,2022-05-07T12:00:00+00:00,player_history_club,pending,pending,pending
140/2021/2021-10-03/540/541,720815,LaLiga,2021,club,2021-10-03T14:15:00+00:00,player_history_club,pending,pending,pending
140/2021/2021-10-31/546/540,720851,LaLiga,2021,club,2021-10-31T17:30:00+00:00,player_history_club,pending,pending,pending
140/2021/2022-02-27/536/543,720996,LaLiga,2021,club,2022-02-27T15:15:00+00:00,player_history_club,pending,pending,pending
140/2021/2021-09-25/542/530,720799,LaLiga,2021,club,2021-09-25T12:00:00+00:00,player_history_club,pending,pending,pending
140/2021/2021-10-30/532/533,720856,LaLiga,2021,club,2021-10-30T16:30:00+00:00,player_history_club,pending,pending,pending
140/2021/2021-11-28/543/539,720881,LaLiga,2021,club,2021-11-28T13:00:00+00:00,player_history_club,pending,pending,pending
140/2021/2021-10-23/797/540,720838,LaLiga,2021,club,2021-10-23T16:30:00+00:00,player_history_club,pending,pending,pending
140/2021/2022-03-13/548/542,721016,LaLiga,2021,club,2022-03-13T17:30:00+00:00,player_history_club,pending,pending,pending
140/2021/2021-12-05/539/727,720894,LaLiga,2021,club,2021-12-05T17:30:00+00:00,player_history_club,pending,pending,pending
140/2021/2022-04-03/532/724,721038,LaLiga,2021,club,2022-04-03T16:30:00+00:00,player_history_club,pending,pending,pending
140/2021/2021-10-18/542/543,720819,LaLiga,2021,club,2021-10-18T17:00:00+00:00,player_history_club,pending,pending,pending
140/2021/2021-12-22/715/530,720822,LaLiga,2021,club,2021-12-22T18:00:00+00:00,player_history_club,pending,pending,pending
140/2021/2022-05-22/529/533,721110,LaLiga,2021,club,2022-05-22T20:00:00+00:00,player_history_club,pending,pending,pending
140/2021/2022-01-18/543/542,720942,LaLiga,2021,club,2022-01-18T19:00:00+00:00,player_history_club,pending,pending,pending
140/2021/2022-04-02/546/798,721034,LaLiga,2021,club,2022-04-02T12:00:00+00:00,player_history_club,pending,pending,pending
140/2021/2022-02-16/530/539,720940,LaLiga,2021,club,2022-02-16T18:00:00+00:00,player_history_club,pending,pending,pending
140/2021/2021-09-18/797/539,720788,LaLiga,2021,club,2021-09-18T16:30:00+00:00,player_history_club,pending,pending,pending
140/2021/2022-05-22/536/531,721115,LaLiga,2021,club,2022-05-22T20:00:00+00:00,player_history_club,pending,pending,pending
140/2021/2021-10-25/546/538,720833,LaLiga,2021,club,2021-10-25T19:00:00+00:00,player_history_club,pending,pending,pending
140/2021/2021-09-27/538/715,720802,LaLiga,2021,club,2021-09-27T19:00:00+00:00,player_history_club,pending,pending,pending
140/2021/2022-02-26/546/542,720992,LaLiga,2021,club,2022-02-26T15:15:00+00:00,player_history_club,pending,pending,pending
140/2021/2021-12-17/538/540,720911,LaLiga,2021,club,2021-12-17T20:00:00+00:00,player_history_club,pending,pending,pending
140/2021/2021-08-27/532/542,720766,LaLiga,2021,club,2021-08-27T20:15:00+00:00,player_history_club,pending,pending,pending
140/2021/2022-04-10/540/538,721041,LaLiga,2021,club,2022-04-10T14:15:00+00:00,player_history_club,pending,pending,pending
140/2021/2022-01-22/536/538,720956,LaLiga,2021,club,2022-01-22T17:30:00+00:00,player_history_club,pending,pending,pending
140/2021/2022-02-07/531/540,720959,LaLiga,2021,club,2022-02-07T20:00:00+00:00,player_history_club,pending,pending,pending
140/2021/2022-03-12/539/540,721015,LaLiga,2021,club,2022-03-12T13:00:00+00:00,player_history_club,pending,pending,pending
140/2021/2022-03-06/797/529,721008,LaLiga,2021,club,2022-03-06T15:15:00+00:00,player_history_club,pending,pending,pending
140/2021/2021-11-07/533/546,720868,LaLiga,2021,club,2021-11-07T13:00:00+00:00,player_history_club,pending,pending,pending
140/2021/2022-05-07/538/542,721082,LaLiga,2021,club,2022-05-07T16:30:00+00:00,player_history_club,pending,pending,pending
140/2021/2022-01-08/548/538,720935,LaLiga,2021,club,2022-01-08T15:15:00+00:00,player_history_club,pending,pending,pending
140/2021/2022-04-02/539/533,721036,LaLiga,2021,club,2022-04-02T14:15:00+00:00,player_history_club,pending,pending,pending
140/2021/2021-12-01/541/531,720825,LaLiga,2021,club,2021-12-01T20:00:00+00:00,player_history_club,pending,pending,pending
140/2021/2022-01-03/724/536,720924,LaLiga,2021,club,2022-01-03T20:15:00+00:00,player_history_club,pending,pending,pending
140/2021/2022-02-19/715/533,720983,LaLiga,2021,club,2022-02-19T13:00:00+00:00,player_history_club,pending,pending,pending
140/2021/2021-10-17/728/797,720827,LaLiga,2021,club,2021-10-17T12:00:00+00:00,player_history_club,pending,pending,pending
140/2021/2022-02-20/540/536,720984,LaLiga,2021,club,2022-02-20T13:00:00+00:00,player_history_club,pending,pending,pending
140/2021/2022-03-06/538/798,721002,LaLiga,2021,club,2022-03-06T17:30:00+00:00,player_history_club,pending,pending,pending
140/2021/2022-04-15/548/543,721055,LaLiga,2021,club,2022-04-15T19:00:00+00:00,player_history_club,pending,pending,pending
140/2021/2021-12-05/728/540,720897,LaLiga,2021,club,2021-12-05T13:00:00+00:00,player_history_club,pending,pending,pending
140/2022/2022-11-05/720/797,878068,LaLiga,2022,club,2022-11-05T15:15:00+00:00,player_history_club,pending,pending,pending
140/2022/2022-10-14/728/546,878028,LaLiga,2022,club,2022-10-14T19:00:00+00:00,player_history_club,pending,pending,pending
140/2022/2023-03-11/541/540,878189,LaLiga,2022,club,2023-03-11T13:00:00+00:00,player_history_club,pending,pending,pending
140/2022/2023-04-25/547/541,878248,LaLiga,2022,club,2023-04-25T17:30:00+00:00,player_history_club,pending,pending,pending
140/2022/2022-10-18/536/532,878035,LaLiga,2022,club,2022-10-18T17:00:00+00:00,player_history_club,pending,pending,pending
140/2022/2023-02-26/536/727,878170,LaLiga,2022,club,2023-02-26T20:00:00+00:00,player_history_club,pending,pending,pending
140/2022/2023-05-28/723/720,878308,LaLiga,2022,club,2023-05-28T17:00:00+00:00,player_history_club,pending,pending,pending
140/2022/2023-03-18/530/532,878192,LaLiga,2022,club,2023-03-18T20:00:00+00:00,player_history_club,pending,pending,pending
140/2022/2023-03-05/728/531,878177,LaLiga,2022,club,2023-03-05T17:30:00+00:00,player_history_club,pending,pending,pending
140/2022/2023-01-23/532/723,878120,LaLiga,2022,club,2023-01-23T20:00:00+00:00,player_history_club,pending,pending,pending
140/2022/2023-02-26/531/547,878162,LaLiga,2022,club,2023-02-26T13:00:00+00:00,player_history_club,pending,pending,pending
140/2022/2022-09-04/531/540,877972,LaLiga,2022,club,2022-09-04T14:15:00+00:00,player_history_club,pending,pending,pending
140/2022/2023-05-23/548/723,878301,LaLiga,2022,club,2023-05-23T17:30:00+00:00,player_history_club,pending,pending,pending
140/2022/2023-06-04/541/531,878315,LaLiga,2022,club,2023-06-04T16:30:00+00:00,player_history_club,pending,pending,pending
140/2022/2023-01-22/531/541,878112,LaLiga,2022,club,2023-01-22T20:00:00+00:00,player_history_club,pending,pending,pending
140/2022/2022-08-21/530/533,877953,LaLiga,2022,club,2022-08-21T17:30:00+00:00,player_history_club,pending,pending,pending
140/2022/2022-10-20/727/540,878041,LaLiga,2022,club,2022-10-20T18:00:00+00:00,player_history_club,pending,pending,pending
140/2022/2022-08-13/529/728,877943,LaLiga,2022,club,2022-08-13T19:00:00+00:00,player_history_club,pending,pending,pending
140/2022/2023-05-28/529/798,878304,LaLiga,2022,club,2023-05-28T17:00:00+00:00,player_history_club,pending,pending,pending
140/2022/2022-08-26/543/727,877963,LaLiga,2022,club,2022-08-26T20:00:00+00:00,player_history_club,pending,pending,pending
140/2022/2023-01-16/724/797,878103,LaLiga,2022,club,2023-01-16T20:00:00+00:00,player_history_club,pending,pending,pending
140/2022/2022-10-15/798/536,878024,LaLiga,2022,club,2022-10-15T16:30:00+00:00,player_history_club,pending,pending,pending
140/2022/2023-05-04/547/798,878268,LaLiga,2022,club,2023-05-04T17:30:00+00:00,player_history_club,pending,pending,pending
140/2022/2023-01-21/530/720,878113,LaLiga,2022,club,2023-01-21T17:30:00+00:00,player_history_club,pending,pending,pending
140/2022/2023-05-24/540/530,878297,LaLiga,2022,club,2023-05-24T20:00:00+00:00,player_history_club,pending,pending,pending
140/2022/2023-05-21/530/727,878283,LaLiga,2022,club,2023-05-21T14:15:00+00:00,player_history_club,pending,pending,pending
140/2022/2023-02-26/538/720,878163,LaLiga,2022,club,2023-02-26T15:15:00+00:00,player_history_club,pending,pending,pending
140/2022/2022-09-12/723/727,877987,LaLiga,2022,club,2022-09-12T19:00:00+00:00,player_history_club,pending,pending,pending
140/2022/2023-04-16/547/797,878228,LaLiga,2022,club,2023-04-16T12:00:00+00:00,player_history_club,pending,pending,pending
140/2022/2023-01-14/547/536,878106,LaLiga,2022,club,2023-01-14T15:15:00+00:00,player_history_club,pending,pending,pending
140/2022/2023-01-29/538/531,878125,LaLiga,2022,club,2023-01-29T17:30:00+00:00,player_history_club,pending,pending,pending
140/2022/2023-04-01/724/536,878205,LaLiga,2022,club,2023-04-01T16:30:00+00:00,player_history_club,pending,pending,pending
140/2022/2023-04-14/728/727,878229,LaLiga,2022,club,2023-04-14T19:00:00+00:00,player_history_club,pending,pending,pending
140/2022/2023-01-06/532/724,878100,LaLiga,2022,club,2023-01-06T20:00:00+00:00,player_history_club,pending,pending,pending
140/2022/2022-09-18/548/540,877999,LaLiga,2022,club,2022-09-18T16:30:00+00:00,player_history_club,pending,pending,pending
140/2022/2022-10-16/540/720,878025,LaLiga,2022,club,2022-10-16T16:30:00+00:00,player_history_club,pending,pending,pending
140/2022/2023-04-25/543/548,878244,LaLiga,2022,club,2023-04-25T20:00:00+00:00,player_history_club,pending,pending,pending
140/2022/2023-03-19/727/533,878196,LaLiga,2022,club,2023-03-19T15:15:00+00:00,player_history_club,pending,pending,pending
140/2022/2022-09-04/533/797,877977,LaLiga,2022,club,2022-09-04T16:30:00+00:00,player_history_club,pending,pending,pending
140/2022/2023-05-03/546/538,878269,LaLiga,2022,club,2023-05-03T20:00:00+00:00,player_history_club,pending,pending,pending
140/2022/2023-04-29/529/543,878252,LaLiga,2022,club,2023-04-29T19:00:00+00:00,player_history_club,pending,pending,pending
140/2022/2022-09-17/531/728,877992,LaLiga,2022,club,2022-09-17T19:00:00+00:00,player_history_club,pending,pending,pending
140/2022/2023-04-23/797/532,878232,LaLiga,2022,club,2023-04-23T12:00:00+00:00,player_history_club,pending,pending,pending
140/2022/2023-02-24/797/543,878168,LaLiga,2022,club,2023-02-24T20:00:00+00:00,player_history_club,pending,pending,pending
140/2022/2023-01-28/536/797,878129,LaLiga,2022,club,2023-01-28T17:30:00+00:00,player_history_club,pending,pending,pending
140/2022/2022-10-28/798/540,878059,LaLiga,2022,club,2022-10-28T19:00:00+00:00,player_history_club,pending,pending,pending
140/2022/2022-08-21/531/532,877952,LaLiga,2022,club,2022-08-21T15:30:00+00:00,player_history_club,pending,pending,pending
140/2022/2022-10-08/723/728,878019,LaLiga,2022,club,2022-10-08T12:00:00+00:00,player_history_club,pending,pending,pending
140/2022/2022-08-13/538/540,877945,LaLiga,2022,club,2022-08-13T15:00:00+00:00,player_history_club,pending,pending,pending
140/2022/2023-04-02/533/548,878209,LaLiga,2022,club,2023-04-02T16:30:00+00:00,player_history_club,pending,pending,pending
140/2022/2022-11-10/541/724,878080,LaLiga,2022,club,2022-11-10T20:30:00+00:00,player_history_club,pending,pending,pending
140/2022/2022-08-26/547/538,877970,LaLiga,2022,club,2022-08-26T18:00:00+00:00,player_history_club,pending,pending,pending
140/2022/2023-05-21/728/540,878290,LaLiga,2022,club,2023-05-21T12:00:00+00:00,player_history_club,pending,pending,pending
140/2022/2022-10-16/543/723,878031,LaLiga,2022,club,2022-10-16T19:00:00+00:00,player_history_club,pending,pending,pending
140/2022/2023-04-23/536/533,878233,LaLiga,2022,club,2023-04-23T19:00:00+00:00,player_history_club,pending,pending,pending
140/2022/2023-04-08/548/546,878221,LaLiga,2022,club,2023-04-08T16:30:00+00:00,player_history_club,pending,pending,pending
140/2022/2022-08-22/547/546,877959,LaLiga,2022,club,2022-08-22T20:00:00+00:00,player_history_club,pending,pending,pending
140/2022/2023-05-21/532/541,878291,LaLiga,2022,club,2023-05-21T16:30:00+00:00,player_history_club,pending,pending,pending
140/2022/2023-05-21/536/543,878288,LaLiga,2022,club,2023-05-21T19:00:00+00:00,player_history_club,pending,pending,pending
140/2022/2023-02-11/723/543,878145,LaLiga,2022,club,2023-02-11T15:15:00+00:00,player_history_club,pending,pending,pending
140/2022/2023-03-12/536/723,878191,LaLiga,2022,club,2023-03-12T15:15:00+00:00,player_history_club,pending,pending,pending
140/2022/2023-04-01/531/546,878202,LaLiga,2022,club,2023-04-01T14:15:00+00:00,player_history_club,pending,pending,pending
140/2022/2023-01-28/547/529,878127,LaLiga,2022,club,2023-01-28T15:15:00+00:00,player_history_club,pending,pending,pending
140/2022/2023-02-12/538/530,878147,LaLiga,2022,club,2023-02-12T15:15:00+00:00,player_history_club,pending,pending,pending
140/2022/2022-10-02/547/548,878005,LaLiga,2022,club,2022-10-02T16:30:00+00:00,player_history_club,pending,pending,pending
140/2022/2022-09-11/797/531,877989,LaLiga,2022,club,2022-09-11T14:15:00+00:00,player_history_club,pending,pending,pending
140/2022/2023-05-19/724/720,878285,LaLiga,2022,club,2023-05-19T19:00:00+00:00,player_history_club,pending,pending,pending
140/2022/2023-03-31/798/727,878204,LaLiga,2022,club,2023-03-31T19:00:00+00:00,player_history_club,pending,pending,pending
140/2022/2023-03-18/728/547,878201,LaLiga,2022,club,2023-03-18T15:15:00+00:00,player_history_club,pending,pending,pending
140/2022/2023-05-20/547/533,878287,LaLiga,2022,club,2023-05-20T12:00:00+00:00,player_history_club,pending,pending,pending
140/2022/2022-09-02/538/724,877979,LaLiga,2022,club,2022-09-02T19:00:00+00:00,player_history_club,pending,pending,pending
140/2022/2023-05-25/727/531,878296,LaLiga,2022,club,2023-05-25T19:30:00+00:00,player_history_club,pending,pending,pending
140/2022/2023-01-22/533/547,878121,LaLiga,2022,club,2023-01-22T13:00:00+00:00,player_history_club,pending,pending,pending
140/2022/2023-04-26/530/798,878243,LaLiga,2022,club,2023-04-26T17:30:00+00:00,player_history_club,pending,pending,pending
140/2022/2023-04-09/723/532,878215,LaLiga,2022,club,2023-04-09T16:30:00+00:00,player_history_club,pending,pending,pending
140/2022/2023-05-24/797/536,878294,LaLiga,2022,club,2023-05-24T17:30:00+00:00,player_history_club,pending,pending,pending
140/2022/2023-02-27/533/546,878169,LaLiga,2022,club,2023-02-27T20:00:00+00:00,player_history_club,pending,pending,pending
140/2022/2023-01-30/533/728,878131,LaLiga,2022,club,2023-01-30T20:00:00+00:00,player_history_club,pending,pending,pending
140/2022/2023-02-25/532/548,878171,LaLiga,2022,club,2023-02-25T20:00:00+00:00,player_history_club,pending,pending,pending
140/2022/2022-12-29/547/728,878086,LaLiga,2022,club,2022-12-29T16:00:00+00:00,player_history_club,pending,pending,pending
140/2022/2023-02-17/547/723,878161,LaLiga,2022,club,2023-02-17T20:00:00+00:00,player_history_club,pending,pending,pending
140/2022/2022-12-31/529/540,878083,LaLiga,2022,club,2022-12-31T13:00:00+00:00,player_history_club,pending,pending,pending
140/2022/2022-08-28/529/720,877962,LaLiga,2022,club,2022-08-28T17:30:00+00:00,player_history_club,pending,pending,pending
140/2022/2023-03-05/543/541,878174,LaLiga,2022,club,2023-03-05T20:00:00+00:00,player_history_club,pending,pending,pending
140/2022/2022-10-01/536/530,878006,LaLiga,2022,club,2022-10-01T16:30:00+00:00,player_history_club,pending,pending,pending
140/2022/2023-05-28/724/538,878306,LaLiga,2022,club,2023-05-28T17:00:00+00:00,player_history_club,pending,pending,pending
140/2022/2023-05-28/532/540,878310,LaLiga,2022,club,2023-05-28T17:00:00+00:00,player_history_club,pending,pending,pending
140/2022/2023-02-05/548/720,878139,LaLiga,2022,club,2023-02-05T17:30:00+00:00,player_history_club,pending,pending,pending
140/2022/2022-09-18/530/541,877993,LaLiga,2022,club,2022-09-18T19:00:00+00:00,player_history_club,pending,pending,pending
140/2022/2022-10-08/536/531,878020,LaLiga,2022,club,2022-10-08T16:30:00+00:00,player_history_club,pending,pending,pending
140/2022/2023-03-06/727/538,878178,LaLiga,2022,club,2023-03-06T20:00:00+00:00,player_history_club,pending,pending,pending
140/2022/2023-02-01/543/529,878108,LaLiga,2022,club,2023-02-01T20:00:00+00:00,player_history_club,pending,pending,pending
140/2022/2022-10-29/536/728,878060,LaLiga,2022,club,2022-10-29T16:30:00+00:00,player_history_club,pending,pending,pending
140/2022/2023-06-04/727/547,878321,LaLiga,2022,club,2023-06-04T16:30:00+00:00,player_history_club,pending,pending,pending
140/2022/2023-05-01/536/547,878261,LaLiga,2022,club,2023-05-01T19:00:00+00:00,player_history_club,pending,pending,pending
140/2022/2023-04-10/529/547,878212,LaLiga,2022,club,2023-04-10T19:00:00+00:00,player_history_club,pending,pending,pending
140/2022/2023-05-28/547/543,878309,LaLiga,2022,club,2023-05-28T17:00:00+00:00,player_history_club,pending,pending,pending
140/2022/2022-10-22/728/724,878049,LaLiga,2022,club,2022-10-22T12:00:00+00:00,player_history_club,pending,pending,pending
140/2022/2023-05-27/536/541,878311,LaLiga,2022,club,2023-05-27T17:00:00+00:00,player_history_club,pending,pending,pending
140/2022/2022-10-30/727/720,878054,LaLiga,2022,club,2022-10-30T13:00:00+00:00,player_history_club,pending,pending,pending
140/2023/2023-12-23/530/536,1037983,LaLiga,2023,club,2023-12-23T15:15:00+00:00,player_history_club,pending,pending,pending
140/2023/2024-02-04/541/530,1038179,LaLiga,2023,club,2024-02-04T20:00:00+00:00,player_history_club,pending,pending,pending
140/2023/2024-03-17/536/538,1038238,LaLiga,2023,club,2024-03-17T13:00:00+00:00,player_history_club,pending,pending,pending
140/2023/2023-09-24/548/546,1038010,LaLiga,2023,club,2023-09-24T12:00:00+00:00,player_history_club,pending,pending,pending
140/2023/2023-10-29/530/542,1038061,LaLiga,2023,club,2023-10-29T20:00:00+00:00,player_history_club,pending,pending,pending
140/2023/2024-05-14/547/533,1038303,LaLiga,2023,club,2024-05-14T20:00:00+00:00,player_history_club,pending,pending,pending
140/2023/2023-10-28/724/536,1038056,LaLiga,2023,club,2023-10-28T19:00:00+00:00,player_history_club,pending,pending,pending
140/2023/2023-10-07/798/532,1038035,LaLiga,2023,club,2023-10-07T16:30:00+00:00,player_history_club,pending,pending,pending
140/2023/2024-01-03/547/530,1038136,LaLiga,2023,club,2024-01-03T20:30:00+00:00,player_history_club,pending,pending,pending
140/2023/2023-08-27/532/727,1037980,LaLiga,2023,club,2023-08-27T17:30:00+00:00,player_history_club,pending,pending,pending
140/2023/2023-09-29/529/536,1038024,LaLiga,2023,club,2023-09-29T19:00:00+00:00,player_history_club,pending,pending,pending
140/2023/2023-12-17/541/533,1038116,LaLiga,2023,club,2023-12-17T20:00:00+00:00,player_history_club,pending,pending,pending
140/2023/2024-02-24/723/530,1038202,LaLiga,2023,club,2024-02-24T20:00:00+00:00,player_history_club,pending,pending,pending
140/2023/2024-01-03/715/724,1038139,LaLiga,2023,club,2024-01-03T16:00:00+00:00,player_history_club,pending,pending,pending
140/2023/2024-05-05/532/542,1038291,LaLiga,2023,club,2024-05-05T16:30:00+00:00,player_history_club,pending,pending,pending
140/2023/2024-05-16/723/529,1038302,LaLiga,2023,club,2024-05-16T19:30:00+00:00,player_history_club,pending,pending,pending
140/2023/2024-05-14/727/798,1038309,LaLiga,2023,club,2024-05-14T17:30:00+00:00,player_history_club,pending,pending,pending
140/2023/2023-12-21/542/541,1038129,LaLiga,2023,club,2023-12-21T20:30:00+00:00,player_history_club,pending,pending,pending
140/2023/2023-09-27/532/548,1038019,LaLiga,2023,club,2023-09-27T19:30:00+00:00,player_history_club,pending,pending,pending
140/2023/2024-04-21/546/548,1038265,LaLiga,2023,club,2024-04-21T12:00:00+00:00,player_history_club,pending,pending,pending
140/2023/2024-04-28/533/728,1038280,LaLiga,2023,club,2024-04-28T16:30:00+00:00,player_history_club,pending,pending,pending
140/2023/2024-05-05/536/715,1038289,LaLiga,2023,club,2024-05-05T19:00:00+00:00,player_history_club,pending,pending,pending
140/2023/2023-09-03/727/529,1037989,LaLiga,2023,club,2023-09-03T19:00:00+00:00,player_history_club,pending,pending,pending
140/2023/2024-03-16/531/542,1038241,LaLiga,2023,club,2024-03-16T20:00:00+00:00,player_history_club,pending,pending,pending
140/2023/2023-10-29/543/727,1038055,LaLiga,2023,club,2023-10-29T13:00:00+00:00,player_history_club,pending,pending,pending
140/2023/2023-11-04/538/536,1038063,LaLiga,2023,club,2023-11-04T17:30:00+00:00,player_history_club,pending,pending,pending
140/2023/2024-04-29/529/532,1038273,LaLiga,2023,club,2024-04-29T19:00:00+00:00,player_history_club,pending,pending,pending
140/2023/2024-01-20/532/531,1038156,LaLiga,2023,club,2024-01-20T17:30:00+00:00,player_history_club,pending,pending,pending
140/2023/2023-11-04/548/529,1038067,LaLiga,2023,club,2023-11-04T20:00:00+00:00,player_history_club,pending,pending,pending
140/2023/2023-09-02/542/532,1037987,LaLiga,2023,club,2023-09-02T16:30:00+00:00,player_history_club,pending,pending,pending
140/2023/2023-08-11/723/728,1037952,LaLiga,2023,club,2023-08-11T17:30:00+00:00,player_history_club,pending,pending,pending
140/2023/2023-08-20/529/724,1037963,LaLiga,2023,club,2023-08-20T17:30:00+00:00,player_history_club,pending,pending,pending
140/2023/2024-05-18/542/546,1038317,LaLiga,2023,club,2024-05-18T19:00:00+00:00,player_history_club,pending,pending,pending
140/2023/2024-03-16/727/541,1038234,LaLiga,2023,club,2024-03-16T15:15:00+00:00,player_history_club,pending,pending,pending
140/2023/2023-11-03/534/530,1038066,LaLiga,2023,club,2023-11-03T20:00:00+00:00,player_history_club,pending,pending,pending
140/2023/2023-12-21/724/548,1038125,LaLiga,2023,club,2023-12-21T18:00:00+00:00,player_history_club,pending,pending,pending
140/2023/2024-03-09/724/530,1038229,LaLiga,2023,club,2024-03-09T15:15:00+00:00,player_history_club,pending,pending,pending
140/2023/2024-03-30/532/798,1038251,LaLiga,2023,club,2024-03-30T17:30:00+00:00,player_history_club,pending,pending,pending
140/2023/2024-04-27/534/547,1038279,LaLiga,2023,club,2024-04-27T12:00:00+00:00,player_history_club,pending,pending,pending
140/2023/2023-09-23/547/798,1038006,LaLiga,2023,club,2023-09-23T12:00:00+00:00,player_history_club,pending,pending,pending
140/2023/2024-02-25/724/538,1038204,LaLiga,2023,club,2024-02-25T13:00:00+00:00,player_history_club,pending,pending,pending
140/2023/2024-04-21/542/530,1038266,LaLiga,2023,club,2024-04-21T16:30:00+00:00,player_history_club,pending,pending,pending
140/2023/2024-05-25/541/543,1038330,LaLiga,2023,club,2024-05-25T19:00:00+00:00,player_history_club,pending,pending,pending
140/2023/2024-05-12/532/728,1038299,LaLiga,2023,club,2024-05-12T16:30:00+00:00,player_history_club,pending,pending,pending
140/2023/2024-03-30/723/727,1038242,LaLiga,2023,club,2024-03-30T15:15:00+00:00,player_history_club,pending,pending,pending
140/2023/2023-09-02/543/728,1037984,LaLiga,2023,club,2023-09-02T19:00:00+00:00,player_history_club,pending,pending,pending
140/2023/2023-10-01/543/532,1038025,LaLiga,2023,club,2023-10-01T19:00:00+00:00,player_history_club,pending,pending,pending
140/2023/2023-11-26/724/541,1038084,LaLiga,2023,club,2023-11-26T17:30:00+00:00,player_history_club,pending,pending,pending
140/2023/2023-08-19/727/531,1037967,LaLiga,2023,club,2023-08-19T19:30:00+00:00,player_history_club,pending,pending,pending
140/2023/2024-01-20/533/798,1038160,LaLiga,2023,club,2024-01-20T15:15:00+00:00,player_history_club,pending,pending,pending
140/2023/2023-11-05/542/723,1038064,LaLiga,2023,club,2023-11-05T13:00:00+00:00,player_history_club,pending,pending,pending
140/2023/2023-11-25/546/723,1038087,LaLiga,2023,club,2023-11-25T17:30:00+00:00,player_history_club,pending,pending,pending
140/2023/2024-01-27/548/728,1038170,LaLiga,2023,club,2024-01-27T13:00:00+00:00,player_history_club,pending,pending,pending
140/2023/2024-05-12/724/546,1038295,LaLiga,2023,club,2024-05-12T12:00:00+00:00,player_history_club,pending,pending,pending
140/2023/2023-09-16/531/724,1037992,LaLiga,2023,club,2023-09-16T12:00:00+00:00,player_history_club,pending,pending,pending
140/2023/2023-11-05/541/728,1038070,LaLiga,2023,club,2023-11-05T20:00:00+00:00,player_history_club,pending,pending,pending
140/2023/2024-01-04/534/529,1038137,LaLiga,2023,club,2024-01-04T20:30:00+00:00,player_history_club,pending,pending,pending
140/2023/2024-04-27/542/538,1038277,LaLiga,2023,club,2024-04-27T16:30:00+00:00,player_history_club,pending,pending,pending
140/2023/2024-04-14/531/533,1038252,LaLiga,2023,club,2024-04-14T16:30:00+00:00,player_history_club,pending,pending,pending
140/2023/2024-02-17/727/724,1038198,LaLiga,2023,club,2024-02-17T15:15:00+00:00,player_history_club,pending,pending,pending
140/2023/2023-12-11/728/538,1038110,LaLiga,2023,club,2023-12-11T20:00:00+00:00,player_history_club,pending,pending,pending
140/2023/2024-05-19/724/534,1038316,LaLiga,2023,club,2024-05-19T17:00:00+00:00,player_history_club,pending,pending,pending
140/2023/2023-12-20/533/538,1038131,LaLiga,2023,club,2023-12-20T20:30:00+00:00,player_history_club,pending,pending,pending
140/2023/2023-12-18/547/542,1038121,LaLiga,2023,club,2023-12-18T20:00:00+00:00,player_history_club,pending,pending,pending
140/2023/2023-12-10/724/727,1038104,LaLiga,2023,club,2023-12-10T17:30:00+00:00,player_history_club,pending,pending,pending
140/2023/2023-09-26/536/723,1038014,LaLiga,2023,club,2023-09-26T17:00:00+00:00,player_history_club,pending,pending,pending
140/2023/2023-10-02/534/538,1038030,LaLiga,2023,club,2023-10-02T19:00:00+00:00,player_history_club,pending,pending,pending
140/2023/2023-08-20/547/546,1037970,LaLiga,2023,club,2023-08-20T17:00:00+00:00,player_history_club,pending,pending,pending
140/2023/2023-12-09/798/536,1038106,LaLiga,2023,club,2023-12-09T20:00:00+00:00,player_history_club,pending,pending,pending
140/2023/2024-03-30/546/536,1038246,LaLiga,2023,club,2024-03-30T13:00:00+00:00,player_history_club,pending,pending,pending
140/2023/2024-03-09/547/727,1038225,LaLiga,2023,club,2024-03-09T20:00:00+00:00,player_history_club,pending,pending,pending
140/2023/2024-03-02/546/534,1038214,LaLiga,2023,club,2024-03-02T17:30:00+00:00,player_history_club,pending,pending,pending
140/2023/2024-03-10/543/533,1038224,LaLiga,2023,club,2024-03-10T20:00:00+00:00,player_history_club,pending,pending,pending
140/2023/2023-09-27/724/728,1038013,LaLiga,2023,club,2023-09-27T19:30:00+00:00,player_history_club,pending,pending,pending
140/2023/2023-08-28/546/542,1037981,LaLiga,2023,club,2023-08-28T17:30:00+00:00,player_history_club,pending,pending,pending
140/2023/2024-01-13/543/715,1038146,LaLiga,2023,club,2024-01-13T20:00:00+00:00,player_history_club,pending,pending,pending
140/2023/2024-05-15/728/715,1038310,LaLiga,2023,club,2024-05-15T17:30:00+00:00,player_history_club,pending,pending,pending
140/2023/2023-08-14/724/542,1037961,LaLiga,2023,club,2023-08-14T17:30:00+00:00,player_history_club,pending,pending,pending
140/2023/2023-09-30/547/541,1038027,LaLiga,2023,club,2023-09-30T16:30:00+00:00,player_history_club,pending,pending,pending
140/2023/2024-02-03/547/548,1038174,LaLiga,2023,club,2024-02-03T20:00:00+00:00,player_history_club,pending,pending,pending
140/2023/2023-09-17/533/723,1037997,LaLiga,2023,club,2023-09-17T14:15:00+00:00,player_history_club,pending,pending,pending
140/2023/2023-10-08/538/546,1038034,LaLiga,2023,club,2023-10-08T16:30:00+00:00,player_history_club,pending,pending,pending
140/2023/2023-12-10/529/547,1038102,LaLiga,2023,club,2023-12-10T20:00:00+00:00,player_history_club,pending,pending,pending
140/2023/2024-05-05/728/723,1038283,LaLiga,2023,club,2024-05-05T19:00:00+00:00,player_history_club,pending,pending,pending
140/2023/2023-09-15/728/542,1038001,LaLiga,2023,club,2023-09-15T19:00:00+00:00,player_history_club,pending,pending,pending
140/2023/2023-11-12/536/543,1038076,LaLiga,2023,club,2023-11-12T17:30:00+00:00,player_history_club,pending,pending,pending
140/2023/2023-12-08/546/532,1038105,LaLiga,2023,club,2023-12-08T20:00:00+00:00,player_history_club,pending,pending,pending
140/2023/2023-12-16/538/715,1038114,LaLiga,2023,club,2023-12-16T13:00:00+00:00,player_history_club,pending,pending,pending
140/2023/2024-05-12/543/723,1038298,LaLiga,2023,club,2024-05-12T19:00:00+00:00,player_history_club,pending,pending,pending
140/2023/2024-03-31/547/543,1038250,LaLiga,2023,club,2024-03-31T14:15:00+00:00,player_history_club,pending,pending,pending
140/2023/2024-04-12/543/538,1038254,LaLiga,2023,club,2024-04-12T19:00:00+00:00,player_history_club,pending,pending,pending
140/2023/2023-12-01/534/546,1038099,LaLiga,2023,club,2023-12-01T20:00:00+00:00,player_history_club,pending,pending,pending
140/2023/2024-05-25/728/531,1038327,LaLiga,2023,club,2024-05-25T16:30:00+00:00,player_history_club,pending,pending,pending
140/2023/2024-01-21/547/536,1038153,LaLiga,2023,club,2024-01-21T20:00:00+00:00,player_history_club,pending,pending,pending
140/2023/2023-08-13/538/727,1037955,LaLiga,2023,club,2023-08-13T15:00:00+00:00,player_history_club,pending,pending,pending
140/2023/2023-08-20/543/530,1037968,LaLiga,2023,club,2023-08-20T19:30:00+00:00,player_history_club,pending,pending,pending
140/2023/2024-02-25/541/536,1038206,LaLiga,2023,club,2024-02-25T20:00:00+00:00,player_history_club,pending,pending,pending
140/2023/2024-02-18/728/541,1038195,LaLiga,2023,club,2024-02-18T13:00:00+00:00,player_history_club,pending,pending,pending
140/2023/2023-10-21/538/530,1038045,LaLiga,2023,club,2023-10-21T19:00:00+00:00,player_history_club,pending,pending,pending
140/2023/2024-02-04/543/546,1038173,LaLiga,2023,club,2024-02-04T17:30:00+00:00,player_history_club,pending,pending,pending
135/2020/2021-04-18/492/505,608838,SerieA,2020,club,2021-04-18T18:45:00+00:00,player_history_club,pending,pending,pending
135/2020/2020-10-31/501/499,608531,SerieA,2020,club,2020-10-31T14:00:00+00:00,player_history_club,pending,pending,pending
135/2020/2021-05-09/495/488,608883,SerieA,2020,club,2021-05-09T10:30:00+00:00,player_history_club,pending,pending,pending
135/2020/2020-12-23/492/503,608669,SerieA,2020,club,2020-12-23T19:45:00+00:00,player_history_club,pending,pending,pending
135/2020/2020-12-16/515/500,608652,SerieA,2020,club,2020-12-16T19:45:00+00:00,player_history_club,pending,pending,pending
135/2020/2021-01-03/490/492,608677,SerieA,2020,club,2021-01-03T14:00:00+00:00,player_history_club,pending,pending,pending
135/2020/2021-01-30/500/489,608730,SerieA,2020,club,2021-01-30T14:00:00+00:00,player_history_club,pending,pending,pending
135/2020/2020-12-15/506/487,608645,SerieA,2020,club,2020-12-15T19:45:00+00:00,player_history_club,pending,pending,pending
135/2020/2021-04-18/499/496,608839,SerieA,2020,club,2021-04-18T13:00:00+00:00,player_history_club,pending,pending,pending
135/2020/2021-01-10/502/490,608696,SerieA,2020,club,2021-01-10T17:00:00+00:00,player_history_club,pending,pending,pending
135/2020/2021-01-06/501/497,608688,SerieA,2020,club,2021-01-06T14:00:00+00:00,player_history_club,pending,pending,pending
135/2020/2021-04-03/503/496,608818,SerieA,2020,club,2021-04-03T16:00:00+00:00,player_history_club,pending,pending,pending
135/2020/2020-12-19/502/504,608658,SerieA,2020,club,2020-12-19T14:00:00+00:00,player_history_club,pending,pending,pending
135/2020/2021-05-16/523/488,608903,SerieA,2020,club,2021-05-16T16:00:00+00:00,player_history_club,pending,pending,pending
135/2020/2021-01-03/523/503,608682,SerieA,2020,club,2021-01-03T14:00:00+00:00,player_history_club,pending,pending,pending
135/2020/2021-01-24/495/490,608717,SerieA,2020,club,2021-01-24T14:00:00+00:00,player_history_club,pending,pending,pending
135/2020/2021-05-01/489/506,608866,SerieA,2020,club,2021-05-01T18:45:00+00:00,player_history_club,pending,pending,pending
135/2020/2021-04-22/492/487,608850,SerieA,2020,club,2021-04-22T18:45:00+00:00,player_history_club,pending,pending,pending
135/2020/2020-12-20/503/500,608664,SerieA,2020,club,2020-12-20T11:30:00+00:00,player_history_club,pending,pending,pending
135/2020/2021-01-06/498/505,608692,SerieA,2020,club,2021-01-06T14:00:00+00:00,player_history_club,pending,pending,pending
135/2020/2020-10-17/505/489,608512,SerieA,2020,club,2020-10-17T16:00:00+00:00,player_history_club,pending,pending,pending
135/2020/2020-12-16/505/492,608648,SerieA,2020,club,2020-12-16T19:45:00+00:00,player_history_club,pending,pending,pending
135/2020/2021-03-13/495/494,608803,SerieA,2020,club,2021-03-13T19:45:00+00:00,player_history_club,pending,pending,pending
135/2020/2021-03-14/503/505,608797,SerieA,2020,club,2021-03-14T14:00:00+00:00,player_history_club,pending,pending,pending
135/2020/2020-10-17/492/499,608513,SerieA,2020,club,2020-10-17T13:00:00+00:00,player_history_club,pending,pending,pending
135/2020/2020-11-30/495/523,608619,SerieA,2020,club,2020-11-30T19:45:00+00:00,player_history_club,pending,pending,pending
135/2020/2021-05-12/505/497,608891,SerieA,2020,club,2021-05-12T18:45:00+00:00,player_history_club,pending,pending,pending
135/2020/2021-01-09/495/500,608697,SerieA,2020,club,2021-01-09T17:00:00+00:00,player_history_club,pending,pending,pending
135/2020/2020-12-23/504/505,608674,SerieA,2020,club,2020-12-23T17:30:00+00:00,player_history_club,pending,pending,pending
135/2020/2021-01-10/504/501,608704,SerieA,2020,club,2021-01-10T14:00:00+00:00,player_history_club,pending,pending,pending
135/2020/2020-11-01/498/495,608535,SerieA,2020,club,2020-11-01T19:45:00+00:00,player_history_club,pending,pending,pending
135/2020/2021-01-24/523/498,608721,SerieA,2020,club,2021-01-24T19:45:00+00:00,player_history_club,pending,pending,pending
135/2020/2021-02-28/498/499,608765,SerieA,2020,club,2021-02-28T11:30:00+00:00,player_history_club,pending,pending,pending
135/2020/2020-11-21/501/487,608605,SerieA,2020,club,2020-11-21T14:00:00+00:00,player_history_club,pending,pending,pending
135/2020/2020-11-08/500/492,608597,SerieA,2020,club,2020-11-08T17:00:00+00:00,player_history_club,pending,pending,pending
135/2020/2021-02-28/494/502,608768,SerieA,2020,club,2021-02-28T14:00:00+00:00,player_history_club,pending,pending,pending
135/2020/2021-04-17/498/504,608844,SerieA,2020,club,2021-04-17T13:00:00+00:00,player_history_club,pending,pending,pending
135/2020/2021-02-28/501/490,608767,SerieA,2020,club,2021-02-28T14:00:00+00:00,player_history_club,pending,pending,pending
135/2020/2021-03-06/494/488,608793,SerieA,2020,club,2021-03-06T17:00:00+00:00,player_history_club,pending,pending,pending
135/2020/2020-09-30/506/505,608480,SerieA,2020,club,2020-09-30T16:00:00+00:00,player_history_club,pending,pending,pending
135/2020/2020-10-24/495/505,608524,SerieA,2020,club,2020-10-24T16:00:00+00:00,player_history_club,pending,pending,pending
135/2020/2021-02-13/492/496,608749,SerieA,2020,club,2021-02-13T17:00:00+00:00,player_history_club,pending,pending,pending
135/2020/2021-04-11/497/500,608826,SerieA,2020,club,2021-04-11T16:00:00+00:00,player_history_club,pending,pending,pending
135/2020/2020-12-20/487/492,608660,SerieA,2020,club,2020-12-20T19:45:00+00:00,player_history_club,pending,pending,pending
135/2020/2021-03-21/498/503,608814,SerieA,2020,club,2021-03-21T14:00:00+00:00,player_history_club,pending,pending,pending
135/2020/2021-01-03/505/501,608680,SerieA,2020,club,2021-01-03T11:30:00+00:00,player_history_club,pending,pending,pending
135/2020/2020-11-04/495/503,608503,SerieA,2020,club,2020-11-04T16:00:00+00:00,player_history_club,pending,pending,pending
135/2020/2021-04-03/489/498,608821,SerieA,2020,club,2021-04-03T10:30:00+00:00,player_history_club,pending,pending,pending
135/2020/2020-11-02/504/506,608539,SerieA,2020,club,2020-11-02T19:45:00+00:00,player_history_club,pending,pending,pending
135/2020/2021-04-07/505/488,608813,SerieA,2020,club,2021-04-07T16:45:00+00:00,player_history_club,pending,pending,pending
135/2020/2021-05-22/501/502,608906,SerieA,2020,club,2021-05-22T18:45:00+00:00,player_history_club,pending,pending,pending
135/2020/2021-02-06/496/497,608740,SerieA,2020,club,2021-02-06T17:00:00+00:00,player_history_club,pending,pending,pending
135/2020/2020-12-06/523/506,608629,SerieA,2020,club,2020-12-06T14:00:00+00:00,player_history_club,pending,pending,pending
135/2020/2021-01-17/499/495,608705,SerieA,2020,club,2021-01-17T17:00:00+00:00,player_history_club,pending,pending,pending
135/2020/2021-01-06/500/494,608686,SerieA,2020,club,2021-01-06T14:00:00+00:00,player_history_club,pending,pending,pending
135/2020/2021-02-14/490/499,608745,SerieA,2020,club,2021-02-14T14:00:00+00:00,player_history_club,pending,pending,pending
135/2020/2021-05-23/503/506,608905,SerieA,2020,club,2021-05-23T18:45:00+00:00,player_history_club,pending,pending,pending
135/2020/2020-09-21/489/500,608485,SerieA,2020,club,2020-09-21T18:45:00+00:00,player_history_club,pending,pending,pending
135/2020/2021-02-21/506/497,608759,SerieA,2020,club,2021-02-21T19:45:00+00:00,player_history_club,pending,pending,pending
135/2020/2021-04-25/499/500,608855,SerieA,2020,club,2021-04-25T18:45:00+00:00,player_history_club,pending,pending,pending
135/2020/2020-09-20/488/490,608487,SerieA,2020,club,2020-09-20T16:00:00+00:00,player_history_club,pending,pending,pending
135/2020/2021-02-14/497/494,608754,SerieA,2020,club,2021-02-14T11:30:00+00:00,player_history_club,pending,pending,pending
135/2020/2021-01-06/487/502,608689,SerieA,2020,club,2021-01-06T14:00:00+00:00,player_history_club,pending,pending,pending
135/2020/2021-05-15/497/487,608900,SerieA,2020,club,2021-05-15T18:45:00+00:00,player_history_club,pending,pending,pending
135/2020/2021-05-16/494/498,608902,SerieA,2020,club,2021-05-16T13:00:00+00:00,player_history_club,pending,pending,pending
135/2020/2020-11-28/499/504,608615,SerieA,2020,club,2020-11-28T19:45:00+00:00,player_history_club,pending,pending,pending
135/2020/2021-01-06/492/515,608691,SerieA,2020,club,2021-01-06T17:00:00+00:00,player_history_club,pending,pending,pending
135/2020/2021-01-06/488/495,608693,SerieA,2020,club,2021-01-06T14:00:00+00:00,player_history_club,pending,pending,pending
135/2020/2021-04-03/487/515,608822,SerieA,2020,club,2021-04-03T13:00:00+00:00,player_history_club,pending,pending,pending
135/2020/2020-10-18/515/502,608516,SerieA,2020,club,2020-10-18T13:00:00+00:00,player_history_club,pending,pending,pending
135/2020/2021-04-03/488/497,608820,SerieA,2020,club,2021-04-03T13:00:00+00:00,player_history_club,pending,pending,pending
135/2020/2021-02-14/505/487,608750,SerieA,2020,club,2021-02-14T19:45:00+00:00,player_history_club,pending,pending,pending
135/2020/2020-11-08/487/496,608600,SerieA,2020,club,2020-11-08T11:30:00+00:00,player_history_club,pending,pending,pending
135/2020/2020-10-03/488/501,608508,SerieA,2020,club,2020-10-03T13:00:00+00:00,player_history_club,pending,pending,pending
135/2020/2020-12-22/496/502,608667,SerieA,2020,club,2020-12-22T19:45:00+00:00,player_history_club,pending,pending,pending
135/2020/2020-09-26/503/499,608498,SerieA,2020,club,2020-09-26T13:00:00+00:00,player_history_club,pending,pending,pending
135/2020/2020-12-13/499/502,608635,SerieA,2020,club,2020-12-13T14:00:00+00:00,player_history_club,pending,pending,pending
135/2020/2021-01-31/501/495,608727,SerieA,2020,club,2021-01-31T14:00:00+00:00,player_history_club,pending,pending,pending
135/2020/2020-11-08/489/504,608601,SerieA,2020,club,2020-11-08T19:45:00+00:00,player_history_club,pending,pending,pending
135/2020/2020-10-18/497/506,608514,SerieA,2020,club,2020-10-18T18:45:00+00:00,player_history_club,pending,pending,pending
135/2020/2021-01-15/487/497,608710,SerieA,2020,club,2021-01-15T19:45:00+00:00,player_history_club,pending,pending,pending
135/2020/2021-03-06/515/506,608786,SerieA,2020,club,2021-03-06T14:00:00+00:00,player_history_club,pending,pending,pending
135/2020/2021-04-18/489/495,608837,SerieA,2020,club,2021-04-18T10:30:00+00:00,player_history_club,pending,pending,pending
135/2020/2020-10-04/489/515,608506,SerieA,2020,club,2020-10-04T16:00:00+00:00,player_history_club,pending,pending,pending
135/2020/2021-01-24/504/492,608724,SerieA,2020,club,2021-01-24T14:00:00+00:00,player_history_club,pending,pending,pending
135/2020/2021-03-14/500/498,608801,SerieA,2020,club,2021-03-14T11:30:00+00:00,player_history_club,pending,pending,pending
135/2020/2021-05-15/496/505,608899,SerieA,2020,club,2021-05-15T16:00:00+00:00,player_history_club,pending,pending,pending
135/2020/2020-10-04/523/504,608507,SerieA,2020,club,2020-10-04T13:00:00+00:00,player_history_club,pending,pending,pending
135/2020/2021-04-21/500/503,608854,SerieA,2020,club,2021-04-21T18:45:00+00:00,player_history_club,pending,pending,pending
135/2020/2020-12-05/496/503,608628,SerieA,2020,club,2020-12-05T17:00:00+00:00,player_history_club,pending,pending,pending
135/2020/2021-01-10/494/492,608703,SerieA,2020,club,2021-01-10T14:00:00+00:00,player_history_club,pending,pending,pending
135/2020/2021-03-03/499/501,608776,SerieA,2020,club,2021-03-03T19:45:00+00:00,player_history_club,pending,pending,pending
135/2020/2021-02-20/487/498,608760,SerieA,2020,club,2021-02-20T14:00:00+00:00,player_history_club,pending,pending,pending
135/2020/2021-04-03/500/505,608817,SerieA,2020,club,2021-04-03T18:45:00+00:00,player_history_club,pending,pending,pending
135/2020/2020-12-23/497/490,608670,SerieA,2020,club,2020-12-23T19:45:00+00:00,player_history_club,pending,pending,pending
135/2020/2021-01-10/496/488,608698,SerieA,2020,club,2021-01-10T19:45:00+00:00,player_history_club,pending,pending,pending
135/2020/2020-12-13/489/523,608641,SerieA,2020,club,2020-12-13T19:45:00+00:00,player_history_club,pending,pending,pending
135/2020/2021-05-02/498/497,608873,SerieA,2020,club,2021-05-02T18:45:00+00:00,player_history_club,pending,pending,pending
135/2020/2020-11-28/506/496,608616,SerieA,2020,club,2020-11-28T17:00:00+00:00,player_history_club,pending,pending,pending
135/2020/2021-01-29/503/502,608726,SerieA,2020,club,2021-01-29T19:45:00+00:00,player_history_club,pending,pending,pending
135/2021/2021-12-17/514/505,731760,SerieA,2021,club,2021-12-17T19:45:00+00:00,player_history_club,pending,pending,pending
135/2021/2022-01-10/503/502,731791,SerieA,2021,club,2022-01-10T16:00:00+00:00,player_history_club,pending,pending,pending
135/2021/2021-11-20/487/496,731710,SerieA,2021,club,2021-11-20T17:00:00+00:00,player_history_club,pending,pending,pending
135/2021/2022-03-06/517/488,731863,SerieA,2021,club,2022-03-06T14:00:00+00:00,player_history_club,pending,pending,pending
135/2021/2021-08-29/488/498,731602,SerieA,2021,club,2021-08-29T16:30:00+00:00,player_history_club,pending,pending,pending
135/2021/2022-02-19/498/511,731841,SerieA,2021,club,2022-02-19T14:00:00+00:00,player_history_club,pending,pending,pending
135/2021/2022-01-15/514/487,731800,SerieA,2021,club,2022-01-15T17:00:00+00:00,player_history_club,pending,pending,pending
135/2021/2021-12-04/497/505,731740,SerieA,2021,club,2021-12-04T17:00:00+00:00,player_history_club,pending,pending,pending
135/2021/2022-05-05/514/517,731780,SerieA,2021,club,2022-05-05T16:00:00+00:00,player_history_club,pending,pending,pending
135/2021/2021-10-22/498/515,731671,SerieA,2021,club,2021-10-22T18:45:00+00:00,player_history_club,pending,pending,pending
135/2021/2022-02-13/495/514,731826,SerieA,2021,club,2022-02-13T14:00:00+00:00,player_history_club,pending,pending,pending
135/2021/2022-01-11/490/500,731784,SerieA,2021,club,2022-01-11T19:45:00+00:00,player_history_club,pending,pending,pending
135/2021/2022-03-05/490/487,731855,SerieA,2021,club,2022-03-05T19:45:00+00:00,player_history_club,pending,pending,pending
135/2021/2022-03-06/500/503,731854,SerieA,2021,club,2022-03-06T14:00:00+00:00,player_history_club,pending,pending,pending
135/2021/2022-04-24/487/489,731919,SerieA,2021,club,2022-04-24T18:45:00+00:00,player_history_club,pending,pending,pending
135/2021/2021-12-05/496/495,731737,SerieA,2021,club,2021-12-05T19:45:00+00:00,player_history_club,pending,pending,pending
135/2021/2021-12-12/504/499,731746,SerieA,2021,club,2021-12-12T14:00:00+00:00,player_history_club,pending,pending,pending
135/2021/2021-12-19/498/517,731761,SerieA,2021,club,2021-12-19T17:00:00+00:00,player_history_club,pending,pending,pending
135/2021/2022-04-23/505/497,731918,SerieA,2021,club,2022-04-23T16:00:00+00:00,player_history_club,pending,pending,pending
135/2021/2022-05-14/497/517,731951,SerieA,2021,club,2022-05-14T18:45:00+00:00,player_history_club,pending,pending,pending
135/2021/2021-11-28/492/487,731718,SerieA,2021,club,2021-11-28T19:45:00+00:00,player_history_club,pending,pending,pending
135/2021/2022-04-30/498/495,731931,SerieA,2021,club,2022-04-30T16:00:00+00:00,player_history_club,pending,pending,pending
135/2021/2022-04-30/492/488,731929,SerieA,2021,club,2022-04-30T13:00:00+00:00,player_history_club,pending,pending,pending
135/2021/2021-12-05/498/487,731741,SerieA,2021,club,2021-12-05T17:00:00+00:00,player_history_club,pending,pending,pending
135/2021/2022-01-17/489/515,731798,SerieA,2021,club,2022-01-17T17:30:00+00:00,player_history_club,pending,pending,pending
135/2021/2021-11-26/490/514,731714,SerieA,2021,club,2021-11-26T19:45:00+00:00,player_history_club,pending,pending,pending
135/2021/2021-09-26/496/498,731637,SerieA,2021,club,2021-09-26T10:30:00+00:00,player_history_club,pending,pending,pending
135/2021/2022-01-22/495/494,731806,SerieA,2021,club,2022-01-22T14:00:00+00:00,player_history_club,pending,pending,pending
135/2021/2022-04-10/492/502,731899,SerieA,2021,club,2022-04-10T13:00:00+00:00,player_history_club,pending,pending,pending
135/2021/2021-12-11/494/489,731752,SerieA,2021,club,2021-12-11T19:45:00+00:00,player_history_club,pending,pending,pending
135/2021/2022-04-15/515/505,731912,SerieA,2021,club,2022-04-15T17:00:00+00:00,player_history_club,pending,pending,pending
135/2021/2021-10-02/514/495,731650,SerieA,2021,club,2021-10-02T13:00:00+00:00,player_history_club,pending,pending,pending
135/2021/2022-02-13/488/497,731831,SerieA,2021,club,2022-02-13T17:00:00+00:00,player_history_club,pending,pending,pending
135/2021/2021-09-21/500/495,731625,SerieA,2021,club,2021-09-21T16:30:00+00:00,player_history_club,pending,pending,pending
135/2021/2022-05-01/494/505,731933,SerieA,2021,club,2022-05-01T16:00:00+00:00,player_history_club,pending,pending,pending
135/2021/2022-04-03/494/490,731893,SerieA,2021,club,2022-04-03T13:00:00+00:00,player_history_club,pending,pending,pending
135/2021/2021-12-12/488/487,731750,SerieA,2021,club,2021-12-12T17:00:00+00:00,player_history_club,pending,pending,pending
135/2021/2021-09-23/498/492,731631,SerieA,2021,club,2021-09-23T16:30:00+00:00,player_history_club,pending,pending,pending
135/2021/2021-11-07/517/497,731703,SerieA,2021,club,2021-11-07T11:30:00+00:00,player_history_club,pending,pending,pending
135/2021/2021-09-22/514/504,731630,SerieA,2021,club,2021-09-22T16:30:00+00:00,player_history_club,pending,pending,pending
135/2021/2022-04-10/495/487,731897,SerieA,2021,club,2022-04-10T10:30:00+00:00,player_history_club,pending,pending,pending
135/2021/2022-04-16/502/517,731906,SerieA,2021,club,2022-04-16T14:30:00+00:00,player_history_club,pending,pending,pending
135/2021/2021-09-25/495/504,731635,SerieA,2021,club,2021-09-25T18:45:00+00:00,player_history_club,pending,pending,pending
135/2021/2022-03-05/497/499,731861,SerieA,2021,club,2022-03-05T17:00:00+00:00,player_history_club,pending,pending,pending
135/2021/2021-10-30/503/498,731693,SerieA,2021,club,2021-10-30T18:45:00+00:00,player_history_club,pending,pending,pending
135/2021/2022-03-06/496/515,731859,SerieA,2021,club,2022-03-06T17:00:00+00:00,player_history_club,pending,pending,pending
135/2021/2021-09-21/502/505,731627,SerieA,2021,club,2021-09-21T18:45:00+00:00,player_history_club,pending,pending,pending
135/2021/2022-02-18/496/503,731838,SerieA,2021,club,2022-02-18T19:45:00+00:00,player_history_club,pending,pending,pending
135/2021/2021-10-31/497/489,731690,SerieA,2021,club,2021-10-31T19:45:00+00:00,player_history_club,pending,pending,pending
135/2021/2021-11-20/502/489,731706,SerieA,2021,club,2021-11-20T19:45:00+00:00,player_history_club,pending,pending,pending
135/2021/2021-09-19/511/498,731614,SerieA,2021,club,2021-09-19T10:30:00+00:00,player_history_club,pending,pending,pending
135/2021/2021-10-23/500/489,731665,SerieA,2021,club,2021-10-23T18:45:00+00:00,player_history_club,pending,pending,pending
135/2021/2021-10-01/490/517,731646,SerieA,2021,club,2021-10-01T18:45:00+00:00,player_history_club,pending,pending,pending
135/2021/2022-04-16/496/500,731907,SerieA,2021,club,2022-04-16T16:30:00+00:00,player_history_club,pending,pending,pending
135/2021/2022-05-07/488/494,731940,SerieA,2021,club,2022-05-07T16:00:00+00:00,player_history_club,pending,pending,pending
135/2021/2022-05-21/502/496,731955,SerieA,2021,club,2022-05-21T18:45:00+00:00,player_history_club,pending,pending,pending
135/2021/2021-12-01/505/515,731729,SerieA,2021,club,2021-12-01T17:30:00+00:00,player_history_club,pending,pending,pending
135/2021/2021-10-24/505/496,731668,SerieA,2021,club,2021-10-24T18:45:00+00:00,player_history_club,pending,pending,pending
135/2021/2022-02-20/494/487,731842,SerieA,2021,club,2022-02-20T19:45:00+00:00,player_history_club,pending,pending,pending
135/2021/2022-05-14/494/515,731953,SerieA,2021,club,2022-05-14T16:00:00+00:00,player_history_club,pending,pending,pending
135/2021/2022-03-14/487/517,731867,SerieA,2021,club,2022-03-14T19:45:00+00:00,player_history_club,pending,pending,pending
135/2021/2021-11-28/515/500,731721,SerieA,2021,club,2021-11-28T14:00:00+00:00,player_history_club,pending,pending,pending
135/2021/2021-10-27/487/502,731677,SerieA,2021,club,2021-10-27T18:45:00+00:00,player_history_club,pending,pending,pending
135/2021/2022-04-25/488/496,731921,SerieA,2021,club,2022-04-25T18:45:00+00:00,player_history_club,pending,pending,pending
135/2021/2021-09-23/497/494,731629,SerieA,2021,club,2021-09-23T18:45:00+00:00,player_history_club,pending,pending,pending
135/2021/2022-01-23/511/497,731805,SerieA,2021,club,2022-01-23T17:00:00+00:00,player_history_club,pending,pending,pending
135/2021/2022-01-23/503/488,731813,SerieA,2021,club,2022-01-23T14:00:00+00:00,player_history_club,pending,pending,pending
135/2021/2021-08-27/494/517,731603,SerieA,2021,club,2021-08-27T16:30:00+00:00,player_history_club,pending,pending,pending
135/2021/2021-08-28/499/500,731594,SerieA,2021,club,2021-08-28T16:30:00+00:00,player_history_club,pending,pending,pending
135/2021/2021-11-01/500/490,731685,SerieA,2021,club,2021-11-01T19:45:00+00:00,player_history_club,pending,pending,pending
135/2021/2021-08-23/498/489,731591,SerieA,2021,club,2021-08-23T18:45:00+00:00,player_history_club,pending,pending,pending
135/2021/2022-01-21/504/500,731807,SerieA,2021,club,2022-01-21T19:45:00+00:00,player_history_club,pending,pending,pending
135/2021/2022-02-26/514/500,731850,SerieA,2021,club,2022-02-26T14:05:00+00:00,player_history_club,pending,pending,pending
135/2021/2021-09-12/498/505,731611,SerieA,2021,club,2021-09-12T10:30:00+00:00,player_history_club,pending,pending,pending
135/2021/2021-12-10/495/498,731745,SerieA,2021,club,2021-12-10T19:45:00+00:00,player_history_club,pending,pending,pending
135/2021/2022-02-13/511/490,731825,SerieA,2021,club,2022-02-13T14:00:00+00:00,player_history_club,pending,pending,pending
135/2021/2021-11-20/499/515,731704,SerieA,2021,club,2021-11-20T14:00:00+00:00,player_history_club,pending,pending,pending
135/2021/2021-09-17/488/503,731621,SerieA,2021,club,2021-09-17T18:45:00+00:00,player_history_club,pending,pending,pending
135/2021/2022-01-22/487/499,731809,SerieA,2021,club,2022-01-22T19:45:00+00:00,player_history_club,pending,pending,pending
135/2021/2021-10-30/499/487,731684,SerieA,2021,club,2021-10-30T13:00:00+00:00,player_history_club,pending,pending,pending
135/2021/2022-01-15/496/494,731797,SerieA,2021,club,2022-01-15T19:45:00+00:00,player_history_club,pending,pending,pending
135/2021/2022-03-12/489/511,731868,SerieA,2021,club,2022-03-12T19:45:00+00:00,player_history_club,pending,pending,pending
135/2021/2021-10-22/503/495,731673,SerieA,2021,club,2021-10-22T16:30:00+00:00,player_history_club,pending,pending,pending
135/2021/2021-12-01/488/492,731732,SerieA,2021,club,2021-12-01T19:45:00+00:00,player_history_club,pending,pending,pending
135/2021/2022-02-05/502/487,731816,SerieA,2021,club,2022-02-05T19:45:00+00:00,player_history_club,pending,pending,pending
135/2021/2021-10-24/499/494,731664,SerieA,2021,club,2021-10-24T10:30:00+00:00,player_history_club,pending,pending,pending
135/2021/2022-02-19/497/504,731839,SerieA,2021,club,2022-02-19T17:00:00+00:00,player_history_club,pending,pending,pending
135/2021/2021-12-06/511/494,731736,SerieA,2021,club,2021-12-06T17:30:00+00:00,player_history_club,pending,pending,pending
135/2021/2021-12-04/489/514,731738,SerieA,2021,club,2021-12-04T14:00:00+00:00,player_history_club,pending,pending,pending
135/2021/2022-05-06/505/511,731937,SerieA,2021,club,2022-05-06T16:45:00+00:00,player_history_club,pending,pending,pending
135/2021/2022-02-27/503/490,731853,SerieA,2021,club,2022-02-27T11:35:00+00:00,player_history_club,pending,pending,pending
135/2021/2022-02-06/500/511,731815,SerieA,2021,club,2022-02-06T14:00:00+00:00,player_history_club,pending,pending,pending
135/2021/2022-01-16/499/505,731794,SerieA,2021,club,2022-01-16T19:45:00+00:00,player_history_club,pending,pending,pending
135/2021/2022-01-16/497/490,731799,SerieA,2021,club,2022-01-16T17:00:00+00:00,player_history_club,pending,pending,pending
135/2021/2021-12-12/505/490,731747,SerieA,2021,club,2021-12-12T19:45:00+00:00,player_history_club,pending,pending,pending
135/2021/2022-04-04/504/495,731886,SerieA,2021,club,2022-04-04T16:30:00+00:00,player_history_club,pending,pending,pending
135/2021/2022-02-13/504/494,731827,SerieA,2021,club,2022-02-13T14:00:00+00:00,player_history_club,pending,pending,pending
135/2021/2022-05-07/503/492,731942,SerieA,2021,club,2022-05-07T13:00:00+00:00,player_history_club,pending,pending,pending
135/2021/2021-11-06/496/502,731696,SerieA,2021,club,2021-11-06T17:00:00+00:00,player_history_club,pending,pending,pending
135/2021/2022-04-18/492/497,731910,SerieA,2021,club,2022-04-18T17:00:00+00:00,player_history_club,pending,pending,pending
135/2022/2022-11-08/520/489,881910,SerieA,2022,club,2022-11-08T19:45:00+00:00,player_history_club,pending,pending,pending
135/2022/2023-03-12/496/498,882034,SerieA,2022,club,2023-03-12T19:45:00+00:00,player_history_club,pending,pending,pending
135/2022/2023-01-24/487/489,881965,SerieA,2022,club,2023-01-24T19:45:00+00:00,player_history_club,pending,pending,pending
135/2022/2022-10-01/511/489,881851,SerieA,2022,club,2022-10-01T18:45:00+00:00,player_history_club,pending,pending,pending
135/2022/2023-06-04/497/515,882154,SerieA,2022,club,2023-06-04T19:00:00+00:00,player_history_club,pending,pending,pending
135/2022/2022-11-06/497/487,881908,SerieA,2022,club,2022-11-06T17:00:00+00:00,player_history_club,pending,pending,pending
135/2022/2022-10-21/496/511,881884,SerieA,2022,club,2022-10-21T18:45:00+00:00,player_history_club,pending,pending,pending
135/2022/2022-08-21/500/504,881797,SerieA,2022,club,2022-08-21T18:45:00+00:00,player_history_club,pending,pending,pending
135/2022/2023-06-04/499/1579,882150,SerieA,2022,club,2023-06-04T19:00:00+00:00,player_history_club,pending,pending,pending
135/2022/2022-09-18/1579/496,881844,SerieA,2022,club,2022-09-18T13:00:00+00:00,player_history_club,pending,pending,pending
135/2022/2023-02-12/492/520,881997,SerieA,2022,club,2023-02-12T19:45:00+00:00,player_history_club,pending,pending,pending
135/2022/2022-10-02/487/515,881855,SerieA,2022,club,2022-10-02T10:30:00+00:00,player_history_club,pending,pending,pending
135/2022/2023-04-15/505/1579,882072,SerieA,2022,club,2023-04-15T18:45:00+00:00,player_history_club,pending,pending,pending
135/2022/2022-10-09/494/499,881869,SerieA,2022,club,2022-10-09T13:00:00+00:00,player_history_club,pending,pending,pending
135/2022/2023-04-28/515/1579,882099,SerieA,2022,club,2023-04-28T18:45:00+00:00,player_history_club,pending,pending,pending
135/2022/2023-01-15/494/500,881959,SerieA,2022,club,2023-01-15T14:00:00+00:00,player_history_club,pending,pending,pending
135/2022/2023-04-16/503/514,882079,SerieA,2022,club,2023-04-16T13:00:00+00:00,player_history_club,pending,pending,pending
135/2022/2022-09-04/504/498,881825,SerieA,2022,club,2022-09-04T16:00:00+00:00,player_history_club,pending,pending,pending
135/2022/2023-01-28/511/503,881973,SerieA,2022,club,2023-01-28T14:00:00+00:00,player_history_club,pending,pending,pending
135/2022/2022-10-16/492/500,881876,SerieA,2022,club,2022-10-16T16:00:00+00:00,player_history_club,pending,pending,pending
135/2022/2022-10-22/489/1579,881885,SerieA,2022,club,2022-10-22T16:00:00+00:00,player_history_club,pending,pending,pending
135/2022/2023-01-08/487/511,881944,SerieA,2022,club,2023-01-08T14:00:00+00:00,player_history_club,pending,pending,pending
135/2022/2022-11-06/500/503,881901,SerieA,2022,club,2022-11-06T11:30:00+00:00,player_history_club,pending,pending,pending
135/2022/2022-11-11/511/520,881922,SerieA,2022,club,2022-11-11T19:45:00+00:00,player_history_club,pending,pending,pending
135/2022/2022-08-13/867/505,881782,SerieA,2022,club,2022-08-13T18:45:00+00:00,player_history_club,pending,pending,pending
135/2022/2022-10-16/505/514,881873,SerieA,2022,club,2022-10-16T10:30:00+00:00,player_history_club,pending,pending,pending
135/2022/2023-04-08/504/488,882062,SerieA,2022,club,2023-04-08T16:30:00+00:00,player_history_club,pending,pending,pending
135/2022/2022-09-16/514/867,881846,SerieA,2022,club,2022-09-16T18:45:00+00:00,player_history_club,pending,pending,pending
135/2022/2023-05-28/1579/867,882149,SerieA,2022,club,2023-05-28T13:00:00+00:00,player_history_club,pending,pending,pending
135/2022/2023-01-21/514/492,881967,SerieA,2022,club,2023-01-21T17:00:00+00:00,player_history_club,pending,pending,pending
135/2022/2022-09-03/489/505,881821,SerieA,2022,club,2022-09-03T16:00:00+00:00,player_history_club,pending,pending,pending
135/2022/2023-03-04/499/494,882020,SerieA,2022,club,2023-03-04T17:00:00+00:00,player_history_club,pending,pending,pending
135/2022/2023-03-12/867/503,882035,SerieA,2022,club,2023-03-12T11:30:00+00:00,player_history_club,pending,pending,pending
135/2022/2023-05-21/494/487,882138,SerieA,2022,club,2023-05-21T18:45:00+00:00,player_history_club,pending,pending,pending
135/2022/2023-01-15/488/487,881957,SerieA,2022,club,2023-01-15T11:30:00+00:00,player_history_club,pending,pending,pending
135/2022/2022-08-30/488/489,881810,SerieA,2022,club,2022-08-30T16:30:00+00:00,player_history_club,pending,pending,pending
135/2022/2022-10-02/867/520,881856,SerieA,2022,club,2022-10-02T13:00:00+00:00,player_history_club,pending,pending,pending
135/2022/2022-10-23/499/487,881880,SerieA,2022,club,2022-10-23T16:00:00+00:00,player_history_club,pending,pending,pending
135/2022/2023-03-12/504/1579,882033,SerieA,2022,club,2023-03-12T14:00:00+00:00,player_history_club,pending,pending,pending
135/2022/2022-08-27/489/500,881804,SerieA,2022,club,2022-08-27T18:45:00+00:00,player_history_club,pending,pending,pending
135/2022/2022-10-17/867/502,881875,SerieA,2022,club,2022-10-17T18:45:00+00:00,player_history_club,pending,pending,pending
135/2022/2022-11-06/498/502,881905,SerieA,2022,club,2022-11-06T14:00:00+00:00,player_history_club,pending,pending,pending
135/2022/2023-05-28/496/489,882142,SerieA,2022,club,2023-05-28T18:45:00+00:00,player_history_club,pending,pending,pending
135/2022/2022-08-13/489/494,881780,SerieA,2022,club,2022-08-13T16:30:00+00:00,player_history_club,pending,pending,pending
135/2022/2023-06-03/503/505,882158,SerieA,2022,club,2023-06-03T16:30:00+00:00,player_history_club,pending,pending,pending
135/2022/2023-03-10/515/505,882039,SerieA,2022,club,2023-03-10T19:45:00+00:00,player_history_club,pending,pending,pending
135/2022/2023-04-16/497/494,882074,SerieA,2022,club,2023-04-16T18:45:00+00:00,player_history_club,pending,pending,pending
135/2022/2022-10-09/1579/515,881864,SerieA,2022,club,2022-10-09T13:00:00+00:00,player_history_club,pending,pending,pending
135/2022/2023-05-04/494/492,882109,SerieA,2022,club,2023-05-04T18:45:00+00:00,player_history_club,pending,pending,pending
135/2022/2023-03-19/503/492,882049,SerieA,2022,club,2023-03-19T14:00:00+00:00,player_history_club,pending,pending,pending
135/2022/2023-02-28/520/497,882011,SerieA,2022,club,2023-02-28T17:30:00+00:00,player_history_club,pending,pending,pending
135/2022/2022-10-02/488/514,881859,SerieA,2022,club,2022-10-02T13:00:00+00:00,player_history_club,pending,pending,pending
135/2022/2023-02-18/1579/489,882003,SerieA,2022,club,2023-02-18T17:00:00+00:00,player_history_club,pending,pending,pending
135/2022/2023-04-22/487/503,882083,SerieA,2022,club,2023-04-22T16:00:00+00:00,player_history_club,pending,pending,pending
135/2022/2023-04-16/867/498,882073,SerieA,2022,club,2023-04-16T10:30:00+00:00,player_history_club,pending,pending,pending
135/2022/2023-01-28/520/505,881972,SerieA,2022,club,2023-01-28T17:00:00+00:00,player_history_club,pending,pending,pending
135/2022/2023-02-12/496/502,881993,SerieA,2022,club,2023-02-12T17:00:00+00:00,player_history_club,pending,pending,pending
135/2022/2023-05-26/498/488,882144,SerieA,2022,club,2023-05-26T18:45:00+00:00,player_history_club,pending,pending,pending
135/2022/2022-11-13/499/505,881920,SerieA,2022,club,2022-11-13T11:30:00+00:00,player_history_club,pending,pending,pending
135/2022/2022-10-09/514/504,881866,SerieA,2022,club,2022-10-09T13:00:00+00:00,player_history_club,pending,pending,pending
135/2022/2023-02-25/867/488,882015,SerieA,2022,club,2023-02-25T19:45:00+00:00,player_history_club,pending,pending,pending
135/2022/2023-01-04/488/498,881939,SerieA,2022,club,2023-01-04T11:30:00+00:00,player_history_club,pending,pending,pending
135/2022/2022-11-06/1579/504,881906,SerieA,2022,club,2022-11-06T14:00:00+00:00,player_history_club,pending,pending,pending
135/2022/2023-02-10/489/503,881996,SerieA,2022,club,2023-02-10T19:45:00+00:00,player_history_club,pending,pending,pending
135/2022/2022-10-30/511/499,881895,SerieA,2022,club,2022-10-30T11:30:00+00:00,player_history_club,pending,pending,pending
135/2022/2023-05-03/499/515,882100,SerieA,2022,club,2023-05-03T16:00:00+00:00,player_history_club,pending,pending,pending
135/2022/2023-04-08/494/1579,882068,SerieA,2022,club,2023-04-08T10:30:00+00:00,player_history_club,pending,pending,pending
135/2022/2022-10-24/488/504,881888,SerieA,2022,club,2022-10-24T18:45:00+00:00,player_history_club,pending,pending,pending
135/2022/2022-11-13/504/515,881923,SerieA,2022,club,2022-11-13T14:00:00+00:00,player_history_club,pending,pending,pending
135/2022/2023-05-13/514/499,882126,SerieA,2022,club,2023-05-13T13:00:00+00:00,player_history_club,pending,pending,pending
135/2022/2022-09-04/494/497,881826,SerieA,2022,club,2022-09-04T18:45:00+00:00,player_history_club,pending,pending,pending
135/2022/2022-10-15/511/1579,881871,SerieA,2022,club,2022-10-15T13:00:00+00:00,player_history_club,pending,pending,pending
135/2022/2023-05-14/500/497,882120,SerieA,2022,club,2023-05-14T16:00:00+00:00,player_history_club,pending,pending,pending
135/2022/2022-11-10/487/1579,881914,SerieA,2022,club,2022-11-10T19:45:00+00:00,player_history_club,pending,pending,pending
135/2022/2023-01-29/489/488,881976,SerieA,2022,club,2023-01-29T11:30:00+00:00,player_history_club,pending,pending,pending
135/2022/2023-01-14/867/489,881954,SerieA,2022,club,2023-01-14T17:00:00+00:00,player_history_club,pending,pending,pending
135/2022/2022-10-30/487/514,881893,SerieA,2022,club,2022-10-30T17:00:00+00:00,player_history_club,pending,pending,pending
135/2022/2022-10-15/499/488,881870,SerieA,2022,club,2022-10-15T18:45:00+00:00,player_history_club,pending,pending,pending
135/2022/2023-04-08/498/520,882064,SerieA,2022,club,2023-04-08T14:30:00+00:00,player_history_club,pending,pending,pending
135/2022/2023-01-23/500/520,881960,SerieA,2022,club,2023-01-23T17:30:00+00:00,player_history_club,pending,pending,pending
135/2022/2022-11-05/499/492,881900,SerieA,2022,club,2022-11-05T17:00:00+00:00,player_history_club,pending,pending,pending
135/2022/2023-03-19/502/867,882041,SerieA,2022,club,2023-03-19T14:00:00+00:00,player_history_club,pending,pending,pending
135/2022/2023-06-03/520/514,882151,SerieA,2022,club,2023-06-03T19:00:00+00:00,player_history_club,pending,pending,pending
135/2022/2022-11-10/504/496,881912,SerieA,2022,club,2022-11-10T17:30:00+00:00,player_history_club,pending,pending,pending
135/2022/2022-08-31/492/867,881817,SerieA,2022,club,2022-08-31T18:45:00+00:00,player_history_club,pending,pending,pending
135/2022/2023-01-14/520/1579,881951,SerieA,2022,club,2023-01-14T14:00:00+00:00,player_history_club,pending,pending,pending
135/2022/2023-02-13/504/514,881992,SerieA,2022,club,2023-02-13T17:30:00+00:00,player_history_club,pending,pending,pending
135/2022/2023-05-07/867/504,882115,SerieA,2022,club,2023-05-07T18:45:00+00:00,player_history_club,pending,pending,pending
135/2022/2023-03-19/487/497,882043,SerieA,2022,club,2023-03-19T17:00:00+00:00,player_history_club,pending,pending,pending
135/2022/2023-01-08/515/867,881949,SerieA,2022,club,2023-01-08T14:00:00+00:00,player_history_club,pending,pending,pending
135/2022/2022-09-05/1579/499,881827,SerieA,2022,club,2022-09-05T16:30:00+00:00,player_history_club,pending,pending,pending
135/2022/2023-01-04/867/487,881937,SerieA,2022,club,2023-01-04T15:30:00+00:00,player_history_club,pending,pending,pending
135/2022/2023-06-04/867/500,882155,SerieA,2022,club,2023-06-04T19:00:00+00:00,player_history_club,pending,pending,pending
135/2022/2023-02-27/504/502,882017,SerieA,2022,club,2023-02-27T17:30:00+00:00,player_history_club,pending,pending,pending
135/2022/2022-09-18/489/492,881843,SerieA,2022,club,2022-09-18T18:45:00+00:00,player_history_club,pending,pending,pending
135/2022/2023-02-06/1579/498,881984,SerieA,2022,club,2023-02-06T19:45:00+00:00,player_history_club,pending,pending,pending
135/2022/2023-04-28/867/494,882094,SerieA,2022,club,2023-04-28T16:30:00+00:00,player_history_club,pending,pending,pending
135/2022/2022-09-03/487/492,881822,SerieA,2022,club,2022-09-03T18:45:00+00:00,player_history_club,pending,pending,pending
135/2022/2022-09-17/503/488,881848,SerieA,2022,club,2022-09-17T18:45:00+00:00,player_history_club,pending,pending,pending
135/2022/2023-02-11/487/499,881994,SerieA,2022,club,2023-02-11T19:45:00+00:00,player_history_club,pending,pending,pending
135/2023/2023-09-01/497/489,1052279,SerieA,2023,club,2023-09-01T18:45:00+00:00,player_history_club,pending,pending,pending
135/2023/2023-10-28/496/504,1052347,SerieA,2023,club,2023-10-28T18:45:00+00:00,player_history_club,pending,pending,pending
135/2023/2023-10-07/505/500,1052327,SerieA,2023,club,2023-10-07T13:00:00+00:00,player_history_club,pending,pending,pending
135/2023/2024-05-18/867/499,1052616,SerieA,2023,club,2024-05-18T16:00:00+00:00,player_history_club,pending,pending,pending
135/2023/2024-05-26/504/505,1052628,SerieA,2023,club,2024-05-26T18:45:00+00:00,player_history_club,pending,pending,pending
135/2023/2024-04-06/489/867,1052558,SerieA,2023,club,2024-04-06T13:00:00+00:00,player_history_club,pending,pending,pending
135/2023/2024-01-28/502/505,1052465,SerieA,2023,club,2024-01-28T19:45:00+00:00,player_history_club,pending,pending,pending
135/2023/2024-02-25/867/505,1052508,SerieA,2023,club,2024-02-25T17:00:00+00:00,player_history_club,pending,pending,pending
135/2023/2023-10-30/511/499,1052344,SerieA,2023,club,2023-10-30T17:30:00+00:00,player_history_club,pending,pending,pending
135/2023/2024-02-18/512/497,1052495,SerieA,2023,club,2024-02-18T17:00:00+00:00,player_history_club,pending,pending,pending
135/2023/2023-12-23/497/492,1052419,SerieA,2023,club,2023-12-23T19:45:00+00:00,player_history_club,pending,pending,pending
135/2023/2024-05-26/499/503,1052623,SerieA,2023,club,2024-05-26T16:00:00+00:00,player_history_club,pending,pending,pending
135/2023/2024-01-13/504/511,1052447,SerieA,2023,club,2024-01-13T17:00:00+00:00,player_history_club,pending,pending,pending
135/2023/2024-01-28/487/492,1052469,SerieA,2023,club,2024-01-28T17:00:00+00:00,player_history_club,pending,pending,pending
135/2023/2024-05-23/490/502,1052624,SerieA,2023,club,2024-05-23T18:45:00+00:00,player_history_club,pending,pending,pending
135/2023/2024-05-24/495/500,1052627,SerieA,2023,club,2024-05-24T18:45:00+00:00,player_history_club,pending,pending,pending
135/2023/2023-08-26/489/503,1052269,SerieA,2023,club,2023-08-26T18:45:00+00:00,player_history_club,pending,pending,pending
135/2023/2024-04-07/512/500,1052555,SerieA,2023,club,2024-04-07T10:30:00+00:00,player_history_club,pending,pending,pending
135/2023/2023-08-27/487/495,1052268,SerieA,2023,club,2023-08-27T18:45:00+00:00,player_history_club,pending,pending,pending
135/2023/2023-10-21/488/487,1052340,SerieA,2023,club,2023-10-21T18:45:00+00:00,player_history_club,pending,pending,pending
135/2023/2024-05-19/494/511,1052622,SerieA,2023,club,2024-05-19T13:00:00+00:00,player_history_club,pending,pending,pending
135/2023/2023-09-03/867/514,1052277,SerieA,2023,club,2023-09-03T18:45:00+00:00,player_history_club,pending,pending,pending
135/2023/2024-04-01/867/497,1052549,SerieA,2023,club,2024-04-01T16:00:00+00:00,player_history_club,pending,pending,pending
135/2023/2023-09-27/504/499,1052307,SerieA,2023,club,2023-09-27T16:30:00+00:00,player_history_club,pending,pending,pending
135/2023/2023-12-23/503/494,1052422,SerieA,2023,club,2023-12-23T14:00:00+00:00,player_history_club,pending,pending,pending
135/2023/2023-12-04/503/499,1052391,SerieA,2023,club,2023-12-04T19:45:00+00:00,player_history_club,pending,pending,pending
135/2023/2023-12-30/490/511,1052424,SerieA,2023,club,2023-12-30T14:00:00+00:00,player_history_club,pending,pending,pending
135/2023/2024-05-12/495/488,1052606,SerieA,2023,club,2024-05-12T13:00:00+00:00,player_history_club,pending,pending,pending
135/2023/2024-04-06/511/503,1052554,SerieA,2023,club,2024-04-06T18:45:00+00:00,player_history_club,pending,pending,pending
135/2023/2023-12-01/1579/496,1052388,SerieA,2023,club,2023-12-01T19:45:00+00:00,player_history_club,pending,pending,pending
135/2023/2024-05-26/487/488,1052630,SerieA,2023,club,2024-05-26T18:45:00+00:00,player_history_club,pending,pending,pending
135/2023/2024-05-05/504/502,1052595,SerieA,2023,club,2024-05-05T13:00:00+00:00,player_history_club,pending,pending,pending
135/2023/2023-11-12/492/511,1052370,SerieA,2023,club,2023-11-12T11:30:00+00:00,player_history_club,pending,pending,pending
135/2023/2023-09-17/490/494,1052283,SerieA,2023,club,2023-09-17T10:30:00+00:00,player_history_club,pending,pending,pending
135/2023/2023-11-10/495/504,1052364,SerieA,2023,club,2023-11-10T19:45:00+00:00,player_history_club,pending,pending,pending
135/2023/2023-09-23/487/1579,1052296,SerieA,2023,club,2023-09-23T18:45:00+00:00,player_history_club,pending,pending,pending
135/2023/2023-12-18/499/514,1052403,SerieA,2023,club,2023-12-18T19:45:00+00:00,player_history_club,pending,pending,pending
135/2023/2023-10-06/867/488,1052330,SerieA,2023,club,2023-10-06T18:45:00+00:00,player_history_club,pending,pending,pending
135/2023/2023-08-20/867/487,1052258,SerieA,2023,club,2023-08-20T18:45:00+00:00,player_history_club,pending,pending,pending
135/2023/2024-05-05/511/512,1052594,SerieA,2023,club,2024-05-05T13:00:00+00:00,player_history_club,pending,pending,pending
135/2023/2023-12-30/499/867,1052423,SerieA,2023,club,2023-12-30T11:30:00+00:00,player_history_club,pending,pending,pending
135/2023/2023-08-20/497/514,1052259,SerieA,2023,club,2023-08-20T16:30:00+00:00,player_history_club,pending,pending,pending
135/2023/2023-10-08/1579/514,1052331,SerieA,2023,club,2023-10-08T10:30:00+00:00,player_history_club,pending,pending,pending
135/2023/2024-05-11/492/500,1052612,SerieA,2023,club,2024-05-11T16:00:00+00:00,player_history_club,pending,pending,pending
135/2023/2023-09-17/1579/867,1052290,SerieA,2023,club,2023-09-17T13:00:00+00:00,player_history_club,pending,pending,pending
135/2023/2023-09-02/494/512,1052282,SerieA,2023,club,2023-09-02T16:30:00+00:00,player_history_club,pending,pending,pending
135/2023/2024-04-27/487/504,1052590,SerieA,2023,club,2024-04-27T18:45:00+00:00,player_history_club,pending,pending,pending
135/2023/2024-04-29/495/490,1052587,SerieA,2023,club,2024-04-29T18:45:00+00:00,player_history_club,pending,pending,pending
135/2023/2023-09-30/514/505,1052319,SerieA,2023,club,2023-09-30T18:45:00+00:00,player_history_club,pending,pending,pending
135/2023/2023-12-09/505/494,1052398,SerieA,2023,club,2023-12-09T19:45:00+00:00,player_history_club,pending,pending,pending
135/2023/2023-09-30/867/492,1052316,SerieA,2023,club,2023-09-30T13:00:00+00:00,player_history_club,pending,pending,pending
135/2023/2024-04-26/512/514,1052586,SerieA,2023,club,2024-04-26T18:45:00+00:00,player_history_club,pending,pending,pending
135/2023/2024-04-15/502/495,1052565,SerieA,2023,club,2024-04-15T16:30:00+00:00,player_history_club,pending,pending,pending
135/2023/2024-02-18/511/502,1052494,SerieA,2023,club,2024-02-18T14:00:00+00:00,player_history_club,pending,pending,pending
135/2023/2023-08-27/496/500,1052267,SerieA,2023,club,2023-08-27T16:30:00+00:00,player_history_club,pending,pending,pending
135/2023/2024-03-17/497/488,1052540,SerieA,2023,club,2024-03-17T17:00:00+00:00,player_history_club,pending,pending,pending
135/2023/2024-04-27/496/489,1052589,SerieA,2023,club,2024-04-27T16:00:00+00:00,player_history_club,pending,pending,pending
135/2023/2024-02-03/494/1579,1052482,SerieA,2023,club,2024-02-03T14:00:00+00:00,player_history_club,pending,pending,pending
135/2023/2024-01-07/497/499,1052438,SerieA,2023,club,2024-01-07T19:45:00+00:00,player_history_club,pending,pending,pending
135/2023/2023-12-08/496/492,1052399,SerieA,2023,club,2023-12-08T19:45:00+00:00,player_history_club,pending,pending,pending
135/2023/2024-02-03/512/489,1052476,SerieA,2023,club,2024-02-03T17:00:00+00:00,player_history_club,pending,pending,pending
135/2023/2023-09-17/497/511,1052291,SerieA,2023,club,2023-09-17T18:45:00+00:00,player_history_club,pending,pending,pending
135/2023/2024-02-04/492/504,1052479,SerieA,2023,club,2024-02-04T14:00:00+00:00,player_history_club,pending,pending,pending
135/2023/2024-05-12/487/511,1052609,SerieA,2023,club,2024-05-12T10:30:00+00:00,player_history_club,pending,pending,pending
135/2023/2024-02-24/495/494,1052506,SerieA,2023,club,2024-02-24T19:45:00+00:00,player_history_club,pending,pending,pending
135/2023/2024-04-12/487/514,1052567,SerieA,2023,club,2024-04-12T18:45:00+00:00,player_history_club,pending,pending,pending
135/2023/2023-11-26/497/494,1052381,SerieA,2023,club,2023-11-26T17:00:00+00:00,player_history_club,pending,pending,pending
135/2023/2024-05-12/496/514,1052608,SerieA,2023,club,2024-05-12T16:00:00+00:00,player_history_club,pending,pending,pending
135/2023/2024-02-10/490/487,1052484,SerieA,2023,club,2024-02-10T14:00:00+00:00,player_history_club,pending,pending,pending
135/2023/2023-09-16/505/489,1052288,SerieA,2023,club,2023-09-16T16:00:00+00:00,player_history_club,pending,pending,pending
135/2023/2023-12-03/502/514,1052383,SerieA,2023,club,2023-12-03T14:00:00+00:00,player_history_club,pending,pending,pending
135/2023/2023-09-22/514/512,1052299,SerieA,2023,club,2023-09-22T16:30:00+00:00,player_history_club,pending,pending,pending
135/2023/2024-05-25/496/1579,1052629,SerieA,2023,club,2024-05-25T16:00:00+00:00,player_history_club,pending,pending,pending
135/2023/2024-01-21/514/495,1052459,SerieA,2023,club,2024-01-21T17:00:00+00:00,player_history_club,pending,pending,pending
135/2023/2024-02-11/1579/504,1052489,SerieA,2023,club,2024-02-11T14:00:00+00:00,player_history_club,pending,pending,pending
135/2023/2024-02-17/504/496,1052496,SerieA,2023,club,2024-02-17T17:00:00+00:00,player_history_club,pending,pending,pending
135/2023/2024-02-17/492/495,1052500,SerieA,2023,club,2024-02-17T14:00:00+00:00,player_history_club,pending,pending,pending
135/2023/2024-02-23/500/504,1052503,SerieA,2023,club,2024-02-23T19:45:00+00:00,player_history_club,pending,pending,pending
135/2023/2024-01-27/496/511,1052468,SerieA,2023,club,2024-01-27T17:00:00+00:00,player_history_club,pending,pending,pending
135/2023/2023-12-22/1579/502,1052418,SerieA,2023,club,2023-12-22T19:45:00+00:00,player_history_club,pending,pending,pending
135/2023/2024-04-06/497/487,1052560,SerieA,2023,club,2024-04-06T16:00:00+00:00,player_history_club,pending,pending,pending
135/2023/2024-05-04/488/505,1052600,SerieA,2023,club,2024-05-04T18:45:00+00:00,player_history_club,pending,pending,pending
135/2023/2023-11-10/488/514,1052371,SerieA,2023,club,2023-11-10T17:30:00+00:00,player_history_club,pending,pending,pending
135/2023/2024-05-18/503/489,1052621,SerieA,2023,club,2024-05-18T18:45:00+00:00,player_history_club,pending,pending,pending
135/2023/2024-04-28/505/503,1052588,SerieA,2023,club,2024-04-28T10:30:00+00:00,player_history_club,pending,pending,pending
135/2023/2023-12-29/487/512,1052429,SerieA,2023,club,2023-12-29T19:45:00+00:00,player_history_club,pending,pending,pending
135/2023/2024-01-07/514/496,1052439,SerieA,2023,club,2024-01-07T17:00:00+00:00,player_history_club,pending,pending,pending
135/2023/2024-05-05/489/495,1052596,SerieA,2023,club,2024-05-05T16:00:00+00:00,player_history_club,pending,pending,pending
135/2023/2023-12-11/511/867,1052395,SerieA,2023,club,2023-12-11T17:30:00+00:00,player_history_club,pending,pending,pending
135/2023/2023-11-12/487/497,1052367,SerieA,2023,club,2023-11-12T17:00:00+00:00,player_history_club,pending,pending,pending
135/2023/2023-12-02/487/490,1052385,SerieA,2023,club,2023-12-02T17:00:00+00:00,player_history_club,pending,pending,pending
135/2023/2023-11-11/1579/503,1052369,SerieA,2023,club,2023-11-11T19:45:00+00:00,player_history_club,pending,pending,pending
135/2023/2024-03-17/496/495,1052538,SerieA,2023,club,2024-03-17T11:30:00+00:00,player_history_club,pending,pending,pending
135/2023/2023-09-24/494/502,1052302,SerieA,2023,club,2023-09-24T13:00:00+00:00,player_history_club,pending,pending,pending
135/2023/2024-05-26/512/494,1052626,SerieA,2023,club,2024-05-26T18:45:00+00:00,player_history_club,pending,pending,pending
135/2023/2024-03-15/511/500,1052534,SerieA,2023,club,2024-03-15T19:45:00+00:00,player_history_club,pending,pending,pending
135/2023/2024-03-02/494/514,1052522,SerieA,2023,club,2024-03-02T14:00:00+00:00,player_history_club,pending,pending,pending
135/2023/2024-04-13/500/1579,1052564,SerieA,2023,club,2024-04-13T18:45:00+00:00,player_history_club,pending,pending,pending
135/2023/2024-01-28/1579/488,1052471,SerieA,2023,club,2024-01-28T14:00:00+00:00,player_history_club,pending,pending,pending
135/2023/2023-09-01/488/504,1052280,SerieA,2023,club,2023-09-01T16:30:00+00:00,player_history_club,pending,pending,pending
78/2020/2021-05-22/169/160,587477,Bundesliga,2020,club,2021-05-22T13:30:00+00:00,player_history_club,pending,pending,pending
78/2020/2021-04-24/161/165,587449,Bundesliga,2020,club,2021-04-24T13:30:00+00:00,player_history_club,pending,pending,pending
78/2020/2021-02-28/182/167,587379,Bundesliga,2020,club,2021-02-28T12:30:00+00:00,player_history_club,pending,pending,pending
78/2020/2021-03-07/192/162,587390,Bundesliga,2020,club,2021-03-07T14:30:00+00:00,player_history_club,pending,pending,pending
78/2020/2021-01-16/165/164,587312,Bundesliga,2020,club,2021-01-16T14:30:00+00:00,player_history_club,pending,pending,pending
78/2020/2020-11-01/159/161,587225,Bundesliga,2020,club,2020-11-01T17:00:00+00:00,player_history_club,pending,pending,pending
78/2020/2020-09-26/174/162,587190,Bundesliga,2020,club,2020-09-26T16:30:00+00:00,player_history_club,pending,pending,pending
78/2020/2021-03-13/161/174,587395,Bundesliga,2020,club,2021-03-13T14:30:00+00:00,player_history_club,pending,pending,pending
78/2020/2021-01-17/169/174,587315,Bundesliga,2020,club,2021-01-17T17:00:00+00:00,player_history_club,pending,pending,pending
78/2020/2020-10-04/157/159,587194,Bundesliga,2020,club,2020-10-04T16:00:00+00:00,player_history_club,pending,pending,pending
78/2020/2021-05-22/182/173,587478,Bundesliga,2020,club,2021-05-22T13:30:00+00:00,player_history_club,pending,pending,pending
78/2020/2020-10-17/164/168,587208,Bundesliga,2020,club,2020-10-17T13:30:00+00:00,player_history_club,pending,pending,pending
78/2020/2021-01-19/163/162,587321,Bundesliga,2020,club,2021-01-19T17:30:00+00:00,player_history_club,pending,pending,pending
78/2020/2021-02-12/173/170,587358,Bundesliga,2020,club,2021-02-12T19:30:00+00:00,player_history_club,pending,pending,pending
78/2020/2021-03-14/172/167,587400,Bundesliga,2020,club,2021-03-14T17:00:00+00:00,player_history_club,pending,pending,pending
78/2020/2021-02-13/165/167,587357,Bundesliga,2020,club,2021-02-13T14:30:00+00:00,player_history_club,pending,pending,pending
78/2020/2020-12-05/192/161,587263,Bundesliga,2020,club,2020-12-05T14:30:00+00:00,player_history_club,pending,pending,pending
78/2020/2021-05-22/165/168,587474,Bundesliga,2020,club,2021-05-22T13:30:00+00:00,player_history_club,pending,pending,pending
78/2020/2020-12-16/157/161,587275,Bundesliga,2020,club,2020-12-16T19:30:00+00:00,player_history_club,pending,pending,pending
78/2020/2020-10-03/169/167,587198,Bundesliga,2020,club,2020-10-03T13:30:00+00:00,player_history_club,pending,pending,pending
78/2020/2021-01-09/173/165,587302,Bundesliga,2020,club,2021-01-09T17:30:00+00:00,player_history_club,pending,pending,pending
78/2020/2021-03-20/157/172,587401,Bundesliga,2020,club,2021-03-20T14:30:00+00:00,player_history_club,pending,pending,pending
78/2020/2021-01-23/164/173,587335,Bundesliga,2020,club,2021-01-23T14:30:00+00:00,player_history_club,pending,pending,pending
78/2020/2021-03-06/159/170,587388,Bundesliga,2020,club,2021-03-06T14:30:00+00:00,player_history_club,pending,pending,pending
78/2020/2020-11-22/160/164,587242,Bundesliga,2020,club,2020-11-22T14:30:00+00:00,player_history_club,pending,pending,pending
78/2020/2020-10-17/167/165,587204,Bundesliga,2020,club,2020-10-17T13:30:00+00:00,player_history_club,pending,pending,pending
78/2020/2021-01-09/182/161,587306,Bundesliga,2020,club,2021-01-09T14:30:00+00:00,player_history_club,pending,pending,pending
78/2020/2020-12-15/172/182,587283,Bundesliga,2020,club,2020-12-15T19:30:00+00:00,player_history_club,pending,pending,pending
78/2020/2020-10-03/165/160,587195,Bundesliga,2020,club,2020-10-03T13:30:00+00:00,player_history_club,pending,pending,pending
78/2020/2021-01-17/157/160,587311,Bundesliga,2020,club,2021-01-17T14:30:00+00:00,player_history_club,pending,pending,pending
78/2020/2020-10-03/192/163,587200,Bundesliga,2020,club,2020-10-03T13:30:00+00:00,player_history_club,pending,pending,pending
78/2020/2020-11-07/165/157,587230,Bundesliga,2020,club,2020-11-07T17:30:00+00:00,player_history_club,pending,pending,pending
78/2020/2021-04-21/165/182,587438,Bundesliga,2020,club,2021-04-21T18:30:00+00:00,player_history_club,pending,pending,pending
78/2020/2021-01-30/169/159,587342,Bundesliga,2020,club,2021-01-30T14:30:00+00:00,player_history_club,pending,pending,pending
78/2020/2020-10-03/173/174,587196,Bundesliga,2020,club,2020-10-03T16:30:00+00:00,player_history_club,pending,pending,pending
78/2020/2021-01-24/167/192,587331,Bundesliga,2020,club,2021-01-24T17:00:00+00:00,player_history_club,pending,pending,pending
78/2020/2021-04-10/162/173,587425,Bundesliga,2020,club,2021-04-10T13:30:00+00:00,player_history_club,pending,pending,pending
78/2020/2021-04-24/164/157,587453,Bundesliga,2020,club,2021-04-24T13:30:00+00:00,player_history_club,pending,pending,pending
78/2020/2020-12-19/174/188,587290,Bundesliga,2020,club,2020-12-19T14:30:00+00:00,player_history_club,pending,pending,pending
78/2020/2020-09-25/159/169,587189,Bundesliga,2020,club,2020-09-25T18:30:00+00:00,player_history_club,pending,pending,pending
78/2020/2020-12-12/160/188,587271,Bundesliga,2020,club,2020-12-12T14:30:00+00:00,player_history_club,pending,pending,pending
78/2020/2020-10-31/163/173,587221,Bundesliga,2020,club,2020-10-31T17:30:00+00:00,player_history_club,pending,pending,pending
78/2020/2021-04-23/170/192,587454,Bundesliga,2020,club,2021-04-23T18:30:00+00:00,player_history_club,pending,pending,pending
78/2020/2021-01-20/188/172,587328,Bundesliga,2020,club,2021-01-20T19:30:00+00:00,player_history_club,pending,pending,pending
78/2020/2021-02-07/167/169,587349,Bundesliga,2020,club,2021-02-07T14:30:00+00:00,player_history_club,pending,pending,pending
78/2020/2020-10-24/165/174,587213,Bundesliga,2020,club,2020-10-24T16:30:00+00:00,player_history_club,pending,pending,pending
78/2020/2021-04-17/163/169,587430,Bundesliga,2020,club,2021-04-17T13:30:00+00:00,player_history_club,pending,pending,pending
78/2020/2020-11-28/165/192,587248,Bundesliga,2020,club,2020-11-28T14:30:00+00:00,player_history_club,pending,pending,pending
78/2020/2021-03-12/170/163,587398,Bundesliga,2020,club,2021-03-12T19:30:00+00:00,player_history_club,pending,pending,pending
78/2020/2020-10-17/170/173,587210,Bundesliga,2020,club,2020-10-17T13:30:00+00:00,player_history_club,pending,pending,pending
78/2020/2021-03-20/174/163,587406,Bundesliga,2020,club,2021-03-20T17:30:00+00:00,player_history_club,pending,pending,pending
78/2020/2021-01-19/168/165,587322,Bundesliga,2020,club,2021-01-19T19:30:00+00:00,player_history_club,pending,pending,pending
78/2020/2021-05-08/157/163,587455,Bundesliga,2020,club,2021-05-08T16:30:00+00:00,player_history_club,pending,pending,pending
78/2020/2021-01-02/172/173,587301,Bundesliga,2020,club,2021-01-02T19:30:00+00:00,player_history_club,pending,pending,pending
78/2020/2021-05-16/164/165,587470,Bundesliga,2020,club,2021-05-16T16:00:00+00:00,player_history_club,pending,pending,pending
78/2020/2020-12-05/157/173,587257,Bundesliga,2020,club,2020-12-05T17:30:00+00:00,player_history_club,pending,pending,pending
78/2020/2021-04-24/182/162,587451,Bundesliga,2020,club,2021-04-24T13:30:00+00:00,player_history_club,pending,pending,pending
78/2020/2021-01-19/164/161,587326,Bundesliga,2020,club,2021-01-19T19:30:00+00:00,player_history_club,pending,pending,pending
78/2020/2020-12-19/170/169,587292,Bundesliga,2020,club,2020-12-19T14:30:00+00:00,player_history_club,pending,pending,pending
78/2020/2021-04-16/173/167,587429,Bundesliga,2020,club,2021-04-16T18:30:00+00:00,player_history_club,pending,pending,pending
78/2020/2021-01-30/182/163,587343,Bundesliga,2020,club,2021-01-30T14:30:00+00:00,player_history_club,pending,pending,pending
78/2020/2021-02-14/169/192,587361,Bundesliga,2020,club,2021-02-14T14:30:00+00:00,player_history_club,pending,pending,pending
78/2020/2021-05-22/162/163,587480,Bundesliga,2020,club,2021-05-22T13:30:00+00:00,player_history_club,pending,pending,pending
78/2020/2021-01-02/188/163,587300,Bundesliga,2020,club,2021-01-02T14:30:00+00:00,player_history_club,pending,pending,pending
78/2020/2020-12-07/167/170,587258,Bundesliga,2020,club,2020-12-07T19:30:00+00:00,player_history_club,pending,pending,pending
78/2020/2021-01-30/162/174,587345,Bundesliga,2020,club,2021-01-30T14:30:00+00:00,player_history_club,pending,pending,pending
78/2020/2020-09-27/160/161,587188,Bundesliga,2020,club,2020-09-27T16:00:00+00:00,player_history_club,pending,pending,pending
78/2020/2020-12-13/168/167,587269,Bundesliga,2020,club,2020-12-13T17:00:00+00:00,player_history_club,pending,pending,pending
78/2020/2020-10-23/172/192,587220,Bundesliga,2020,club,2020-10-23T18:30:00+00:00,player_history_club,pending,pending,pending
78/2020/2021-05-08/167/174,587457,Bundesliga,2020,club,2021-05-08T13:30:00+00:00,player_history_club,pending,pending,pending
78/2020/2020-09-19/165/163,587177,Bundesliga,2020,club,2020-09-19T16:30:00+00:00,player_history_club,pending,pending,pending
78/2020/2021-02-20/160/182,587367,Bundesliga,2020,club,2021-02-20T14:30:00+00:00,player_history_club,pending,pending,pending
78/2020/2020-11-21/174/161,587245,Bundesliga,2020,club,2020-11-21T14:30:00+00:00,player_history_club,pending,pending,pending
78/2020/2021-01-31/161/160,587341,Bundesliga,2020,club,2021-01-31T17:00:00+00:00,player_history_club,pending,pending,pending
78/2020/2021-03-19/188/173,587409,Bundesliga,2020,club,2021-03-19T19:30:00+00:00,player_history_club,pending,pending,pending
78/2020/2020-11-21/157/162,587239,Bundesliga,2020,club,2020-11-21T14:30:00+00:00,player_history_club,pending,pending,pending
78/2020/2020-10-18/192/169,587209,Bundesliga,2020,club,2020-10-18T13:30:00+00:00,player_history_club,pending,pending,pending
78/2020/2021-01-16/172/163,587319,Bundesliga,2020,club,2021-01-16T17:30:00+00:00,player_history_club,pending,pending,pending
78/2020/2021-04-03/168/174,587413,Bundesliga,2020,club,2021-04-03T13:30:00+00:00,player_history_club,pending,pending,pending
78/2020/2021-02-05/159/157,587351,Bundesliga,2020,club,2021-02-05T19:00:00+00:00,player_history_club,pending,pending,pending
78/2020/2021-03-21/167/164,587402,Bundesliga,2020,club,2021-03-21T12:30:00+00:00,player_history_club,pending,pending,pending
78/2020/2021-03-06/169/172,587387,Bundesliga,2020,club,2021-03-06T14:30:00+00:00,player_history_club,pending,pending,pending
78/2020/2020-12-15/159/164,587278,Bundesliga,2020,club,2020-12-15T19:30:00+00:00,player_history_club,pending,pending,pending
78/2020/2020-12-12/164/192,587273,Bundesliga,2020,club,2020-12-12T14:30:00+00:00,player_history_club,pending,pending,pending
78/2020/2020-11-27/161/162,587252,Bundesliga,2020,club,2020-11-27T19:30:00+00:00,player_history_club,pending,pending,pending
78/2020/2021-03-13/162/157,587399,Bundesliga,2020,club,2021-03-13T14:30:00+00:00,player_history_club,pending,pending,pending
78/2020/2020-10-26/168/170,587215,Bundesliga,2020,club,2020-10-26T19:30:00+00:00,player_history_club,pending,pending,pending
78/2020/2021-05-12/174/159,587452,Bundesliga,2020,club,2021-05-12T16:00:00+00:00,player_history_club,pending,pending,pending
78/2020/2020-12-11/161/169,587270,Bundesliga,2020,club,2020-12-11T19:30:00+00:00,player_history_club,pending,pending,pending
78/2020/2020-10-04/161/170,587197,Bundesliga,2020,club,2020-10-04T13:30:00+00:00,player_history_club,pending,pending,pending
78/2020/2020-12-19/163/167,587285,Bundesliga,2020,club,2020-12-19T14:30:00+00:00,player_history_club,pending,pending,pending
78/2020/2021-01-20/160/169,587323,Bundesliga,2020,club,2021-01-20T19:30:00+00:00,player_history_club,pending,pending,pending
78/2020/2021-04-17/160/174,587433,Bundesliga,2020,club,2021-04-17T13:30:00+00:00,player_history_club,pending,pending,pending
78/2020/2021-01-29/172/164,587346,Bundesliga,2020,club,2021-01-29T19:30:00+00:00,player_history_club,pending,pending,pending
78/2020/2021-05-15/174/169,587469,Bundesliga,2020,club,2021-05-15T13:30:00+00:00,player_history_club,pending,pending,pending
78/2020/2021-01-30/173/168,587340,Bundesliga,2020,club,2021-01-30T17:30:00+00:00,player_history_club,pending,pending,pending
78/2020/2021-03-06/160/173,587386,Bundesliga,2020,club,2021-03-06T14:30:00+00:00,player_history_club,pending,pending,pending
78/2020/2021-04-20/188/174,587444,Bundesliga,2020,club,2021-04-20T18:30:00+00:00,player_history_club,pending,pending,pending
78/2020/2020-12-20/160/159,587288,Bundesliga,2020,club,2020-12-20T14:30:00+00:00,player_history_club,pending,pending,pending
78/2020/2021-05-07/172/170,587463,Bundesliga,2020,club,2021-05-07T18:30:00+00:00,player_history_club,pending,pending,pending
78/2021/2021-08-13/163/157,719349,Bundesliga,2021,club,2021-08-13T18:30:00+00:00,player_history_club,pending,pending,pending
78/2021/2022-04-30/164/157,719634,Bundesliga,2021,club,2022-04-30T13:30:00+00:00,player_history_club,pending,pending,pending
78/2021/2021-12-18/176/182,719500,Bundesliga,2021,club,2021-12-18T14:30:00+00:00,player_history_club,pending,pending,pending
78/2021/2021-11-28/173/168,719458,Bundesliga,2021,club,2021-11-28T16:30:00+00:00,player_history_club,pending,pending,pending
78/2021/2021-12-15/170/173,719491,Bundesliga,2021,club,2021-12-15T19:30:00+00:00,player_history_club,pending,pending,pending
78/2021/2022-05-23/175/159,862168,Bundesliga,2021,club,2022-05-23T18:30:00+00:00,player_history_club,pending,pending,pending
78/2021/2022-03-05/159/169,719570,Bundesliga,2021,club,2022-03-05T14:30:00+00:00,player_history_club,pending,pending,pending
78/2021/2021-10-30/168/161,719432,Bundesliga,2021,club,2021-10-30T13:30:00+00:00,player_history_club,pending,pending,pending
78/2021/2022-05-14/163/167,719650,Bundesliga,2021,club,2022-05-14T13:30:00+00:00,player_history_club,pending,pending,pending
78/2021/2021-12-15/182/160,719487,Bundesliga,2021,club,2021-12-15T19:30:00+00:00,player_history_club,pending,pending,pending
78/2021/2021-11-27/176/160,719464,Bundesliga,2021,club,2021-11-27T14:30:00+00:00,player_history_club,pending,pending,pending
78/2021/2022-03-18/176/163,719590,Bundesliga,2021,club,2022-03-18T19:30:00+00:00,player_history_club,pending,pending,pending
78/2021/2022-05-06/176/188,719644,Bundesliga,2021,club,2022-05-06T18:30:00+00:00,player_history_club,pending,pending,pending
78/2021/2022-01-22/168/170,719522,Bundesliga,2021,club,2022-01-22T14:30:00+00:00,player_history_club,pending,pending,pending
78/2021/2022-04-17/167/178,719615,Bundesliga,2021,club,2022-04-17T15:30:00+00:00,player_history_club,pending,pending,pending
78/2021/2021-12-04/167/169,719471,Bundesliga,2021,club,2021-12-04T14:30:00+00:00,player_history_club,pending,pending,pending
78/2021/2022-04-03/170/161,719599,Bundesliga,2021,club,2022-04-03T13:30:00+00:00,player_history_club,pending,pending,pending
78/2021/2021-11-20/168/176,719449,Bundesliga,2021,club,2021-11-20T14:30:00+00:00,player_history_club,pending,pending,pending
78/2021/2021-08-14/172/178,719353,Bundesliga,2021,club,2021-08-14T13:30:00+00:00,player_history_club,pending,pending,pending
78/2021/2021-11-20/167/173,719453,Bundesliga,2021,club,2021-11-20T14:30:00+00:00,player_history_club,pending,pending,pending
78/2021/2022-04-10/169/160,719604,Bundesliga,2021,club,2022-04-10T15:30:00+00:00,player_history_club,pending,pending,pending
78/2021/2022-04-23/178/168,719627,Bundesliga,2021,club,2022-04-23T13:30:00+00:00,player_history_club,pending,pending,pending
78/2021/2022-01-15/161/159,719512,Bundesliga,2021,club,2022-01-15T14:30:00+00:00,player_history_club,pending,pending,pending
78/2021/2021-09-11/167/164,719382,Bundesliga,2021,club,2021-09-11T13:30:00+00:00,player_history_club,pending,pending,pending
78/2021/2021-09-19/172/168,719388,Bundesliga,2021,club,2021-09-19T13:30:00+00:00,player_history_club,pending,pending,pending
78/2021/2022-04-30/188/159,719636,Bundesliga,2021,club,2022-04-30T13:30:00+00:00,player_history_club,pending,pending,pending
78/2021/2022-02-05/170/182,719534,Bundesliga,2021,club,2022-02-05T14:30:00+00:00,player_history_club,pending,pending,pending
78/2021/2021-08-28/164/178,719372,Bundesliga,2021,club,2021-08-28T13:30:00+00:00,player_history_club,pending,pending,pending
78/2021/2022-03-16/164/165,719569,Bundesliga,2021,club,2022-03-16T17:30:00+00:00,player_history_club,pending,pending,pending
78/2021/2022-05-14/182/176,719649,Bundesliga,2021,club,2022-05-14T13:30:00+00:00,player_history_club,pending,pending,pending
78/2021/2021-10-03/164/182,719408,Bundesliga,2021,club,2021-10-03T13:30:00+00:00,player_history_club,pending,pending,pending
78/2021/2022-03-12/160/161,719579,Bundesliga,2021,club,2022-03-12T14:30:00+00:00,player_history_club,pending,pending,pending
78/2021/2021-10-17/168/157,719414,Bundesliga,2021,club,2021-10-17T13:30:00+00:00,player_history_club,pending,pending,pending
78/2021/2021-09-11/173/157,719376,Bundesliga,2021,club,2021-09-11T16:30:00+00:00,player_history_club,pending,pending,pending
78/2021/2022-05-14/164/169,719652,Bundesliga,2021,club,2022-05-14T13:30:00+00:00,player_history_club,pending,pending,pending
78/2021/2021-12-18/167/163,719497,Bundesliga,2021,club,2021-12-18T14:30:00+00:00,player_history_club,pending,pending,pending
78/2021/2022-03-05/176/178,719573,Bundesliga,2021,club,2022-03-05T14:30:00+00:00,player_history_club,pending,pending,pending
78/2021/2022-04-16/170/159,719617,Bundesliga,2021,club,2022-04-16T13:30:00+00:00,player_history_club,pending,pending,pending
78/2021/2022-02-05/188/163,719536,Bundesliga,2021,club,2022-02-05T14:30:00+00:00,player_history_club,pending,pending,pending
78/2021/2022-04-17/182/169,719612,Bundesliga,2021,club,2022-04-17T15:30:00+00:00,player_history_club,pending,pending,pending
78/2021/2022-04-09/192/164,719607,Bundesliga,2021,club,2022-04-09T13:30:00+00:00,player_history_club,pending,pending,pending
78/2021/2021-10-02/159/160,719409,Bundesliga,2021,club,2021-10-02T13:30:00+00:00,player_history_club,pending,pending,pending
78/2021/2022-02-13/182/165,719541,Bundesliga,2021,club,2022-02-13T14:30:00+00:00,player_history_club,pending,pending,pending
78/2021/2021-10-01/192/178,719411,Bundesliga,2021,club,2021-10-01T18:30:00+00:00,player_history_club,pending,pending,pending
78/2021/2021-08-20/173/172,719359,Bundesliga,2021,club,2021-08-20T18:30:00+00:00,player_history_club,pending,pending,pending
78/2021/2021-08-28/192/176,719375,Bundesliga,2021,club,2021-08-28T13:30:00+00:00,player_history_club,pending,pending,pending
78/2021/2021-12-18/178/170,719501,Bundesliga,2021,club,2021-12-18T14:30:00+00:00,player_history_club,pending,pending,pending
78/2021/2022-05-07/159/164,719642,Bundesliga,2021,club,2022-05-07T16:30:00+00:00,player_history_club,pending,pending,pending
78/2021/2021-10-30/182/157,719433,Bundesliga,2021,club,2021-10-30T13:30:00+00:00,player_history_club,pending,pending,pending
78/2021/2022-05-14/172/192,719651,Bundesliga,2021,club,2022-05-14T13:30:00+00:00,player_history_club,pending,pending,pending
78/2021/2021-12-18/159/165,719498,Bundesliga,2021,club,2021-12-18T17:30:00+00:00,player_history_club,pending,pending,pending
78/2021/2022-04-24/176/170,719626,Bundesliga,2021,club,2022-04-24T13:30:00+00:00,player_history_club,pending,pending,pending
78/2021/2021-10-31/170/172,719437,Bundesliga,2021,club,2021-10-31T14:30:00+00:00,player_history_club,pending,pending,pending
78/2021/2021-09-25/168/164,719396,Bundesliga,2021,club,2021-09-25T13:30:00+00:00,player_history_club,pending,pending,pending
78/2021/2022-02-27/170/165,719562,Bundesliga,2021,club,2022-02-27T16:30:00+00:00,player_history_club,pending,pending,pending
78/2021/2022-02-26/178/192,719564,Bundesliga,2021,club,2022-02-26T14:30:00+00:00,player_history_club,pending,pending,pending
78/2021/2021-09-17/159/178,719391,Bundesliga,2021,club,2021-09-17T18:30:00+00:00,player_history_club,pending,pending,pending
78/2021/2022-02-19/172/176,719550,Bundesliga,2021,club,2022-02-19T14:30:00+00:00,player_history_club,pending,pending,pending
78/2021/2021-09-18/164/160,719389,Bundesliga,2021,club,2021-09-18T13:30:00+00:00,player_history_club,pending,pending,pending
78/2021/2022-05-08/157/172,719637,Bundesliga,2021,club,2022-05-08T15:30:00+00:00,player_history_club,pending,pending,pending
78/2021/2021-11-20/188/161,719456,Bundesliga,2021,club,2021-11-20T14:30:00+00:00,player_history_club,pending,pending,pending
78/2021/2021-12-19/160/168,719496,Bundesliga,2021,club,2021-12-19T14:30:00+00:00,player_history_club,pending,pending,pending
78/2021/2022-02-12/169/161,719539,Bundesliga,2021,club,2022-02-12T14:30:00+00:00,player_history_club,pending,pending,pending
78/2021/2022-01-08/168/182,719505,Bundesliga,2021,club,2022-01-08T14:30:00+00:00,player_history_club,pending,pending,pending
78/2021/2021-10-29/167/159,719436,Bundesliga,2021,club,2021-10-29T18:30:00+00:00,player_history_club,pending,pending,pending
78/2021/2021-11-07/159/168,719444,Bundesliga,2021,club,2021-11-07T14:30:00+00:00,player_history_club,pending,pending,pending
78/2021/2022-02-12/160/164,719543,Bundesliga,2021,club,2022-02-12T14:30:00+00:00,player_history_club,pending,pending,pending
78/2021/2021-10-17/170/188,719419,Bundesliga,2021,club,2021-10-17T15:30:00+00:00,player_history_club,pending,pending,pending
78/2021/2022-03-13/165/188,719574,Bundesliga,2021,club,2022-03-13T16:30:00+00:00,player_history_club,pending,pending,pending
78/2021/2022-04-23/157/165,719619,Bundesliga,2021,club,2022-04-23T16:30:00+00:00,player_history_club,pending,pending,pending
78/2021/2021-08-29/182/163,719370,Bundesliga,2021,club,2021-08-29T13:30:00+00:00,player_history_club,pending,pending,pending
78/2021/2021-12-15/168/167,719486,Bundesliga,2021,club,2021-12-15T19:30:00+00:00,player_history_club,pending,pending,pending
78/2021/2021-12-19/192/172,719499,Bundesliga,2021,club,2021-12-19T16:30:00+00:00,player_history_club,pending,pending,pending
78/2021/2021-10-24/192/168,719428,Bundesliga,2021,club,2021-10-24T13:30:00+00:00,player_history_club,pending,pending,pending
78/2021/2021-08-21/168/163,719361,Bundesliga,2021,club,2021-08-21T16:30:00+00:00,player_history_club,pending,pending,pending
78/2021/2022-05-07/167/168,719641,Bundesliga,2021,club,2022-05-07T13:30:00+00:00,player_history_club,pending,pending,pending
78/2021/2021-11-20/163/178,719451,Bundesliga,2021,club,2021-11-20T14:30:00+00:00,player_history_club,pending,pending,pending
78/2021/2021-12-05/172/159,719470,Bundesliga,2021,club,2021-12-05T14:30:00+00:00,player_history_club,pending,pending,pending
78/2021/2022-01-23/159/157,719526,Bundesliga,2021,club,2022-01-23T16:30:00+00:00,player_history_club,pending,pending,pending
78/2021/2022-04-02/188/172,719600,Bundesliga,2021,club,2022-04-02T13:30:00+00:00,player_history_club,pending,pending,pending
78/2021/2021-10-02/165/170,719405,Bundesliga,2021,club,2021-10-02T13:30:00+00:00,player_history_club,pending,pending,pending
78/2021/2022-04-29/182/178,719630,Bundesliga,2021,club,2022-04-29T18:30:00+00:00,player_history_club,pending,pending,pending
78/2021/2021-12-03/182/173,719468,Bundesliga,2021,club,2021-12-03T19:30:00+00:00,player_history_club,pending,pending,pending
78/2021/2021-11-06/157/160,719439,Bundesliga,2021,club,2021-11-06T14:30:00+00:00,player_history_club,pending,pending,pending
78/2021/2021-09-11/160/192,719381,Bundesliga,2021,club,2021-09-11T13:30:00+00:00,player_history_club,pending,pending,pending
78/2021/2022-04-02/167/176,719598,Bundesliga,2021,club,2022-04-02T13:30:00+00:00,player_history_club,pending,pending,pending
78/2021/2022-04-06/170/164,719581,Bundesliga,2021,club,2022-04-06T16:30:00+00:00,player_history_club,pending,pending,pending
78/2021/2022-01-22/163/182,719523,Bundesliga,2021,club,2022-01-22T14:30:00+00:00,player_history_club,pending,pending,pending
78/2021/2021-10-16/169/159,719413,Bundesliga,2021,club,2021-10-16T13:30:00+00:00,player_history_club,pending,pending,pending
78/2021/2022-02-19/161/167,719549,Bundesliga,2021,club,2022-02-19T14:30:00+00:00,player_history_club,pending,pending,pending
78/2021/2021-11-27/161/165,719459,Bundesliga,2021,club,2021-11-27T14:30:00+00:00,player_history_club,pending,pending,pending
78/2021/2022-03-12/182/172,719577,Bundesliga,2021,club,2022-03-12T14:30:00+00:00,player_history_club,pending,pending,pending
78/2021/2021-09-25/167/161,719400,Bundesliga,2021,club,2021-09-25T13:30:00+00:00,player_history_club,pending,pending,pending
78/2021/2022-03-05/173/160,719566,Bundesliga,2021,club,2022-03-05T14:30:00+00:00,player_history_club,pending,pending,pending
78/2021/2022-01-08/169/165,719504,Bundesliga,2021,club,2022-01-08T17:30:00+00:00,player_history_club,pending,pending,pending
78/2021/2021-09-18/192/173,719393,Bundesliga,2021,club,2021-09-18T16:30:00+00:00,player_history_club,pending,pending,pending
78/2021/2022-02-19/188/182,719554,Bundesliga,2021,club,2022-02-19T14:30:00+00:00,player_history_club,pending,pending,pending
78/2021/2022-04-02/168/159,719594,Bundesliga,2021,club,2022-04-02T13:30:00+00:00,player_history_club,pending,pending,pending
78/2021/2021-12-17/157/161,719493,Bundesliga,2021,club,2021-12-17T19:30:00+00:00,player_history_club,pending,pending,pending
78/2021/2021-12-12/178/182,719483,Bundesliga,2021,club,2021-12-12T14:30:00+00:00,player_history_club,pending,pending,pending
78/2022/2022-10-08/168/174,871237,Bundesliga,2022,club,2022-10-08T13:30:00+00:00,player_history_club,pending,pending,pending
78/2022/2022-10-15/162/164,871253,Bundesliga,2022,club,2022-10-15T13:30:00+00:00,player_history_club,pending,pending,pending
78/2022/2023-04-22/165/169,871416,Bundesliga,2022,club,2023-04-22T16:30:00+00:00,player_history_club,pending,pending,pending
78/2022/2022-08-13/162/172,871181,Bundesliga,2022,club,2022-08-13T13:30:00+00:00,player_history_club,pending,pending,pending
78/2022/2023-04-29/169/170,871429,Bundesliga,2022,club,2023-04-29T13:30:00+00:00,player_history_club,pending,pending,pending
78/2022/2023-01-20/173/157,871300,Bundesliga,2022,club,2023-01-20T19:30:00+00:00,player_history_club,pending,pending,pending
78/2022/2023-02-26/160/168,871355,Bundesliga,2022,club,2023-02-26T14:30:00+00:00,player_history_club,pending,pending,pending
78/2022/2022-09-03/172/174,871208,Bundesliga,2022,club,2022-09-03T13:30:00+00:00,player_history_club,pending,pending,pending
78/2022/2022-11-12/174/157,871297,Bundesliga,2022,club,2022-11-12T17:30:00+00:00,player_history_club,pending,pending,pending
78/2022/2023-05-14/173/162,871445,Bundesliga,2022,club,2023-05-14T15:30:00+00:00,player_history_club,pending,pending,pending
78/2022/2022-09-09/162/170,871217,Bundesliga,2022,club,2022-09-09T18:30:00+00:00,player_history_club,pending,pending,pending
78/2022/2023-02-17/170/167,871351,Bundesliga,2022,club,2023-02-17T19:30:00+00:00,player_history_club,pending,pending,pending
78/2022/2022-10-14/174/167,871252,Bundesliga,2022,club,2022-10-14T18:30:00+00:00,player_history_club,pending,pending,pending
78/2022/2022-10-23/176/182,871260,Bundesliga,2022,club,2022-10-23T13:30:00+00:00,player_history_club,pending,pending,pending
78/2022/2022-10-30/192/167,871266,Bundesliga,2022,club,2022-10-30T18:30:00+00:00,player_history_club,pending,pending,pending
78/2022/2023-05-13/165/163,871444,Bundesliga,2022,club,2023-05-13T16:30:00+00:00,player_history_club,pending,pending,pending
78/2022/2022-10-30/174/160,871270,Bundesliga,2022,club,2022-10-30T16:30:00+00:00,player_history_club,pending,pending,pending
78/2022/2022-10-30/182/163,871265,Bundesliga,2022,club,2022-10-30T14:30:00+00:00,player_history_club,pending,pending,pending
78/2022/2023-04-08/160/157,871400,Bundesliga,2022,club,2023-04-08T13:30:00+00:00,player_history_club,pending,pending,pending
78/2022/2022-11-09/192/168,871284,Bundesliga,2022,club,2022-11-09T17:30:00+00:00,player_history_club,pending,pending,pending
78/2022/2022-08-13/159/169,871179,Bundesliga,2022,club,2022-08-13T13:30:00+00:00,player_history_club,pending,pending,pending
78/2022/2023-02-04/165/160,871326,Bundesliga,2022,club,2023-02-04T14:30:00+00:00,player_history_club,pending,pending,pending
78/2022/2023-05-27/169/160,871466,Bundesliga,2022,club,2023-05-27T13:30:00+00:00,player_history_club,pending,pending,pending
78/2022/2022-08-14/164/182,871177,Bundesliga,2022,club,2022-08-14T13:30:00+00:00,player_history_club,pending,pending,pending
78/2022/2023-04-22/159/162,871424,Bundesliga,2022,club,2023-04-22T13:30:00+00:00,player_history_club,pending,pending,pending
78/2022/2022-11-05/167/173,871276,Bundesliga,2022,club,2022-11-05T14:30:00+00:00,player_history_club,pending,pending,pending
78/2022/2023-03-11/173/163,871372,Bundesliga,2022,club,2023-03-11T14:30:00+00:00,player_history_club,pending,pending,pending
78/2022/2022-09-10/173/165,871210,Bundesliga,2022,club,2022-09-10T13:30:00+00:00,player_history_club,pending,pending,pending
78/2022/2022-08-26/160/176,871193,Bundesliga,2022,club,2022-08-26T18:30:00+00:00,player_history_club,pending,pending,pending
78/2022/2023-01-21/176/159,871306,Bundesliga,2022,club,2023-01-21T14:30:00+00:00,player_history_club,pending,pending,pending
78/2022/2023-05-20/167/182,871456,Bundesliga,2022,club,2023-05-20T13:30:00+00:00,player_history_club,pending,pending,pending
78/2022/2022-10-22/168/161,871255,Bundesliga,2022,club,2022-10-22T13:30:00+00:00,player_history_club,pending,pending,pending
78/2022/2022-08-27/164/168,871195,Bundesliga,2022,club,2022-08-27T13:30:00+00:00,player_history_club,pending,pending,pending
78/2022/2023-04-02/162/167,871397,Bundesliga,2022,club,2023-04-02T15:30:00+00:00,player_history_club,pending,pending,pending
78/2022/2023-05-13/182/160,871446,Bundesliga,2022,club,2023-05-13T13:30:00+00:00,player_history_club,pending,pending,pending
78/2022/2023-04-08/170/192,871405,Bundesliga,2022,club,2023-04-08T13:30:00+00:00,player_history_club,pending,pending,pending
78/2022/2023-01-29/168/165,871318,Bundesliga,2022,club,2023-01-29T16:30:00+00:00,player_history_club,pending,pending,pending
78/2022/2022-11-12/168/172,871290,Bundesliga,2022,club,2022-11-12T14:30:00+00:00,player_history_club,pending,pending,pending
78/2022/2023-04-15/173/170,871408,Bundesliga,2022,club,2023-04-15T13:30:00+00:00,player_history_club,pending,pending,pending
78/2022/2023-03-31/169/176,871394,Bundesliga,2022,club,2023-03-31T18:30:00+00:00,player_history_club,pending,pending,pending
78/2022/2023-01-22/163/168,871303,Bundesliga,2022,club,2023-01-22T16:30:00+00:00,player_history_club,pending,pending,pending
78/2022/2023-05-20/174/169,871459,Bundesliga,2022,club,2023-05-20T13:30:00+00:00,player_history_club,pending,pending,pending
78/2022/2022-10-09/172/182,871243,Bundesliga,2022,club,2022-10-09T17:30:00+00:00,player_history_club,pending,pending,pending
78/2022/2023-04-09/176/172,871404,Bundesliga,2022,club,2023-04-09T15:30:00+00:00,player_history_club,pending,pending,pending
78/2022/2022-10-16/157/160,871245,Bundesliga,2022,club,2022-10-16T17:30:00+00:00,player_history_club,pending,pending,pending
78/2022/2023-04-28/176/165,871431,Bundesliga,2022,club,2023-04-28T18:30:00+00:00,player_history_club,pending,pending,pending
78/2022/2023-02-25/162/176,871361,Bundesliga,2022,club,2023-02-25T14:30:00+00:00,player_history_club,pending,pending,pending
78/2022/2023-04-08/168/169,871399,Bundesliga,2022,club,2023-04-08T13:30:00+00:00,player_history_club,pending,pending,pending
78/2022/2023-04-15/192/164,871410,Bundesliga,2022,club,2023-04-15T13:30:00+00:00,player_history_club,pending,pending,pending
78/2022/2023-04-29/173/167,871426,Bundesliga,2022,club,2023-04-29T13:30:00+00:00,player_history_club,pending,pending,pending
78/2022/2023-01-24/159/161,871314,Bundesliga,2022,club,2023-01-24T19:30:00+00:00,player_history_club,pending,pending,pending
78/2022/2023-04-21/170/172,871423,Bundesliga,2022,club,2023-04-21T18:30:00+00:00,player_history_club,pending,pending,pending
78/2022/2022-11-05/164/161,871275,Bundesliga,2022,club,2022-11-05T14:30:00+00:00,player_history_club,pending,pending,pending
78/2022/2023-02-18/176/160,871350,Bundesliga,2022,club,2023-02-18T14:30:00+00:00,player_history_club,pending,pending,pending
78/2022/2022-09-10/174/176,871216,Bundesliga,2022,club,2022-09-10T16:30:00+00:00,player_history_club,pending,pending,pending
78/2022/2022-10-09/163/192,871240,Bundesliga,2022,club,2022-10-09T13:30:00+00:00,player_history_club,pending,pending,pending
78/2022/2023-01-21/192/162,871302,Bundesliga,2022,club,2023-01-21T17:30:00+00:00,player_history_club,pending,pending,pending
78/2022/2023-01-25/168/176,871309,Bundesliga,2022,club,2023-01-25T19:30:00+00:00,player_history_club,pending,pending,pending
78/2022/2022-08-27/157/163,871191,Bundesliga,2022,club,2022-08-27T16:30:00+00:00,player_history_club,pending,pending,pending
78/2022/2022-09-10/169/161,871214,Bundesliga,2022,club,2022-09-10T13:30:00+00:00,player_history_club,pending,pending,pending
78/2022/2022-09-17/163/173,871219,Bundesliga,2022,club,2022-09-17T16:30:00+00:00,player_history_club,pending,pending,pending
78/2022/2022-09-17/165/174,871226,Bundesliga,2022,club,2022-09-17T13:30:00+00:00,player_history_club,pending,pending,pending
78/2022/2022-10-01/161/172,871232,Bundesliga,2022,club,2022-10-01T13:30:00+00:00,player_history_club,pending,pending,pending
78/2022/2022-10-09/159/160,871244,Bundesliga,2022,club,2022-10-09T15:30:00+00:00,player_history_club,pending,pending,pending
78/2022/2022-11-08/161/165,871286,Bundesliga,2022,club,2022-11-08T17:30:00+00:00,player_history_club,pending,pending,pending
78/2022/2023-02-18/172/192,871352,Bundesliga,2022,club,2023-02-18T14:30:00+00:00,player_history_club,pending,pending,pending
78/2022/2022-11-13/160/182,871291,Bundesliga,2022,club,2022-11-13T16:30:00+00:00,player_history_club,pending,pending,pending
78/2022/2022-11-09/174/164,871289,Bundesliga,2022,club,2022-11-09T19:30:00+00:00,player_history_club,pending,pending,pending
78/2022/2023-05-14/172/168,871451,Bundesliga,2022,club,2023-05-14T13:30:00+00:00,player_history_club,pending,pending,pending
78/2022/2023-05-05/168/192,871435,Bundesliga,2022,club,2023-05-05T18:30:00+00:00,player_history_club,pending,pending,pending
78/2022/2023-04-14/174/159,871414,Bundesliga,2022,club,2023-04-14T18:30:00+00:00,player_history_club,pending,pending,pending
78/2022/2023-04-30/157/159,871425,Bundesliga,2022,club,2023-04-30T13:30:00+00:00,player_history_club,pending,pending,pending
78/2022/2023-05-06/159/172,871441,Bundesliga,2022,club,2023-05-06T13:30:00+00:00,player_history_club,pending,pending,pending
78/2022/2023-05-27/176/168,871468,Bundesliga,2022,club,2023-05-27T13:30:00+00:00,player_history_club,pending,pending,pending
78/2022/2022-08-20/170/164,871189,Bundesliga,2022,club,2022-08-20T13:30:00+00:00,player_history_club,pending,pending,pending
78/2022/2022-08-13/174/163,871180,Bundesliga,2022,club,2022-08-13T16:30:00+00:00,player_history_club,pending,pending,pending
78/2022/2023-04-15/157/167,871407,Bundesliga,2022,club,2023-04-15T13:30:00+00:00,player_history_club,pending,pending,pending
78/2022/2023-04-01/182/172,871391,Bundesliga,2022,club,2023-04-01T13:30:00+00:00,player_history_club,pending,pending,pending
78/2022/2023-01-24/167/172,871312,Bundesliga,2022,club,2023-01-24T19:30:00+00:00,player_history_club,pending,pending,pending
78/2022/2023-01-25/160/169,871310,Bundesliga,2022,club,2023-01-25T19:30:00+00:00,player_history_club,pending,pending,pending
78/2022/2022-08-21/169/192,871186,Bundesliga,2022,club,2022-08-21T13:30:00+00:00,player_history_club,pending,pending,pending
78/2022/2022-10-15/172/176,871251,Bundesliga,2022,club,2022-10-15T13:30:00+00:00,player_history_club,pending,pending,pending
78/2022/2023-02-18/161/173,871349,Bundesliga,2022,club,2023-02-18T14:30:00+00:00,player_history_club,pending,pending,pending
78/2022/2023-02-11/173/182,871336,Bundesliga,2022,club,2023-02-11T17:30:00+00:00,player_history_club,pending,pending,pending
78/2022/2023-02-11/162/165,871343,Bundesliga,2022,club,2023-02-11T14:30:00+00:00,player_history_club,pending,pending,pending
78/2022/2023-03-11/157/170,871371,Bundesliga,2022,club,2023-03-11T14:30:00+00:00,player_history_club,pending,pending,pending
78/2022/2022-09-16/164/159,871222,Bundesliga,2022,club,2022-09-16T18:30:00+00:00,player_history_club,pending,pending,pending
78/2022/2022-09-03/168/160,871201,Bundesliga,2022,club,2022-09-03T13:30:00+00:00,player_history_club,pending,pending,pending
78/2022/2022-10-01/169/182,871231,Bundesliga,2022,club,2022-10-01T13:30:00+00:00,player_history_club,pending,pending,pending
78/2022/2023-05-13/161/167,871449,Bundesliga,2022,club,2023-05-13T13:30:00+00:00,player_history_club,pending,pending,pending
78/2022/2022-11-05/170/169,871278,Bundesliga,2022,club,2022-11-05T14:30:00+00:00,player_history_club,pending,pending,pending
78/2022/2023-01-24/174/173,871315,Bundesliga,2022,club,2023-01-24T17:30:00+00:00,player_history_club,pending,pending,pending
78/2022/2022-10-22/170/173,871261,Bundesliga,2022,club,2022-10-22T13:30:00+00:00,player_history_club,pending,pending,pending
78/2022/2022-10-07/167/162,871239,Bundesliga,2022,club,2022-10-07T18:30:00+00:00,player_history_club,pending,pending,pending
78/2022/2023-02-05/172/162,871334,Bundesliga,2022,club,2023-02-05T14:30:00+00:00,player_history_club,pending,pending,pending
78/2022/2022-10-22/160/162,871256,Bundesliga,2022,club,2022-10-22T13:30:00+00:00,player_history_club,pending,pending,pending
78/2022/2023-03-17/163/162,871385,Bundesliga,2022,club,2023-03-17T19:30:00+00:00,player_history_club,pending,pending,pending
78/2022/2023-02-25/192/161,871356,Bundesliga,2022,club,2023-02-25T14:30:00+00:00,player_history_club,pending,pending,pending
78/2022/2023-03-04/170/162,871369,Bundesliga,2022,club,2023-03-04T14:30:00+00:00,player_history_club,pending,pending,pending
78/2022/2023-02-25/173/169,871354,Bundesliga,2022,club,2023-02-25T14:30:00+00:00,player_history_club,pending,pending,pending
78/2023/2023-11-11/181/164,1048979,Bundesliga,2023,club,2023-11-11T14:30:00+00:00,player_history_club,pending,pending,pending
78/2023/2024-05-12/157/161,1049169,Bundesliga,2023,club,2024-05-12T15:30:00+00:00,player_history_club,pending,pending,pending
78/2023/2024-02-10/162/180,1049067,Bundesliga,2023,club,2024-02-10T14:30:00+00:00,player_history_club,pending,pending,pending
78/2023/2023-09-23/162/192,1048923,Bundesliga,2023,club,2023-09-23T16:30:00+00:00,player_history_club,pending,pending,pending
78/2023/2024-01-21/157/162,1049034,Bundesliga,2023,club,2024-01-21T14:30:00+00:00,player_history_club,pending,pending,pending
78/2023/2024-04-06/192/176,1049130,Bundesliga,2023,club,2024-04-06T13:30:00+00:00,player_history_club,pending,pending,pending
78/2023/2024-05-04/161/181,1049163,Bundesliga,2023,club,2024-05-04T13:30:00+00:00,player_history_club,pending,pending,pending
78/2023/2023-08-19/170/163,1048888,Bundesliga,2023,club,2023-08-19T13:30:00+00:00,player_history_club,pending,pending,pending
78/2023/2024-02-17/164/170,1049073,Bundesliga,2023,club,2024-02-17T14:30:00+00:00,player_history_club,pending,pending,pending
78/2023/2024-05-18/172/163,1049185,Bundesliga,2023,club,2024-05-18T13:30:00+00:00,player_history_club,pending,pending,pending
78/2023/2024-01-27/168/163,1049045,Bundesliga,2023,club,2024-01-27T17:30:00+00:00,player_history_club,pending,pending,pending
78/2023/2024-01-13/173/169,1049026,Bundesliga,2023,club,2024-01-13T14:30:00+00:00,player_history_club,pending,pending,pending
78/2023/2023-08-19/161/180,1048886,Bundesliga,2023,club,2023-08-19T13:30:00+00:00,player_history_club,pending,pending,pending
78/2023/2024-04-20/182/157,1049143,Bundesliga,2023,club,2024-04-20T16:30:00+00:00,player_history_club,pending,pending,pending
78/2023/2024-05-05/180/164,1049168,Bundesliga,2023,club,2024-05-05T17:30:00+00:00,player_history_club,pending,pending,pending
78/2023/2024-02-24/163/176,1049084,Bundesliga,2023,club,2024-02-24T14:30:00+00:00,player_history_club,pending,pending,pending
78/2023/2023-10-07/173/176,1048937,Bundesliga,2023,club,2023-10-07T13:30:00+00:00,player_history_club,pending,pending,pending
78/2023/2023-10-07/172/161,1048943,Bundesliga,2023,club,2023-10-07T13:30:00+00:00,player_history_club,pending,pending,pending
78/2023/2023-11-04/165/157,1048962,Bundesliga,2023,club,2023-11-04T17:30:00+00:00,player_history_club,pending,pending,pending
78/2023/2023-08-18/162/157,1048881,Bundesliga,2023,club,2023-08-18T18:30:00+00:00,player_history_club,pending,pending,pending
78/2023/2024-03-16/181/157,1049114,Bundesliga,2023,club,2024-03-16T14:30:00+00:00,player_history_club,pending,pending,pending
78/2023/2023-08-26/192/161,1048895,Bundesliga,2023,club,2023-08-26T13:30:00+00:00,player_history_club,pending,pending,pending
78/2023/2023-12-17/160/192,1049009,Bundesliga,2023,club,2023-12-17T14:30:00+00:00,player_history_club,pending,pending,pending
78/2023/2024-04-27/170/162,1049158,Bundesliga,2023,club,2024-04-27T13:30:00+00:00,player_history_club,pending,pending,pending
78/2023/2024-02-03/176/170,1049058,Bundesliga,2023,club,2024-02-03T14:30:00+00:00,player_history_club,pending,pending,pending
78/2023/2023-12-20/168/176,1049018,Bundesliga,2023,club,2023-12-20T19:30:00+00:00,player_history_club,pending,pending,pending
78/2023/2024-03-30/163/160,1049119,Bundesliga,2023,club,2024-03-30T14:30:00+00:00,player_history_club,pending,pending,pending
78/2023/2024-01-13/181/165,1049033,Bundesliga,2023,club,2024-01-13T17:30:00+00:00,player_history_club,pending,pending,pending
78/2023/2024-03-16/167/172,1049112,Bundesliga,2023,club,2024-03-16T17:30:00+00:00,player_history_club,pending,pending,pending
78/2023/2023-09-23/165/161,1048918,Bundesliga,2023,club,2023-09-23T13:30:00+00:00,player_history_club,pending,pending,pending
78/2023/2023-12-16/173/167,1049008,Bundesliga,2023,club,2023-12-16T17:30:00+00:00,player_history_club,pending,pending,pending
78/2023/2024-02-18/176/157,1049076,Bundesliga,2023,club,2024-02-18T16:30:00+00:00,player_history_club,pending,pending,pending
78/2023/2024-03-02/164/163,1049091,Bundesliga,2023,club,2024-03-02T14:30:00+00:00,player_history_club,pending,pending,pending
78/2023/2024-05-18/165/181,1049178,Bundesliga,2023,club,2024-05-18T13:30:00+00:00,player_history_club,pending,pending,pending
78/2023/2023-12-02/163/167,1048993,Bundesliga,2023,club,2023-12-02T14:30:00+00:00,player_history_club,pending,pending,pending
78/2023/2024-02-17/181/172,1049078,Bundesliga,2023,club,2024-02-17T14:30:00+00:00,player_history_club,pending,pending,pending
78/2023/2024-04-06/160/173,1049126,Bundesliga,2023,club,2024-04-06T13:30:00+00:00,player_history_club,pending,pending,pending
78/2023/2024-04-28/181/180,1049159,Bundesliga,2023,club,2024-04-28T17:30:00+00:00,player_history_club,pending,pending,pending
78/2023/2023-12-20/161/157,1049020,Bundesliga,2023,club,2023-12-20T19:30:00+00:00,player_history_club,pending,pending,pending
78/2023/2024-03-31/172/180,1049123,Bundesliga,2023,club,2024-03-31T15:30:00+00:00,player_history_club,pending,pending,pending
78/2023/2024-03-30/173/164,1049116,Bundesliga,2023,club,2024-03-30T14:30:00+00:00,player_history_club,pending,pending,pending
78/2023/2023-10-21/161/168,1048947,Bundesliga,2023,club,2023-10-21T13:30:00+00:00,player_history_club,pending,pending,pending
78/2023/2024-04-20/192/181,1049147,Bundesliga,2023,club,2024-04-20T13:30:00+00:00,player_history_club,pending,pending,pending
78/2023/2023-12-15/163/162,1049012,Bundesliga,2023,club,2023-12-15T19:30:00+00:00,player_history_club,pending,pending,pending
78/2023/2023-11-25/169/172,1048983,Bundesliga,2023,club,2023-11-25T17:30:00+00:00,player_history_club,pending,pending,pending
78/2023/2023-12-20/182/192,1049017,Bundesliga,2023,club,2023-12-20T17:30:00+00:00,player_history_club,pending,pending,pending
78/2023/2023-10-07/170/181,1048942,Bundesliga,2023,club,2023-10-07T13:30:00+00:00,player_history_club,pending,pending,pending
78/2023/2024-03-31/170/192,1049122,Bundesliga,2023,club,2024-03-31T13:30:00+00:00,player_history_club,pending,pending,pending
78/2023/2024-02-10/182/161,1049062,Bundesliga,2023,club,2024-02-10T14:30:00+00:00,player_history_club,pending,pending,pending
78/2023/2024-03-03/167/162,1049093,Bundesliga,2023,club,2024-03-03T16:30:00+00:00,player_history_club,pending,pending,pending
78/2023/2024-04-20/161/176,1049146,Bundesliga,2023,club,2024-04-20T13:30:00+00:00,player_history_club,pending,pending,pending
78/2023/2023-09-30/173/157,1048926,Bundesliga,2023,club,2023-09-30T16:30:00+00:00,player_history_club,pending,pending,pending
78/2023/2023-08-19/167/160,1048887,Bundesliga,2023,club,2023-08-19T13:30:00+00:00,player_history_club,pending,pending,pending
78/2023/2024-05-27/158/176,1200850,Bundesliga,2023,club,2024-05-27T18:30:00+00:00,player_history_club,pending,pending,pending
78/2023/2023-11-26/167/164,1048986,Bundesliga,2023,club,2023-11-26T16:30:00+00:00,player_history_club,pending,pending,pending
78/2023/2024-05-03/167/173,1049165,Bundesliga,2023,club,2024-05-03T18:30:00+00:00,player_history_club,pending,pending,pending
78/2023/2024-03-09/162/165,1049102,Bundesliga,2023,club,2024-03-09T17:30:00+00:00,player_history_club,pending,pending,pending
78/2023/2023-11-04/192/170,1048967,Bundesliga,2023,club,2023-11-04T14:30:00+00:00,player_history_club,pending,pending,pending
78/2023/2023-09-17/180/162,1048915,Bundesliga,2023,club,2023-09-17T13:30:00+00:00,player_history_club,pending,pending,pending
78/2023/2024-03-31/176/181,1049121,Bundesliga,2023,club,2024-03-31T17:30:00+00:00,player_history_club,pending,pending,pending
78/2023/2024-04-13/157/192,1049133,Bundesliga,2023,club,2024-04-13T13:30:00+00:00,player_history_club,pending,pending,pending
78/2023/2023-10-29/168/160,1048955,Bundesliga,2023,club,2023-10-29T16:30:00+00:00,player_history_club,pending,pending,pending
78/2023/2023-09-30/161/169,1048928,Bundesliga,2023,club,2023-09-30T13:30:00+00:00,player_history_club,pending,pending,pending
78/2023/2024-03-17/160/168,1049108,Bundesliga,2023,club,2024-03-17T14:30:00+00:00,player_history_club,pending,pending,pending
78/2023/2023-10-01/181/162,1048934,Bundesliga,2023,club,2023-10-01T13:30:00+00:00,player_history_club,pending,pending,pending
78/2023/2024-05-18/180/192,1049186,Bundesliga,2023,club,2024-05-18T13:30:00+00:00,player_history_club,pending,pending,pending
78/2023/2023-12-03/168/165,1048991,Bundesliga,2023,club,2023-12-03T16:30:00+00:00,player_history_club,pending,pending,pending
78/2023/2023-09-02/172/160,1048907,Bundesliga,2023,club,2023-09-02T13:30:00+00:00,player_history_club,pending,pending,pending
78/2023/2023-09-03/182/173,1048900,Bundesliga,2023,club,2023-09-03T15:30:00+00:00,player_history_club,pending,pending,pending
78/2023/2024-01-14/163/172,1049029,Bundesliga,2023,club,2024-01-14T16:30:00+00:00,player_history_club,pending,pending,pending
78/2023/2023-08-26/176/165,1048896,Bundesliga,2023,club,2023-08-26T13:30:00+00:00,player_history_club,pending,pending,pending
78/2023/2024-02-24/157/173,1049079,Bundesliga,2023,club,2024-02-24T17:30:00+00:00,player_history_club,pending,pending,pending
78/2023/2023-09-24/168/180,1048920,Bundesliga,2023,club,2023-09-24T13:30:00+00:00,player_history_club,pending,pending,pending
78/2023/2024-03-17/165/169,1049106,Bundesliga,2023,club,2024-03-17T16:30:00+00:00,player_history_club,pending,pending,pending
78/2023/2023-12-19/165/164,1049016,Bundesliga,2023,club,2023-12-19T19:30:00+00:00,player_history_club,pending,pending,pending
78/2023/2024-05-18/182/160,1049179,Bundesliga,2023,club,2024-05-18T13:30:00+00:00,player_history_club,pending,pending,pending
78/2023/2024-02-03/164/162,1049056,Bundesliga,2023,club,2024-02-03T14:30:00+00:00,player_history_club,pending,pending,pending
78/2023/2023-12-20/180/160,1049024,Bundesliga,2023,club,2023-12-20T19:30:00+00:00,player_history_club,pending,pending,pending
78/2023/2023-12-09/165/173,1048998,Bundesliga,2023,club,2023-12-09T17:30:00+00:00,player_history_club,pending,pending,pending
78/2023/2024-05-04/192/160,1049164,Bundesliga,2023,club,2024-05-04T16:30:00+00:00,player_history_club,pending,pending,pending
78/2023/2024-02-09/165/160,1049061,Bundesliga,2023,club,2024-02-09T19:30:00+00:00,player_history_club,pending,pending,pending
78/2023/2024-02-18/160/169,1049071,Bundesliga,2023,club,2024-02-18T14:30:00+00:00,player_history_club,pending,pending,pending
78/2023/2023-12-09/162/170,1049004,Bundesliga,2023,club,2023-12-09T14:30:00+00:00,player_history_club,pending,pending,pending
78/2023/2024-05-11/164/165,1049172,Bundesliga,2023,club,2024-05-11T16:30:00+00:00,player_history_club,pending,pending,pending
78/2023/2024-05-10/170/172,1049176,Bundesliga,2023,club,2024-05-10T18:30:00+00:00,player_history_club,pending,pending,pending
78/2023/2023-09-22/172/181,1048925,Bundesliga,2023,club,2023-09-22T18:30:00+00:00,player_history_club,pending,pending,pending
78/2023/2024-04-27/160/161,1049153,Bundesliga,2023,club,2024-04-27T13:30:00+00:00,player_history_club,pending,pending,pending
78/2023/2024-02-17/161/165,1049072,Bundesliga,2023,club,2024-02-17T14:30:00+00:00,player_history_club,pending,pending,pending
78/2023/2023-10-28/170/161,1048960,Bundesliga,2023,club,2023-10-28T13:30:00+00:00,player_history_club,pending,pending,pending
78/2023/2023-10-27/176/164,1048959,Bundesliga,2023,club,2023-10-27T18:30:00+00:00,player_history_club,pending,pending,pending
78/2023/2023-11-25/161/173,1048984,Bundesliga,2023,club,2023-11-25T14:30:00+00:00,player_history_club,pending,pending,pending
78/2023/2024-01-27/162/160,1049049,Bundesliga,2023,club,2024-01-27T14:30:00+00:00,player_history_club,pending,pending,pending
78/2023/2024-04-27/173/165,1049152,Bundesliga,2023,club,2024-04-27T13:30:00+00:00,player_history_club,pending,pending,pending
78/2023/2023-12-16/170/165,1049014,Bundesliga,2023,club,2023-12-16T14:30:00+00:00,player_history_club,pending,pending,pending
78/2023/2024-01-13/164/161,1049028,Bundesliga,2023,club,2024-01-13T14:30:00+00:00,player_history_club,pending,pending,pending
78/2023/2024-03-10/169/167,1049100,Bundesliga,2023,club,2024-03-10T16:30:00+00:00,player_history_club,pending,pending,pending
78/2023/2023-10-28/173/192,1048954,Bundesliga,2023,club,2023-10-28T16:30:00+00:00,player_history_club,pending,pending,pending
78/2023/2023-10-28/163/180,1048957,Bundesliga,2023,club,2023-10-28T13:30:00+00:00,player_history_club,pending,pending,pending
78/2023/2023-12-09/180/181,1049006,Bundesliga,2023,club,2023-12-09T14:30:00+00:00,player_history_club,pending,pending,pending
78/2023/2023-10-08/169/180,1048939,Bundesliga,2023,club,2023-10-08T17:30:00+00:00,player_history_club,pending,pending,pending
61/2020/2021-04-25/95/83,571811,Ligue1,2020,club,2021-04-25T13:00:00+00:00,player_history_club,pending,pending,pending
61/2020/2020-08-23/84/116,571479,Ligue1,2020,club,2020-08-23T15:00:00+00:00,player_history_club,pending,pending,pending
61/2020/2020-09-27/77/106,571515,Ligue1,2020,club,2020-09-27T13:00:00+00:00,player_history_club,pending,pending,pending
61/2020/2020-08-29/94/82,571489,Ligue1,2020,club,2020-08-29T15:00:00+00:00,player_history_club,pending,pending,pending
61/2020/2021-05-09/94/85,571829,Ligue1,2020,club,2021-05-09T19:00:00+00:00,player_history_club,pending,pending,pending
61/2020/2021-01-24/1063/80,571681,Ligue1,2020,club,2021-01-24T20:00:00+00:00,player_history_club,pending,pending,pending
61/2020/2021-01-16/77/85,571665,Ligue1,2020,club,2021-01-16T20:00:00+00:00,player_history_club,pending,pending,pending
61/2020/2021-02-19/106/80,571725,Ligue1,2020,club,2021-02-19T20:00:00+00:00,player_history_club,pending,pending,pending
61/2020/2020-12-23/82/79,571637,Ligue1,2020,club,2020-12-23T20:00:00+00:00,player_history_club,pending,pending,pending
61/2020/2021-03-03/112/77,571746,Ligue1,2020,club,2021-03-03T18:00:00+00:00,player_history_club,pending,pending,pending
61/2020/2020-11-08/84/91,571570,Ligue1,2020,club,2020-11-08T16:00:00+00:00,player_history_club,pending,pending,pending
61/2020/2021-01-06/106/84,571645,Ligue1,2020,club,2021-01-06T18:00:00+00:00,player_history_club,pending,pending,pending
61/2020/2021-02-21/97/79,571723,Ligue1,2020,club,2021-02-21T16:05:00+00:00,player_history_club,pending,pending,pending
61/2020/2021-04-18/83/80,571800,Ligue1,2020,club,2021-04-18T19:00:00+00:00,player_history_club,pending,pending,pending
61/2020/2021-02-06/80/95,571705,Ligue1,2020,club,2021-02-06T18:00:00+00:00,player_history_club,pending,pending,pending
61/2020/2021-03-21/89/93,571763,Ligue1,2020,club,2021-03-21T14:00:00+00:00,player_history_club,pending,pending,pending
61/2020/2021-02-27/78/112,571733,Ligue1,2020,club,2021-02-27T12:00:00+00:00,player_history_club,pending,pending,pending
61/2020/2020-12-16/89/79,571613,Ligue1,2020,club,2020-12-16T18:00:00+00:00,player_history_club,pending,pending,pending
61/2020/2021-03-03/1063/116,571748,Ligue1,2020,club,2021-03-03T18:00:00+00:00,player_history_club,pending,pending,pending
61/2020/2020-12-06/89/1063,571593,Ligue1,2020,club,2020-12-06T14:00:00+00:00,player_history_club,pending,pending,pending
61/2020/2020-09-20/83/1063,571510,Ligue1,2020,club,2020-09-20T15:00:00+00:00,player_history_club,pending,pending,pending
61/2020/2020-12-16/78/1063,571614,Ligue1,2020,club,2020-12-16T20:00:00+00:00,player_history_club,pending,pending,pending
61/2020/2021-04-25/80/79,571802,Ligue1,2020,club,2021-04-25T19:00:00+00:00,player_history_club,pending,pending,pending
61/2020/2021-01-24/112/83,571675,Ligue1,2020,club,2021-01-24T14:00:00+00:00,player_history_club,pending,pending,pending
61/2020/2021-01-17/84/78,571668,Ligue1,2020,club,2021-01-17T14:00:00+00:00,player_history_club,pending,pending,pending
61/2020/2020-11-22/77/80,571575,Ligue1,2020,club,2020-11-22T16:00:00+00:00,player_history_club,pending,pending,pending
61/2020/2021-02-21/92/78,571730,Ligue1,2020,club,2021-02-21T14:00:00+00:00,player_history_club,pending,pending,pending
61/2020/2020-08-23/97/95,571472,Ligue1,2020,club,2020-08-23T13:00:00+00:00,player_history_club,pending,pending,pending
61/2020/2020-11-21/106/1063,571574,Ligue1,2020,club,2020-11-21T16:00:00+00:00,player_history_club,pending,pending,pending
61/2020/2021-04-18/89/84,571792,Ligue1,2020,club,2021-04-18T13:00:00+00:00,player_history_club,pending,pending,pending
61/2020/2021-05-09/1063/81,571828,Ligue1,2020,club,2021-05-09T11:00:00+00:00,player_history_club,pending,pending,pending
61/2020/2020-09-19/116/78,571504,Ligue1,2020,club,2020-09-19T15:00:00+00:00,player_history_club,pending,pending,pending
61/2020/2021-05-02/91/80,571820,Ligue1,2020,club,2021-05-02T19:00:00+00:00,player_history_club,pending,pending,pending
61/2020/2021-05-16/97/112,571832,Ligue1,2020,club,2021-05-16T19:00:00+00:00,player_history_club,pending,pending,pending
61/2020/2021-04-04/92/1063,571779,Ligue1,2020,club,2021-04-04T15:05:00+00:00,player_history_club,pending,pending,pending
61/2020/2021-02-14/112/95,571717,Ligue1,2020,club,2021-02-14T14:00:00+00:00,player_history_club,pending,pending,pending
61/2020/2021-05-23/95/97,571851,Ligue1,2020,club,2021-05-23T19:00:00+00:00,player_history_club,pending,pending,pending
61/2020/2020-10-25/106/95,571544,Ligue1,2020,club,2020-10-25T14:00:00+00:00,player_history_club,pending,pending,pending
61/2020/2021-03-21/82/78,571766,Ligue1,2020,club,2021-03-21T14:00:00+00:00,player_history_club,pending,pending,pending
61/2020/2021-03-14/89/78,571754,Ligue1,2020,club,2021-03-14T14:00:00+00:00,player_history_club,pending,pending,pending
61/2020/2020-11-08/106/79,571563,Ligue1,2020,club,2020-11-08T12:00:00+00:00,player_history_club,pending,pending,pending
61/2020/2020-11-25/116/83,571543,Ligue1,2020,club,2020-11-25T18:00:00+00:00,player_history_club,pending,pending,pending
61/2020/2020-12-16/93/83,571618,Ligue1,2020,club,2020-12-16T18:00:00+00:00,player_history_club,pending,pending,pending
61/2020/2021-01-09/78/97,571655,Ligue1,2020,club,2021-01-09T20:00:00+00:00,player_history_club,pending,pending,pending
61/2020/2021-03-03/82/97,571747,Ligue1,2020,club,2021-03-03T20:00:00+00:00,player_history_club,pending,pending,pending
61/2020/2020-10-04/106/91,571523,Ligue1,2020,club,2020-10-04T13:00:00+00:00,player_history_club,pending,pending,pending
61/2020/2021-01-06/81/82,571646,Ligue1,2020,club,2021-01-06T20:00:00+00:00,player_history_club,pending,pending,pending
61/2020/2021-05-16/91/94,571837,Ligue1,2020,club,2021-05-16T19:00:00+00:00,player_history_club,pending,pending,pending
61/2020/2021-04-11/1063/78,571788,Ligue1,2020,club,2021-04-11T13:00:00+00:00,player_history_club,pending,pending,pending
61/2020/2021-03-21/83/97,571770,Ligue1,2020,club,2021-03-21T14:00:00+00:00,player_history_club,pending,pending,pending
61/2020/2020-11-29/97/82,571584,Ligue1,2020,club,2020-11-29T14:00:00+00:00,player_history_club,pending,pending,pending
61/2020/2020-08-23/91/93,571477,Ligue1,2020,club,2020-08-23T11:00:00+00:00,player_history_club,pending,pending,pending
61/2020/2021-05-02/97/77,571816,Ligue1,2020,club,2021-05-02T13:00:00+00:00,player_history_club,pending,pending,pending
61/2020/2021-04-30/81/95,571817,Ligue1,2020,club,2021-04-30T19:00:00+00:00,player_history_club,pending,pending,pending
61/2020/2021-05-16/79/1063,571833,Ligue1,2020,club,2021-05-16T19:00:00+00:00,player_history_club,pending,pending,pending
61/2020/2021-01-30/82/116,571690,Ligue1,2020,club,2021-01-30T16:00:00+00:00,player_history_club,pending,pending,pending
61/2020/2021-03-03/95/91,571751,Ligue1,2020,club,2021-03-03T20:00:00+00:00,player_history_club,pending,pending,pending
61/2020/2021-01-23/116/84,571672,Ligue1,2020,club,2021-01-23T16:00:00+00:00,player_history_club,pending,pending,pending
61/2020/2021-03-20/112/94,571765,Ligue1,2020,club,2021-03-20T12:00:00+00:00,player_history_club,pending,pending,pending
61/2020/2020-12-23/116/106,571633,Ligue1,2020,club,2020-12-23T18:00:00+00:00,player_history_club,pending,pending,pending
61/2020/2021-01-31/83/91,571689,Ligue1,2020,club,2021-01-31T20:00:00+00:00,player_history_club,pending,pending,pending
61/2020/2020-10-25/84/79,571549,Ligue1,2020,club,2020-10-25T16:00:00+00:00,player_history_club,pending,pending,pending
61/2020/2020-11-22/82/95,571580,Ligue1,2020,club,2020-11-22T14:00:00+00:00,player_history_club,pending,pending,pending
61/2020/2020-11-01/91/78,571556,Ligue1,2020,club,2020-11-01T16:00:00+00:00,player_history_club,pending,pending,pending
61/2020/2021-02-03/95/106,571701,Ligue1,2020,club,2021-02-03T18:00:00+00:00,player_history_club,pending,pending,pending
61/2020/2020-11-01/1063/82,571561,Ligue1,2020,club,2020-11-01T12:00:00+00:00,player_history_club,pending,pending,pending
61/2020/2021-04-04/83/84,571780,Ligue1,2020,club,2021-04-04T13:00:00+00:00,player_history_club,pending,pending,pending
61/2020/2021-05-02/106/83,571814,Ligue1,2020,club,2021-05-02T13:00:00+00:00,player_history_club,pending,pending,pending
61/2020/2020-08-30/93/79,571490,Ligue1,2020,club,2020-08-30T11:00:00+00:00,player_history_club,pending,pending,pending
61/2020/2020-12-16/94/81,571621,Ligue1,2020,club,2020-12-16T20:00:00+00:00,player_history_club,pending,pending,pending
61/2020/2021-04-25/94/89,571809,Ligue1,2020,club,2021-04-25T13:00:00+00:00,player_history_club,pending,pending,pending
61/2020/2021-01-06/80/116,571642,Ligue1,2020,club,2021-01-06T20:00:00+00:00,player_history_club,pending,pending,pending
61/2020/2021-05-08/83/78,571826,Ligue1,2020,club,2021-05-08T11:00:00+00:00,player_history_club,pending,pending,pending
61/2020/2021-01-29/80/78,571686,Ligue1,2020,club,2021-01-29T20:00:00+00:00,player_history_club,pending,pending,pending
61/2020/2021-02-21/116/89,571724,Ligue1,2020,club,2021-02-21T14:00:00+00:00,player_history_club,pending,pending,pending
61/2020/2021-02-13/80/82,571716,Ligue1,2020,club,2021-02-13T20:00:00+00:00,player_history_club,pending,pending,pending
61/2020/2020-10-02/85/77,571529,Ligue1,2020,club,2020-10-02T19:00:00+00:00,player_history_club,pending,pending,pending
61/2020/2021-05-09/93/91,571830,Ligue1,2020,club,2021-05-09T15:05:00+00:00,player_history_club,pending,pending,pending
61/2020/2020-08-30/77/78,571485,Ligue1,2020,club,2020-08-30T13:00:00+00:00,player_history_club,pending,pending,pending
61/2020/2020-09-13/91/83,571500,Ligue1,2020,club,2020-09-13T15:00:00+00:00,player_history_club,pending,pending,pending
61/2020/2021-05-09/95/82,571831,Ligue1,2020,club,2021-05-09T13:00:00+00:00,player_history_club,pending,pending,pending
61/2020/2021-02-03/116/81,571693,Ligue1,2020,club,2021-02-03T20:00:00+00:00,player_history_club,pending,pending,pending
61/2020/2021-01-17/83/116,571669,Ligue1,2020,club,2021-01-17T14:00:00+00:00,player_history_club,pending,pending,pending
61/2020/2021-02-07/82/89,571706,Ligue1,2020,club,2021-02-07T14:00:00+00:00,player_history_club,pending,pending,pending
61/2020/2021-03-10/81/94,571687,Ligue1,2020,club,2021-03-10T18:00:00+00:00,player_history_club,pending,pending,pending
61/2020/2021-04-18/78/91,571794,Ligue1,2020,club,2021-04-18T15:05:00+00:00,player_history_club,pending,pending,pending
61/2020/2020-10-31/94/106,571558,Ligue1,2020,club,2020-10-31T16:00:00+00:00,player_history_club,pending,pending,pending
61/2020/2021-02-28/92/83,571739,Ligue1,2020,club,2021-02-28T14:00:00+00:00,player_history_club,pending,pending,pending
61/2020/2021-04-16/79/82,571796,Ligue1,2020,club,2021-04-16T19:00:00+00:00,player_history_club,pending,pending,pending
61/2020/2020-11-29/91/92,571587,Ligue1,2020,club,2020-11-29T14:00:00+00:00,player_history_club,pending,pending,pending
61/2020/2020-10-25/82/93,571550,Ligue1,2020,club,2020-10-25T14:00:00+00:00,player_history_club,pending,pending,pending
61/2020/2021-01-06/93/89,571649,Ligue1,2020,club,2021-01-06T20:00:00+00:00,player_history_club,pending,pending,pending
61/2020/2021-05-16/81/77,571836,Ligue1,2020,club,2021-05-16T19:00:00+00:00,player_history_club,pending,pending,pending
61/2020/2020-09-20/82/77,571507,Ligue1,2020,club,2020-09-20T13:00:00+00:00,player_history_club,pending,pending,pending
61/2020/2020-10-24/85/89,571548,Ligue1,2020,club,2020-10-24T19:00:00+00:00,player_history_club,pending,pending,pending
61/2020/2020-12-19/112/116,571626,Ligue1,2020,club,2020-12-19T16:00:00+00:00,player_history_club,pending,pending,pending
61/2020/2021-02-20/1063/93,571728,Ligue1,2020,club,2021-02-20T12:00:00+00:00,player_history_club,pending,pending,pending
61/2020/2021-04-11/80/77,571783,Ligue1,2020,club,2021-04-11T19:00:00+00:00,player_history_club,pending,pending,pending
61/2020/2020-10-18/1063/84,571538,Ligue1,2020,club,2020-10-18T15:00:00+00:00,player_history_club,pending,pending,pending
61/2020/2021-02-28/91/106,571740,Ligue1,2020,club,2021-02-28T12:00:00+00:00,player_history_club,pending,pending,pending
61/2021/2022-02-13/106/110,718582,Ligue1,2021,club,2022-02-13T14:00:00+00:00,player_history_club,pending,pending,pending
61/2021/2021-12-05/1063/94,718520,Ligue1,2021,club,2021-12-05T12:00:00+00:00,player_history_club,pending,pending,pending
61/2021/2022-01-16/91/99,718553,Ligue1,2021,club,2022-01-16T14:00:00+00:00,player_history_club,pending,pending,pending
61/2021/2022-03-19/83/79,718637,Ligue1,2021,club,2022-03-19T20:00:00+00:00,player_history_club,pending,pending,pending
61/2021/2021-10-22/1063/77,718460,Ligue1,2021,club,2021-10-22T19:00:00+00:00,player_history_club,pending,pending,pending
61/2021/2021-10-31/82/83,718467,Ligue1,2021,club,2021-10-31T14:00:00+00:00,player_history_club,pending,pending,pending
61/2021/2022-04-24/99/77,718681,Ligue1,2021,club,2022-04-24T13:00:00+00:00,player_history_club,pending,pending,pending
61/2021/2021-10-23/79/106,718452,Ligue1,2021,club,2021-10-23T19:00:00+00:00,player_history_club,pending,pending,pending
61/2021/2021-09-22/91/1063,718417,Ligue1,2021,club,2021-09-22T17:00:00+00:00,player_history_club,pending,pending,pending
61/2021/2022-04-08/97/1063,718656,Ligue1,2021,club,2022-04-08T19:00:00+00:00,player_history_club,pending,pending,pending
61/2021/2022-05-01/78/84,718691,Ligue1,2021,club,2022-05-01T15:05:00+00:00,player_history_club,pending,pending,pending
61/2021/2021-08-08/1063/97,718358,Ligue1,2021,club,2021-08-08T13:00:00+00:00,player_history_club,pending,pending,pending
61/2021/2022-01-07/78/81,718542,Ligue1,2021,club,2022-01-07T20:00:00+00:00,player_history_club,pending,pending,pending
61/2021/2021-09-12/80/95,718394,Ligue1,2021,club,2021-09-12T18:45:00+00:00,player_history_club,pending,pending,pending
61/2021/2021-09-25/1063/84,718428,Ligue1,2021,club,2021-09-25T15:00:00+00:00,player_history_club,pending,pending,pending
61/2021/2022-04-09/99/85,718654,Ligue1,2021,club,2022-04-09T19:00:00+00:00,player_history_club,pending,pending,pending
61/2021/2022-04-15/94/91,718668,Ligue1,2021,club,2022-04-15T19:00:00+00:00,player_history_club,pending,pending,pending
61/2021/2021-09-19/99/106,718402,Ligue1,2021,club,2021-09-19T13:00:00+00:00,player_history_club,pending,pending,pending
61/2021/2022-01-19/99/95,718532,Ligue1,2021,club,2022-01-19T18:00:00+00:00,player_history_club,pending,pending,pending
61/2021/2021-08-06/91/83,718354,Ligue1,2021,club,2021-08-06T19:00:00+00:00,player_history_club,pending,pending,pending
61/2021/2021-12-05/84/95,718518,Ligue1,2021,club,2021-12-05T16:00:00+00:00,player_history_club,pending,pending,pending
61/2021/2021-11-07/93/91,718478,Ligue1,2021,club,2021-11-07T14:00:00+00:00,player_history_club,pending,pending,pending
61/2021/2021-09-12/112/110,718395,Ligue1,2021,club,2021-09-12T13:00:00+00:00,player_history_club,pending,pending,pending
61/2021/2021-09-17/95/112,718409,Ligue1,2021,club,2021-09-17T19:00:00+00:00,player_history_club,pending,pending,pending
61/2021/2021-09-25/85/82,718426,Ligue1,2021,club,2021-09-25T19:00:00+00:00,player_history_club,pending,pending,pending
61/2021/2021-08-22/112/93,718374,Ligue1,2021,club,2021-08-22T13:00:00+00:00,player_history_club,pending,pending,pending
61/2021/2022-05-06/79/91,718704,Ligue1,2021,club,2022-05-06T19:00:00+00:00,player_history_club,pending,pending,pending
61/2021/2021-12-22/82/77,718537,Ligue1,2021,club,2021-12-22T20:00:00+00:00,player_history_club,pending,pending,pending
61/2021/2022-04-03/110/93,718650,Ligue1,2021,club,2022-04-03T13:00:00+00:00,player_history_club,pending,pending,pending
61/2021/2022-04-02/79/78,718642,Ligue1,2021,club,2022-04-02T17:00:00+00:00,player_history_club,pending,pending,pending
61/2021/2021-10-03/77/112,718431,Ligue1,2021,club,2021-10-03T13:00:00+00:00,player_history_club,pending,pending,pending
61/2021/2022-04-20/93/79,718678,Ligue1,2021,club,2022-04-20T17:00:00+00:00,player_history_club,pending,pending,pending
61/2021/2021-08-15/83/112,718368,Ligue1,2021,club,2021-08-15T13:00:00+00:00,player_history_club,pending,pending,pending
61/2021/2021-09-22/79/93,718413,Ligue1,2021,club,2021-09-22T17:00:00+00:00,player_history_club,pending,pending,pending
61/2021/2021-09-22/80/110,718415,Ligue1,2021,club,2021-09-22T19:00:00+00:00,player_history_club,pending,pending,pending
61/2021/2021-08-14/79/84,718365,Ligue1,2021,club,2021-08-14T15:00:00+00:00,player_history_club,pending,pending,pending
61/2021/2021-11-28/91/95,718496,Ligue1,2021,club,2021-11-28T14:00:00+00:00,player_history_club,pending,pending,pending
61/2021/2021-08-15/77/80,718361,Ligue1,2021,club,2021-08-15T11:00:00+00:00,player_history_club,pending,pending,pending
61/2021/2022-04-20/95/94,718679,Ligue1,2021,club,2022-04-20T19:00:00+00:00,player_history_club,pending,pending,pending
61/2021/2022-03-19/116/99,718633,Ligue1,2021,club,2022-03-19T16:00:00+00:00,player_history_club,pending,pending,pending
61/2021/2022-03-20/94/112,718639,Ligue1,2021,club,2022-03-20T14:00:00+00:00,player_history_club,pending,pending,pending
61/2021/2021-10-16/99/79,718443,Ligue1,2021,club,2021-10-16T15:00:00+00:00,player_history_club,pending,pending,pending
61/2021/2022-05-08/93/116,718710,Ligue1,2021,club,2022-05-08T13:00:00+00:00,player_history_club,pending,pending,pending
61/2021/2022-03-13/77/93,718621,Ligue1,2021,club,2022-03-13T14:00:00+00:00,player_history_club,pending,pending,pending
61/2021/2021-10-17/81/97,718445,Ligue1,2021,club,2021-10-17T18:45:00+00:00,player_history_club,pending,pending,pending
61/2021/2022-05-08/112/80,718706,Ligue1,2021,club,2022-05-08T11:00:00+00:00,player_history_club,pending,pending,pending
61/2021/2021-08-22/95/110,718380,Ligue1,2021,club,2021-08-22T13:00:00+00:00,player_history_club,pending,pending,pending
61/2021/2022-01-26/77/1063,718541,Ligue1,2021,club,2022-01-26T18:00:00+00:00,player_history_club,pending,pending,pending
61/2021/2022-02-19/83/85,718596,Ligue1,2021,club,2022-02-19T20:00:00+00:00,player_history_club,pending,pending,pending
61/2021/2021-10-17/110/84,718450,Ligue1,2021,club,2021-10-17T11:00:00+00:00,player_history_club,pending,pending,pending
61/2021/2021-12-22/91/94,718536,Ligue1,2021,club,2021-12-22T20:00:00+00:00,player_history_club,pending,pending,pending
61/2021/2022-05-14/94/81,718717,Ligue1,2021,club,2022-05-14T19:00:00+00:00,player_history_club,pending,pending,pending
61/2021/2022-01-16/81/79,718552,Ligue1,2021,club,2022-01-16T19:45:00+00:00,player_history_club,pending,pending,pending
61/2021/2022-02-18/79/112,718593,Ligue1,2021,club,2022-02-18T20:00:00+00:00,player_history_club,pending,pending,pending
61/2021/2022-02-27/91/93,718606,Ligue1,2021,club,2022-02-27T12:00:00+00:00,player_history_club,pending,pending,pending
61/2021/2022-04-10/77/79,718651,Ligue1,2021,club,2022-04-10T13:00:00+00:00,player_history_club,pending,pending,pending
61/2021/2022-04-10/95/80,718660,Ligue1,2021,club,2022-04-10T17:00:00+00:00,player_history_club,pending,pending,pending
61/2021/2021-09-26/93/83,718427,Ligue1,2021,club,2021-09-26T13:00:00+00:00,player_history_club,pending,pending,pending
61/2021/2022-01-16/94/78,718557,Ligue1,2021,club,2022-01-16T12:00:00+00:00,player_history_club,pending,pending,pending
61/2021/2022-04-20/97/112,718675,Ligue1,2021,club,2022-04-20T17:00:00+00:00,player_history_club,pending,pending,pending
61/2021/2021-12-05/93/77,718519,Ligue1,2021,club,2021-12-05T14:00:00+00:00,player_history_club,pending,pending,pending
61/2021/2022-04-20/116/82,718674,Ligue1,2021,club,2022-04-20T19:00:00+00:00,player_history_club,pending,pending,pending
61/2021/2021-09-11/91/81,718396,Ligue1,2021,club,2021-09-11T19:00:00+00:00,player_history_club,pending,pending,pending
61/2021/2022-02-20/1063/95,718600,Ligue1,2021,club,2022-02-20T14:00:00+00:00,player_history_club,pending,pending,pending
61/2021/2022-05-14/82/85,718715,Ligue1,2021,club,2022-05-14T19:00:00+00:00,player_history_club,pending,pending,pending
61/2021/2021-08-08/82/81,718355,Ligue1,2021,club,2021-08-08T18:45:00+00:00,player_history_club,pending,pending,pending
61/2021/2021-12-10/83/116,718525,Ligue1,2021,club,2021-12-10T20:00:00+00:00,player_history_club,pending,pending,pending
61/2021/2021-12-12/94/84,718528,Ligue1,2021,club,2021-12-12T14:00:00+00:00,player_history_club,pending,pending,pending
61/2021/2021-08-08/94/116,718357,Ligue1,2021,club,2021-08-08T11:00:00+00:00,player_history_club,pending,pending,pending
61/2021/2021-10-31/95/97,718469,Ligue1,2021,club,2021-10-31T14:00:00+00:00,player_history_club,pending,pending,pending
61/2021/2022-05-21/85/112,718729,Ligue1,2021,club,2022-05-21T19:00:00+00:00,player_history_club,pending,pending,pending
61/2021/2022-05-14/78/97,718711,Ligue1,2021,club,2022-05-14T19:00:00+00:00,player_history_club,pending,pending,pending
61/2021/2022-05-21/116/91,718724,Ligue1,2021,club,2022-05-21T19:00:00+00:00,player_history_club,pending,pending,pending
61/2021/2021-09-10/97/79,718393,Ligue1,2021,club,2021-09-10T19:00:00+00:00,player_history_club,pending,pending,pending
61/2021/2022-04-03/95/116,718649,Ligue1,2021,club,2022-04-03T11:00:00+00:00,player_history_club,pending,pending,pending
61/2021/2022-03-04/97/80,718614,Ligue1,2021,club,2022-03-04T20:00:00+00:00,player_history_club,pending,pending,pending
61/2021/2021-09-12/106/77,718392,Ligue1,2021,club,2021-09-12T13:00:00+00:00,player_history_club,pending,pending,pending
61/2021/2022-04-24/93/81,718688,Ligue1,2021,club,2022-04-24T18:45:00+00:00,player_history_club,pending,pending,pending
61/2021/2021-10-24/94/95,718459,Ligue1,2021,club,2021-10-24T13:00:00+00:00,player_history_club,pending,pending,pending
61/2021/2022-05-01/81/80,718695,Ligue1,2021,club,2022-05-01T18:45:00+00:00,player_history_club,pending,pending,pending
61/2021/2022-02-20/84/77,718597,Ligue1,2021,club,2022-02-20T12:00:00+00:00,player_history_club,pending,pending,pending
61/2021/2021-10-03/97/99,718434,Ligue1,2021,club,2021-10-03T13:00:00+00:00,player_history_club,pending,pending,pending
61/2021/2022-03-05/116/106,718612,Ligue1,2021,club,2022-03-05T16:00:00+00:00,player_history_club,pending,pending,pending
61/2021/2022-05-01/110/79,718700,Ligue1,2021,club,2022-05-01T11:00:00+00:00,player_history_club,pending,pending,pending
61/2021/2022-04-17/85/81,718667,Ligue1,2021,club,2022-04-17T18:45:00+00:00,player_history_club,pending,pending,pending
61/2021/2021-12-22/110/106,718540,Ligue1,2021,club,2021-12-22T20:00:00+00:00,player_history_club,pending,pending,pending
61/2021/2022-04-20/106/80,718673,Ligue1,2021,club,2022-04-20T19:00:00+00:00,player_history_club,pending,pending,pending
61/2021/2022-02-13/99/1063,718583,Ligue1,2021,club,2022-02-13T14:00:00+00:00,player_history_club,pending,pending,pending
61/2021/2021-12-22/80/112,718534,Ligue1,2021,club,2021-12-22T20:00:00+00:00,player_history_club,pending,pending,pending
61/2021/2021-09-22/82/78,718418,Ligue1,2021,club,2021-09-22T17:00:00+00:00,player_history_club,pending,pending,pending
61/2021/2021-12-01/106/1063,718502,Ligue1,2021,club,2021-12-01T18:00:00+00:00,player_history_club,pending,pending,pending
61/2021/2021-10-30/80/116,718465,Ligue1,2021,club,2021-10-30T19:00:00+00:00,player_history_club,pending,pending,pending
61/2021/2022-02-06/84/99,718575,Ligue1,2021,club,2022-02-06T14:00:00+00:00,player_history_club,pending,pending,pending
61/2021/2021-10-03/1063/80,718440,Ligue1,2021,club,2021-10-03T18:45:00+00:00,player_history_club,pending,pending,pending
61/2021/2022-04-24/84/110,718686,Ligue1,2021,club,2022-04-24T13:00:00+00:00,player_history_club,pending,pending,pending
61/2021/2021-12-11/93/1063,718527,Ligue1,2021,club,2021-12-11T20:00:00+00:00,player_history_club,pending,pending,pending
61/2021/2022-04-03/82/106,718645,Ligue1,2021,club,2022-04-03T13:00:00+00:00,player_history_club,pending,pending,pending
61/2021/2022-04-02/84/94,718646,Ligue1,2021,club,2022-04-02T15:00:00+00:00,player_history_club,pending,pending,pending
61/2021/2022-02-20/81/99,718595,Ligue1,2021,club,2022-02-20T19:45:00+00:00,player_history_club,pending,pending,pending
61/2021/2021-11-27/84/112,718498,Ligue1,2021,club,2021-11-27T20:00:00+00:00,player_history_club,pending,pending,pending
61/2022/2023-04-30/99/93,871791,Ligue1,2022,club,2023-04-30T13:00:00+00:00,player_history_club,pending,pending,pending
61/2022/2023-05-27/77/110,871830,Ligue1,2022,club,2023-05-27T19:00:00+00:00,player_history_club,pending,pending,pending
61/2022/2023-05-19/80/91,871826,Ligue1,2022,club,2023-05-19T19:00:00+00:00,player_history_club,pending,pending,pending
61/2022/2023-02-11/99/81,871692,Ligue1,2022,club,2023-02-11T20:00:00+00:00,player_history_club,pending,pending,pending
61/2022/2022-12-28/98/77,871620,Ligue1,2022,club,2022-12-28T14:00:00+00:00,player_history_club,pending,pending,pending
61/2022/2022-10-14/95/79,871576,Ligue1,2022,club,2022-10-14T19:00:00+00:00,player_history_club,pending,pending,pending
61/2022/2023-01-15/91/98,871650,Ligue1,2022,club,2023-01-15T16:05:00+00:00,player_history_club,pending,pending,pending
61/2022/2023-05-27/94/91,871838,Ligue1,2022,club,2023-05-27T19:00:00+00:00,player_history_club,pending,pending,pending
61/2022/2023-05-07/108/99,871801,Ligue1,2022,club,2023-05-07T13:00:00+00:00,player_history_club,pending,pending,pending
61/2022/2022-12-28/108/91,871621,Ligue1,2022,club,2022-12-28T16:00:00+00:00,player_history_club,pending,pending,pending
61/2022/2022-11-06/81/80,871606,Ligue1,2022,club,2022-11-06T19:45:00+00:00,player_history_club,pending,pending,pending
61/2022/2022-10-16/108/84,871570,Ligue1,2022,club,2022-10-16T13:00:00+00:00,player_history_club,pending,pending,pending
61/2022/2023-01-11/83/80,871644,Ligue1,2022,club,2023-01-11T18:00:00+00:00,player_history_club,pending,pending,pending
61/2022/2023-06-03/83/77,871844,Ligue1,2022,club,2023-06-03T19:00:00+00:00,player_history_club,pending,pending,pending
61/2022/2023-01-01/91/106,871630,Ligue1,2022,club,2023-01-01T14:00:00+00:00,player_history_club,pending,pending,pending
61/2022/2022-09-18/81/94,871547,Ligue1,2022,club,2022-09-18T13:00:00+00:00,player_history_club,pending,pending,pending
61/2022/2022-10-30/108/98,871590,Ligue1,2022,club,2022-10-30T12:00:00+00:00,player_history_club,pending,pending,pending
61/2022/2023-02-04/85/96,871685,Ligue1,2022,club,2023-02-04T16:00:00+00:00,player_history_club,pending,pending,pending
61/2022/2022-08-13/91/94,871482,Ligue1,2022,club,2022-08-13T15:00:00+00:00,player_history_club,pending,pending,pending
61/2022/2023-05-27/81/106,871835,Ligue1,2022,club,2023-05-27T19:00:00+00:00,player_history_club,pending,pending,pending
61/2022/2023-05-06/84/94,871805,Ligue1,2022,club,2023-05-06T15:00:00+00:00,player_history_club,pending,pending,pending
61/2022/2023-02-12/96/94,871699,Ligue1,2022,club,2023-02-12T12:00:00+00:00,player_history_club,pending,pending,pending
61/2022/2023-01-27/97/94,871663,Ligue1,2022,club,2023-01-27T20:00:00+00:00,player_history_club,pending,pending,pending
61/2022/2023-03-12/77/96,871733,Ligue1,2022,club,2023-03-12T14:00:00+00:00,player_history_club,pending,pending,pending
61/2022/2022-12-28/99/79,871622,Ligue1,2022,club,2022-12-28T18:00:00+00:00,player_history_club,pending,pending,pending
61/2022/2022-11-13/79/77,871612,Ligue1,2022,club,2022-11-13T14:00:00+00:00,player_history_club,pending,pending,pending
61/2022/2022-11-12/116/99,871616,Ligue1,2022,club,2022-11-12T16:00:00+00:00,player_history_club,pending,pending,pending
61/2022/2022-10-30/83/99,871593,Ligue1,2022,club,2022-10-30T14:00:00+00:00,player_history_club,pending,pending,pending
61/2022/2023-04-23/83/110,871784,Ligue1,2022,club,2023-04-23T13:00:00+00:00,player_history_club,pending,pending,pending
61/2022/2022-11-11/80/84,871614,Ligue1,2022,club,2022-11-11T20:00:00+00:00,player_history_club,pending,pending,pending
61/2022/2023-06-03/85/99,871846,Ligue1,2022,club,2023-06-03T19:00:00+00:00,player_history_club,pending,pending,pending
61/2022/2022-09-07/97/80,871483,Ligue1,2022,club,2022-09-07T17:00:00+00:00,player_history_club,pending,pending,pending
61/2022/2023-02-26/83/94,871715,Ligue1,2022,club,2023-02-26T14:00:00+00:00,player_history_club,pending,pending,pending
61/2022/2023-02-17/108/80,871700,Ligue1,2022,club,2023-02-17T20:00:00+00:00,player_history_club,pending,pending,pending
61/2022/2022-10-01/95/94,871557,Ligue1,2022,club,2022-10-01T15:00:00+00:00,player_history_club,pending,pending,pending
61/2022/2023-02-01/91/108,871673,Ligue1,2022,club,2023-02-01T20:00:00+00:00,player_history_club,pending,pending,pending
61/2022/2023-01-11/97/91,871643,Ligue1,2022,club,2023-01-11T20:00:00+00:00,player_history_club,pending,pending,pending
61/2022/2022-08-31/77/93,871511,Ligue1,2022,club,2022-08-31T17:00:00+00:00,player_history_club,pending,pending,pending
61/2022/2022-09-11/97/83,871533,Ligue1,2022,club,2022-09-11T13:00:00+00:00,player_history_club,pending,pending,pending
61/2022/2022-10-09/94/83,871568,Ligue1,2022,club,2022-10-09T15:05:00+00:00,player_history_club,pending,pending,pending
61/2022/2023-03-05/94/81,871726,Ligue1,2022,club,2023-03-05T19:45:00+00:00,player_history_club,pending,pending,pending
61/2022/2023-05-06/116/81,871807,Ligue1,2022,club,2023-05-06T19:00:00+00:00,player_history_club,pending,pending,pending
61/2022/2023-03-03/84/108,871721,Ligue1,2022,club,2023-03-03T20:00:00+00:00,player_history_club,pending,pending,pending
61/2022/2022-12-29/84/116,871624,Ligue1,2022,club,2022-12-29T20:00:00+00:00,player_history_club,pending,pending,pending
61/2022/2023-05-27/116/98,871836,Ligue1,2022,club,2023-05-27T19:00:00+00:00,player_history_club,pending,pending,pending
61/2022/2022-08-28/83/96,871503,Ligue1,2022,club,2022-08-28T11:00:00+00:00,player_history_club,pending,pending,pending
61/2022/2022-11-06/93/83,871607,Ligue1,2022,club,2022-11-06T14:00:00+00:00,player_history_club,pending,pending,pending
61/2022/2022-11-06/97/85,871603,Ligue1,2022,club,2022-11-06T12:00:00+00:00,player_history_club,pending,pending,pending
61/2022/2022-12-29/97/82,871623,Ligue1,2022,club,2022-12-29T16:00:00+00:00,player_history_club,pending,pending,pending
61/2022/2023-05-07/80/82,871806,Ligue1,2022,club,2023-05-07T15:05:00+00:00,player_history_club,pending,pending,pending
61/2022/2023-02-19/116/83,871704,Ligue1,2022,club,2023-02-19T16:05:00+00:00,player_history_club,pending,pending,pending
61/2022/2022-08-31/80/108,871514,Ligue1,2022,club,2022-08-31T17:00:00+00:00,player_history_club,pending,pending,pending
61/2022/2023-05-21/84/96,871825,Ligue1,2022,club,2023-05-21T13:00:00+00:00,player_history_club,pending,pending,pending
61/2022/2022-10-30/97/84,871592,Ligue1,2022,club,2022-10-30T16:05:00+00:00,player_history_club,pending,pending,pending
61/2022/2023-05-27/95/85,871837,Ligue1,2022,club,2023-05-27T19:00:00+00:00,player_history_club,pending,pending,pending
61/2022/2023-01-01/116/85,871634,Ligue1,2022,club,2023-01-01T19:45:00+00:00,player_history_club,pending,pending,pending
61/2022/2023-02-26/81/85,871718,Ligue1,2022,club,2023-02-26T19:45:00+00:00,player_history_club,pending,pending,pending
61/2022/2022-08-14/98/116,871480,Ligue1,2022,club,2022-08-14T13:00:00+00:00,player_history_club,pending,pending,pending
61/2022/2023-02-18/84/93,871702,Ligue1,2022,club,2023-02-18T16:00:00+00:00,player_history_club,pending,pending,pending
61/2022/2023-05-14/91/79,871810,Ligue1,2022,club,2023-05-14T15:05:00+00:00,player_history_club,pending,pending,pending
61/2022/2023-04-02/99/98,871753,Ligue1,2022,club,2023-04-02T13:00:00+00:00,player_history_club,pending,pending,pending
61/2022/2023-02-12/80/116,871697,Ligue1,2022,club,2023-02-12T19:45:00+00:00,player_history_club,pending,pending,pending
61/2022/2022-10-30/80/79,871594,Ligue1,2022,club,2022-10-30T19:45:00+00:00,player_history_club,pending,pending,pending
61/2022/2023-01-29/99/83,871662,Ligue1,2022,club,2023-01-29T14:00:00+00:00,player_history_club,pending,pending,pending
61/2022/2022-10-09/99/108,871561,Ligue1,2022,club,2022-10-09T13:00:00+00:00,player_history_club,pending,pending,pending
61/2022/2023-05-07/83/95,871804,Ligue1,2022,club,2023-05-07T13:00:00+00:00,player_history_club,pending,pending,pending
61/2022/2023-01-29/98/80,871660,Ligue1,2022,club,2023-01-29T16:05:00+00:00,player_history_club,pending,pending,pending
61/2022/2023-01-14/116/108,871656,Ligue1,2022,club,2023-01-14T16:00:00+00:00,player_history_club,pending,pending,pending
61/2022/2023-04-16/79/82,871773,Ligue1,2022,club,2023-04-16T11:00:00+00:00,player_history_club,pending,pending,pending
61/2022/2022-08-21/82/108,871494,Ligue1,2022,club,2022-08-21T13:00:00+00:00,player_history_club,pending,pending,pending
61/2022/2022-08-28/97/99,871502,Ligue1,2022,club,2022-08-28T13:00:00+00:00,player_history_club,pending,pending,pending
61/2022/2022-11-06/79/94,871604,Ligue1,2022,club,2022-11-06T16:05:00+00:00,player_history_club,pending,pending,pending
61/2022/2023-02-19/96/81,871708,Ligue1,2022,club,2023-02-19T19:45:00+00:00,player_history_club,pending,pending,pending
61/2022/2023-02-01/94/95,871678,Ligue1,2022,club,2023-02-01T20:00:00+00:00,player_history_club,pending,pending,pending
61/2022/2023-02-05/108/93,871681,Ligue1,2022,club,2023-02-05T14:00:00+00:00,player_history_club,pending,pending,pending
61/2022/2022-10-09/79/116,871562,Ligue1,2022,club,2022-10-09T18:45:00+00:00,player_history_club,pending,pending,pending
61/2022/2022-08-21/95/93,871497,Ligue1,2022,club,2022-08-21T11:00:00+00:00,player_history_club,pending,pending,pending
61/2022/2023-04-09/98/108,871760,Ligue1,2022,club,2023-04-09T13:00:00+00:00,player_history_club,pending,pending,pending
61/2022/2023-05-14/96/83,871819,Ligue1,2022,club,2023-05-14T14:30:00+00:00,player_history_club,pending,pending,pending
61/2022/2023-06-03/106/94,871847,Ligue1,2022,club,2023-06-03T19:00:00+00:00,player_history_club,pending,pending,pending
61/2022/2022-09-16/108/97,871540,Ligue1,2022,club,2022-09-16T19:00:00+00:00,player_history_club,pending,pending,pending
61/2022/2023-03-10/79/80,871737,Ligue1,2022,club,2023-03-10T20:00:00+00:00,player_history_club,pending,pending,pending
61/2022/2023-02-25/82/116,871717,Ligue1,2022,club,2023-02-25T20:00:00+00:00,player_history_club,pending,pending,pending
61/2022/2022-08-05/80/98,871474,Ligue1,2022,club,2022-08-05T19:00:00+00:00,player_history_club,pending,pending,pending
61/2022/2023-02-26/91/84,871711,Ligue1,2022,club,2023-02-26T16:05:00+00:00,player_history_club,pending,pending,pending
61/2022/2023-05-27/79/83,871832,Ligue1,2022,club,2023-05-27T19:00:00+00:00,player_history_club,pending,pending,pending
61/2022/2023-05-03/106/83,871796,Ligue1,2022,club,2023-05-03T19:00:00+00:00,player_history_club,pending,pending,pending
61/2022/2023-04-23/84/99,871786,Ligue1,2022,club,2023-04-23T13:00:00+00:00,player_history_club,pending,pending,pending
61/2022/2023-02-05/95/82,871686,Ligue1,2022,club,2023-02-05T14:00:00+00:00,player_history_club,pending,pending,pending
61/2022/2022-08-28/85/91,871505,Ligue1,2022,club,2022-08-28T18:45:00+00:00,player_history_club,pending,pending,pending
61/2022/2023-02-19/94/99,871707,Ligue1,2022,club,2023-02-19T14:00:00+00:00,player_history_club,pending,pending,pending
61/2022/2023-03-31/81/82,871756,Ligue1,2022,club,2023-03-31T19:00:00+00:00,player_history_club,pending,pending,pending
61/2022/2023-02-12/82/106,871695,Ligue1,2022,club,2023-02-12T14:00:00+00:00,player_history_club,pending,pending,pending
61/2022/2023-01-01/83/108,871631,Ligue1,2022,club,2023-01-01T14:00:00+00:00,player_history_club,pending,pending,pending
61/2022/2023-01-01/96/98,871636,Ligue1,2022,club,2023-01-01T14:00:00+00:00,player_history_club,pending,pending,pending
61/2022/2023-05-21/108/85,871821,Ligue1,2022,club,2023-05-21T18:45:00+00:00,player_history_club,pending,pending,pending
61/2022/2023-03-12/83/84,871736,Ligue1,2022,club,2023-03-12T14:00:00+00:00,player_history_club,pending,pending,pending
61/2022/2023-03-12/97/110,871735,Ligue1,2022,club,2023-03-12T14:00:00+00:00,player_history_club,pending,pending,pending
61/2022/2023-01-11/95/116,871647,Ligue1,2022,club,2023-01-11T20:00:00+00:00,player_history_club,pending,pending,pending
61/2022/2022-10-23/93/108,871587,Ligue1,2022,club,2022-10-23T13:00:00+00:00,player_history_club,pending,pending,pending
61/2023/2024-03-03/106/111,1045096,Ligue1,2023,club,2024-03-03T14:00:00+00:00,player_history_club,pending,pending,pending
61/2023/2024-03-31/81/85,1045116,Ligue1,2023,club,2024-03-31T18:45:00+00:00,player_history_club,pending,pending,pending
61/2023/2023-09-16/116/112,1044925,Ligue1,2023,club,2023-09-16T19:00:00+00:00,player_history_club,pending,pending,pending
61/2023/2023-09-03/80/85,1044911,Ligue1,2023,club,2023-09-03T18:45:00+00:00,player_history_club,pending,pending,pending
61/2023/2024-04-26/82/83,1045159,Ligue1,2023,club,2024-04-26T19:00:00+00:00,player_history_club,pending,pending,pending
61/2023/2024-03-02/99/81,1045092,Ligue1,2023,club,2024-03-02T20:00:00+00:00,player_history_club,pending,pending,pending
61/2023/2024-01-14/79/97,1045037,Ligue1,2023,club,2024-01-14T12:00:00+00:00,player_history_club,pending,pending,pending
61/2023/2024-02-11/84/91,1045065,Ligue1,2023,club,2024-02-11T19:45:00+00:00,player_history_club,pending,pending,pending
61/2023/2023-12-20/99/94,1045030,Ligue1,2023,club,2023-12-20T20:00:00+00:00,player_history_club,pending,pending,pending
61/2023/2024-02-25/111/93,1045086,Ligue1,2023,club,2024-02-25T14:00:00+00:00,player_history_club,pending,pending,pending
61/2023/2023-08-20/111/106,1044897,Ligue1,2023,club,2023-08-20T13:00:00+00:00,player_history_club,pending,pending,pending
61/2023/2024-02-25/116/91,1045085,Ligue1,2023,club,2024-02-25T12:00:00+00:00,player_history_club,pending,pending,pending
61/2023/2023-12-01/93/95,1045002,Ligue1,2023,club,2023-12-01T20:00:00+00:00,player_history_club,pending,pending,pending
61/2023/2023-08-13/83/96,1044887,Ligue1,2023,club,2023-08-13T13:00:00+00:00,player_history_club,pending,pending,pending
61/2023/2024-04-14/111/83,1045140,Ligue1,2023,club,2024-04-14T11:00:00+00:00,player_history_club,pending,pending,pending
61/2023/2023-09-24/116/96,1044929,Ligue1,2023,club,2023-09-24T13:00:00+00:00,player_history_club,pending,pending,pending
61/2023/2024-05-19/112/85,1045186,Ligue1,2023,club,2024-05-19T19:00:00+00:00,player_history_club,pending,pending,pending
61/2023/2024-02-11/111/94,1045068,Ligue1,2023,club,2024-02-11T12:00:00+00:00,player_history_club,pending,pending,pending
61/2023/2024-01-28/96/116,1045044,Ligue1,2023,club,2024-01-28T16:05:00+00:00,player_history_club,pending,pending,pending
61/2023/2023-11-24/85/91,1044989,Ligue1,2023,club,2023-11-24T20:00:00+00:00,player_history_club,pending,pending,pending
61/2023/2024-03-03/80/116,1045091,Ligue1,2023,club,2024-03-03T19:45:00+00:00,player_history_club,pending,pending,pending
61/2023/2024-02-02/95/85,1045052,Ligue1,2023,club,2024-02-02T20:00:00+00:00,player_history_club,pending,pending,pending
61/2023/2024-01-28/97/111,1045046,Ligue1,2023,club,2024-01-28T14:00:00+00:00,player_history_club,pending,pending,pending
61/2023/2023-11-10/82/84,1044987,Ligue1,2023,club,2023-11-10T20:00:00+00:00,player_history_club,pending,pending,pending
61/2023/2024-04-06/116/111,1045129,Ligue1,2023,club,2024-04-06T15:00:00+00:00,player_history_club,pending,pending,pending
61/2023/2023-11-05/83/93,1044979,Ligue1,2023,club,2023-11-05T14:00:00+00:00,player_history_club,pending,pending,pending
61/2023/2023-12-03/106/99,1045006,Ligue1,2023,club,2023-12-03T14:00:00+00:00,player_history_club,pending,pending,pending
61/2023/2023-12-09/94/91,1045009,Ligue1,2023,club,2023-12-09T16:00:00+00:00,player_history_club,pending,pending,pending
61/2023/2024-03-03/96/84,1045089,Ligue1,2023,club,2024-03-03T12:00:00+00:00,player_history_club,pending,pending,pending
61/2023/2024-05-12/99/80,1045174,Ligue1,2023,club,2024-05-12T19:00:00+00:00,player_history_club,pending,pending,pending
61/2023/2023-09-22/91/84,1044927,Ligue1,2023,club,2023-09-22T19:00:00+00:00,player_history_club,pending,pending,pending
61/2023/2024-03-16/116/84,1045111,Ligue1,2023,club,2024-03-16T20:00:00+00:00,player_history_club,pending,pending,pending
61/2023/2023-10-29/94/95,1044962,Ligue1,2023,club,2023-10-29T16:05:00+00:00,player_history_club,pending,pending,pending
61/2023/2023-12-10/80/96,1045011,Ligue1,2023,club,2023-12-10T16:05:00+00:00,player_history_club,pending,pending,pending
61/2023/2023-09-26/79/93,1044928,Ligue1,2023,club,2023-09-26T19:00:00+00:00,player_history_club,pending,pending,pending
61/2023/2024-04-12/112/116,1045141,Ligue1,2023,club,2024-04-12T19:00:00+00:00,player_history_club,pending,pending,pending
61/2023/2023-11-26/80/79,1044993,Ligue1,2023,club,2023-11-26T19:45:00+00:00,player_history_club,pending,pending,pending
61/2023/2023-08-27/95/96,1044900,Ligue1,2023,club,2023-08-27T13:00:00+00:00,player_history_club,pending,pending,pending
61/2023/2024-05-03/96/82,1045160,Ligue1,2023,club,2024-05-03T17:00:00+00:00,player_history_club,pending,pending,pending
61/2023/2024-05-19/80/95,1045182,Ligue1,2023,club,2024-05-19T19:00:00+00:00,player_history_club,pending,pending,pending
61/2023/2023-10-01/84/106,1044940,Ligue1,2023,club,2023-10-01T13:00:00+00:00,player_history_club,pending,pending,pending
61/2023/2023-10-29/106/85,1044970,Ligue1,2023,club,2023-10-29T12:00:00+00:00,player_history_club,pending,pending,pending
61/2023/2023-12-10/99/79,1045013,Ligue1,2023,club,2023-12-10T14:00:00+00:00,player_history_club,pending,pending,pending
61/2023/2024-01-13/91/93,1045036,Ligue1,2023,club,2024-01-13T16:00:00+00:00,player_history_club,pending,pending,pending
61/2023/2023-11-12/116/81,1044984,Ligue1,2023,club,2023-11-12T19:45:00+00:00,player_history_club,pending,pending,pending
61/2023/2023-12-06/81/80,1044963,Ligue1,2023,club,2023-12-06T20:00:00+00:00,player_history_club,pending,pending,pending
61/2023/2024-04-20/116/99,1045147,Ligue1,2023,club,2024-04-20T19:00:00+00:00,player_history_club,pending,pending,pending
61/2023/2024-02-04/93/96,1045057,Ligue1,2023,club,2024-02-04T14:00:00+00:00,player_history_club,pending,pending,pending
61/2023/2024-03-10/111/96,1045104,Ligue1,2023,club,2024-03-10T14:00:00+00:00,player_history_club,pending,pending,pending
61/2023/2024-04-07/91/94,1045126,Ligue1,2023,club,2024-04-07T15:05:00+00:00,player_history_club,pending,pending,pending
61/2023/2023-12-17/96/94,1045016,Ligue1,2023,club,2023-12-17T14:00:00+00:00,player_history_club,pending,pending,pending
61/2023/2024-02-04/106/84,1045060,Ligue1,2023,club,2024-02-04T16:05:00+00:00,player_history_club,pending,pending,pending
61/2023/2024-03-29/79/116,1045118,Ligue1,2023,club,2024-03-29T20:00:00+00:00,player_history_club,pending,pending,pending
61/2023/2024-05-04/112/94,1045167,Ligue1,2023,club,2024-05-04T17:00:00+00:00,player_history_club,pending,pending,pending
61/2023/2024-02-17/79/111,1045073,Ligue1,2023,club,2024-02-17T16:00:00+00:00,player_history_club,pending,pending,pending
61/2023/2024-04-21/111/112,1045149,Ligue1,2023,club,2024-04-21T13:00:00+00:00,player_history_club,pending,pending,pending
61/2023/2024-02-18/82/112,1045077,Ligue1,2023,club,2024-02-18T14:00:00+00:00,player_history_club,pending,pending,pending
61/2023/2023-08-26/85/116,1044899,Ligue1,2023,club,2023-08-26T19:00:00+00:00,player_history_club,pending,pending,pending
61/2023/2024-05-19/116/82,1045184,Ligue1,2023,club,2024-05-19T19:00:00+00:00,player_history_club,pending,pending,pending
61/2023/2023-11-11/93/85,1044983,Ligue1,2023,club,2023-11-11T16:00:00+00:00,player_history_club,pending,pending,pending
61/2023/2024-01-12/81/95,1045035,Ligue1,2023,club,2024-01-12T20:00:00+00:00,player_history_club,pending,pending,pending
61/2023/2023-11-04/97/116,1044975,Ligue1,2023,club,2023-11-04T16:00:00+00:00,player_history_club,pending,pending,pending
61/2023/2024-02-03/83/116,1045058,Ligue1,2023,club,2024-02-03T20:00:00+00:00,player_history_club,pending,pending,pending
61/2023/2023-09-17/97/91,1044921,Ligue1,2023,club,2023-09-17T11:00:00+00:00,player_history_club,pending,pending,pending
61/2023/2024-05-19/111/81,1045185,Ligue1,2023,club,2024-05-19T19:00:00+00:00,player_history_club,pending,pending,pending
61/2023/2023-10-21/84/81,1044959,Ligue1,2023,club,2023-10-21T19:00:00+00:00,player_history_club,pending,pending,pending
61/2023/2024-02-11/99/106,1045066,Ligue1,2023,club,2024-02-11T14:00:00+00:00,player_history_club,pending,pending,pending
61/2023/2024-04-21/85/80,1045142,Ligue1,2023,club,2024-04-21T19:00:00+00:00,player_history_club,pending,pending,pending
61/2023/2023-12-17/97/95,1045018,Ligue1,2023,club,2023-12-17T14:00:00+00:00,player_history_club,pending,pending,pending
61/2023/2023-09-23/83/97,1044930,Ligue1,2023,club,2023-09-23T15:00:00+00:00,player_history_club,pending,pending,pending
61/2023/2023-08-20/91/95,1044892,Ligue1,2023,club,2023-08-20T17:00:00+00:00,player_history_club,pending,pending,pending
61/2023/2024-04-14/99/82,1045139,Ligue1,2023,club,2024-04-14T13:00:00+00:00,player_history_club,pending,pending,pending
61/2023/2023-12-16/116/93,1045021,Ligue1,2023,club,2023-12-16T20:00:00+00:00,player_history_club,pending,pending,pending
61/2023/2023-12-16/111/84,1045023,Ligue1,2023,club,2023-12-16T16:00:00+00:00,player_history_club,pending,pending,pending
61/2023/2024-04-24/97/85,1045136,Ligue1,2023,club,2024-04-24T17:00:00+00:00,player_history_club,pending,pending,pending
61/2023/2024-03-17/91/97,1045108,Ligue1,2023,club,2024-03-17T14:00:00+00:00,player_history_club,pending,pending,pending
61/2023/2024-02-04/112/97,1045059,Ligue1,2023,club,2024-02-04T14:00:00+00:00,player_history_club,pending,pending,pending
61/2023/2023-10-29/79/91,1044964,Ligue1,2023,club,2023-10-29T14:00:00+00:00,player_history_club,pending,pending,pending
61/2023/2024-01-14/116/85,1045042,Ligue1,2023,club,2024-01-14T19:45:00+00:00,player_history_club,pending,pending,pending
61/2023/2023-09-23/106/80,1044934,Ligue1,2023,club,2023-09-23T19:00:00+00:00,player_history_club,pending,pending,pending
61/2023/2023-12-08/82/116,1045015,Ligue1,2023,club,2023-12-08T20:00:00+00:00,player_history_club,pending,pending,pending
61/2023/2024-05-30/1063/112,1201624,Ligue1,2023,club,2024-05-30T18:30:00+00:00,player_history_club,pending,pending,pending
61/2023/2023-12-20/82/81,1045032,Ligue1,2023,club,2023-12-20T20:00:00+00:00,player_history_club,pending,pending,pending
61/2023/2023-10-28/116/83,1044967,Ligue1,2023,club,2023-10-28T19:00:00+00:00,player_history_club,pending,pending,pending
61/2023/2024-05-04/111/95,1045166,Ligue1,2023,club,2024-05-04T13:00:00+00:00,player_history_club,pending,pending,pending
61/2023/2023-11-25/95/81,1044990,Ligue1,2023,club,2023-11-25T20:00:00+00:00,player_history_club,pending,pending,pending
61/2023/2024-03-17/94/81,1045106,Ligue1,2023,club,2024-03-17T16:05:00+00:00,player_history_club,pending,pending,pending
61/2023/2023-08-13/106/116,1044889,Ligue1,2023,club,2023-08-13T11:00:00+00:00,player_history_club,pending,pending,pending
61/2023/2024-02-09/81/112,1045063,Ligue1,2023,club,2024-02-09T20:00:00+00:00,player_history_club,pending,pending,pending
61/2023/2023-12-07/106/95,1044988,Ligue1,2023,club,2023-12-07T19:30:00+00:00,player_history_club,pending,pending,pending
61/2023/2023-11-04/81/79,1044974,Ligue1,2023,club,2023-11-04T20:00:00+00:00,player_history_club,pending,pending,pending
61/2023/2023-08-20/116/94,1044896,Ligue1,2023,club,2023-08-20T18:45:00+00:00,player_history_club,pending,pending,pending
61/2023/2024-02-18/94/99,1045071,Ligue1,2023,club,2024-02-18T14:00:00+00:00,player_history_club,pending,pending,pending
61/2023/2024-02-11/82/80,1045069,Ligue1,2023,club,2024-02-11T16:05:00+00:00,player_history_club,pending,pending,pending
61/2023/2024-03-17/82/85,1045113,Ligue1,2023,club,2024-03-17T19:45:00+00:00,player_history_club,pending,pending,pending
61/2023/2023-11-25/99/116,1044995,Ligue1,2023,club,2023-11-25T16:00:00+00:00,player_history_club,pending,pending,pending
61/2023/2023-11-11/111/91,1044985,Ligue1,2023,club,2023-11-11T20:00:00+00:00,player_history_club,pending,pending,pending
61/2023/2024-02-04/80/81,1045056,Ligue1,2023,club,2024-02-04T19:45:00+00:00,player_history_club,pending,pending,pending
61/2023/2024-02-18/95/97,1045070,Ligue1,2023,club,2024-02-18T12:00:00+00:00,player_history_club,pending,pending,pending
61/2023/2023-09-17/93/106,1044924,Ligue1,2023,club,2023-09-17T13:00:00+00:00,player_history_club,pending,pending,pending
