canonical_match_id,sb_match_id,competition_label,season,kickoff_date,lake_sha256,lake_local_path,bridge_id,bridge_confidence,reconciliation_status,home_team_id,away_team_id,target_wdl,reg_home_goals,reg_away_goals,n_events,n_shots,n_shots_with_xg,xg_coverage,xg_fraction_shots,xg_present_snapshot_fraction,max_regulation_minute,has_extra_time,snapshot_count,target_eligible_wdl,target_eligible_xg,target_eligible_event_process,target_eligible_residual,target_eligible_near_term,target_eligible_discipline,target_eligible_power,exclusion_reason,primary_fold,loco_fold,is_2026_wc_excluded
fifa_world_cup_2018__sb7525,7525,FIFA World Cup 2018,2018,2018-06-14,bc04e7442328cc43d52e3e2e549d926b366f40ec0a443fa99e4d58210e8484e5,objects/bc/bc04e7442328cc43d52e3e2e549d926b366f40ec0a443fa99e4d58210e8484e5.json,425bbddb81ab0ac2,exact,mismatch_regulation_goals,796,799,H,3,0,3318,20,20,available_verified,1.0,0.9151,94.8,False,106,True,True,True,True,True,True,True,,0,FIFA World Cup 2018,False
fifa_world_cup_2018__sb7529,7529,FIFA World Cup 2018,2018,2018-06-16,20e43592bb389db6689447595d5f0dd82abf7c11189e70b68c3a3587d74bc214,objects/20/20e43592bb389db6689447595d5f0dd82abf7c11189e70b68c3a3587d74bc214.json,fdf321435822c18c,exact,exact,785,775,H,2,0,3320,24,24,available_verified,1.0,0.8978,94.15,False,137,True,True,True,True,True,True,True,,0,FIFA World Cup 2018,False
fifa_world_cup_2018__sb7530,7530,FIFA World Cup 2018,2018,2018-06-16,0e4a1f824d3539b210ba58de4bc4d6cb9f34466b4a7059df0d2b5bfe0a7a3370,objects/0e/0e4a1f824d3539b210ba58de4bc4d6cb9f34466b4a7059df0d2b5bfe0a7a3370.json,f2e922ec67e64d0e,exact,exact,771,792,H,2,1,3472,17,17,available_verified,1.0,0.9574,95.483,False,94,True,True,True,True,True,True,True,,0,FIFA World Cup 2018,False
fifa_world_cup_2018__sb7531,7531,FIFA World Cup 2018,2018,2018-06-16,4fb8cc5585b17b8cdadad272697eb66029554b230fcc743aec9276a23093857a,objects/4f/4fb8cc5585b17b8cdadad272697eb66029554b230fcc743aec9276a23093857a.json,7634c38e509a7aa4,exact,exact,779,793,D,1,1,3599,37,37,available_verified,1.0,0.9942,95.017,False,173,True,True,True,True,True,True,True,,0,FIFA World Cup 2018,False
fifa_world_cup_2018__sb7532,7532,FIFA World Cup 2018,2018,2018-06-16,963b9082b9e84915f4414e201db60293ea321dff575c5d3a6cf91f7487fca9bb,objects/96/963b9082b9e84915f4414e201db60293ea321dff575c5d3a6cf91f7487fca9bb.json,b51a6bdbbf6454a2,exact,exact,784,776,A,0,1,3097,28,28,available_verified,1.0,0.9603,95.117,False,151,True,True,True,True,True,True,True,,0,FIFA World Cup 2018,False
fifa_world_cup_2018__sb7533,7533,FIFA World Cup 2018,2018,2018-06-17,c3f4468ddeb33d0d6322a55eb0dbbf570782afb8cc044eab12c03fc004ee2832,objects/c3/c3f4468ddeb33d0d6322a55eb0dbbf570782afb8cc044eab12c03fc004ee2832.json,a34feb385ff3abe9,exact,exact,781,773,D,1,1,4010,28,28,available_verified,1.0,0.9776,96.45,False,134,True,True,True,True,True,True,True,,0,FIFA World Cup 2018,False
fifa_world_cup_2018__sb7534,7534,FIFA World Cup 2018,2018,2018-06-17,1b6b98fd6627e42174cc09416a131ef5d2f04951e43c9dcb6125b8c24b2b9eb2,objects/1b/1b6b98fd6627e42174cc09416a131ef5d2f04951e43c9dcb6125b8c24b2b9eb2.json,add53dc4ba98ae88,exact,exact,770,794,A,0,1,3704,38,38,available_verified,1.0,0.9831,93.167,False,177,True,True,True,True,True,True,True,,0,FIFA World Cup 2018,False
fifa_world_cup_2018__sb7535,7535,FIFA World Cup 2018,2018,2018-06-17,87e35700fdbb24b63577fa2ca6090ea672b49be0531bfe030c67d77c420371b7,objects/87/87e35700fdbb24b63577fa2ca6090ea672b49be0531bfe030c67d77c420371b7.json,39a73bed08f0bd77,exact,exact,795,786,A,0,1,3183,22,22,available_verified,1.0,0.9708,97.617,False,137,True,True,True,True,True,True,True,,0,FIFA World Cup 2018,False
fifa_world_cup_2018__sb7536,7536,FIFA World Cup 2018,2018,2018-06-18,656ad5f1b82b6b879d070eae5e65f7a0835a8c90959f1c05b51d9ebc8a669558,objects/65/656ad5f1b82b6b879d070eae5e65f7a0835a8c90959f1c05b51d9ebc8a669558.json,f617a74e2105acc4,exact,exact,782,798,H,3,0,3662,22,22,available_verified,1.0,0.9609,94.15,False,128,True,True,True,True,True,True,True,,0,FIFA World Cup 2018,False
fifa_world_cup_2018__sb7537,7537,FIFA World Cup 2018,2018,2018-06-18,5e5b1f702eb190bd3120ebc26c8ce98c554bb755cd593ff04443fc46eb33acbf,objects/5e/5e5b1f702eb190bd3120ebc26c8ce98c554bb755cd593ff04443fc46eb33acbf.json,db35331e117461e5,exact,wdl_target_conflict,777,768,D,1,1,3548,24,24,available_verified,1.0,0.9558,94.733,False,113,False,False,False,False,False,False,False,wdl_target_conflict:wdl_target_conflict,0,FIFA World Cup 2018,False
fifa_world_cup_2018__sb7538,7538,FIFA World Cup 2018,2018,2018-06-18,ac684143ef2c246c1745a078d03e0c7ab31b96a7ea3863e42ea539b7c6d3383e,objects/ac/ac684143ef2c246c1745a078d03e0c7ab31b96a7ea3863e42ea539b7c6d3383e.json,b2d4706294562d1d,exact,exact,790,791,H,1,0,3117,21,21,available_verified,1.0,0.8968,94.2,False,126,True,True,True,True,True,True,True,,0,FIFA World Cup 2018,False
fifa_world_cup_2018__sb7539,7539,FIFA World Cup 2018,2018,2018-06-19,ee7b02c0f464cbe4b525c974aadb086f3d3ceebbb96093e958c62613938b8d53,objects/ee/ee7b02c0f464cbe4b525c974aadb086f3d3ceebbb96093e958c62613938b8d53.json,83021863c2dd398e,exact,exact,789,787,A,1,2,3457,17,17,available_verified,1.0,0.8559,94.267,False,111,True,True,True,True,True,True,True,,0,FIFA World Cup 2018,False
fifa_world_cup_2018__sb7540,7540,FIFA World Cup 2018,2018,2018-06-19,f2bbcf6157a2f537c09f0423aa40940ec0ffcfa9f036c4b22ebd1eced8f0a1ab,objects/f2/f2bbcf6157a2f537c09f0423aa40940ec0ffcfa9f036c4b22ebd1eced8f0a1ab.json,6e07b9c74f56f29b,exact,exact,796,774,H,3,1,3348,27,27,available_verified,1.0,0.9797,94.1,False,148,True,True,True,True,True,True,True,,0,FIFA World Cup 2018,False
fifa_world_cup_2018__sb7541,7541,FIFA World Cup 2018,2018,2018-06-19,ed25888e92193f0394e121a9101c4d3a7607a225b4c7416c9b13a647b54b9584,objects/ed/ed25888e92193f0394e121a9101c4d3a7607a225b4c7416c9b13a647b54b9584.json,c5c9e3e18f7059c4,exact,exact,769,778,A,1,2,3869,24,24,available_verified,1.0,0.9661,95.217,False,118,True,True,True,True,True,True,True,,0,FIFA World Cup 2018,False
fifa_world_cup_2018__sb7542,7542,FIFA World Cup 2018,2018,2018-06-20,bf413501a7245ad9f69dbfc51b038b92457345a47f363d594887d6987ccf5e90,objects/bf/bf413501a7245ad9f69dbfc51b038b92457345a47f363d594887d6987ccf5e90.json,420895e961137fae,exact,exact,780,788,H,1,0,3243,29,29,available_verified,1.0,0.9683,95.1,False,126,True,True,True,True,True,True,True,,0,FIFA World Cup 2018,False
fifa_world_cup_2018__sb7543,7543,FIFA World Cup 2018,2018,2018-06-20,a71116f175234e1696cf28cc5e5123eceae8f224ae837226c01b785d552059e0,objects/a7/a71116f175234e1696cf28cc5e5123eceae8f224ae837226c01b785d552059e0.json,8977cdf712634365,exact,exact,797,772,A,0,1,3822,24,24,available_verified,1.0,0.9627,94.15,False,134,True,True,True,True,True,True,True,,0,FIFA World Cup 2018,False
fifa_world_cup_2018__sb7544,7544,FIFA World Cup 2018,2018,2018-06-20,c4309dfb9ad2a13b93f296fd98758fd0e1afae531b5580097fe21bbe9279cfb8,objects/c4/c4309dfb9ad2a13b93f296fd98758fd0e1afae531b5580097fe21bbe9279cfb8.json,412797e5b4bdb3c4,exact,exact,783,799,H,1,0,3952,22,22,available_verified,1.0,0.9818,94.017,False,110,True,True,True,True,True,True,True,,0,FIFA World Cup 2018,False
fifa_world_cup_2018__sb7545,7545,FIFA World Cup 2018,2018,2018-06-21,f4512ba549a1c4704cf650e509d922284754b1ef51879eb91da24c6ba294d868,objects/f4/f4512ba549a1c4704cf650e509d922284754b1ef51879eb91da24c6ba294d868.json,1a98b6655189d73e,exact,mismatch_regulation_goals,779,785,A,0,2,3463,24,24,available_verified,1.0,0.963,94.1,False,108,True,True,True,True,True,True,True,,0,FIFA World Cup 2018,False
fifa_world_cup_2018__sb7546,7546,FIFA World Cup 2018,2018,2018-06-21,5fd54c82f9f84d9b2b1d3f198d5b1f82c6752574ea6533acc22f93f53c286879,objects/5f/5fd54c82f9f84d9b2b1d3f198d5b1f82c6752574ea6533acc22f93f53c286879.json,441351b0b4514309,exact,exact,771,784,H,1,0,3742,24,24,available_verified,1.0,0.9916,94.45,False,119,True,True,True,True,True,True,True,,0,FIFA World Cup 2018,False
fifa_world_cup_2018__sb7547,7547,FIFA World Cup 2018,2018,2018-06-21,c1cdb35444c8a353bc9e2663ea578821ef6499d593e1764f4bb34823e7a751b8,objects/c1/c1cdb35444c8a353bc9e2663ea578821ef6499d593e1764f4bb34823e7a751b8.json,aa09afc193098b88,exact,exact,776,792,D,1,1,3576,23,23,available_verified,1.0,0.9612,93.45,False,129,True,True,True,True,True,True,True,,0,FIFA World Cup 2018,False
fifa_world_cup_2018__sb7548,7548,FIFA World Cup 2018,2018,2018-06-22,60f334286e04a6575ca8db14c7177abcc5bd2505d10070c1e36138f32def14a1,objects/60/60f334286e04a6575ca8db14c7177abcc5bd2505d10070c1e36138f32def14a1.json,3d0a422c8a1f2290,exact,wdl_target_conflict,781,795,D,0,0,3721,27,27,available_verified,1.0,0.9787,98.017,False,141,False,False,False,False,False,False,False,wdl_target_conflict:wdl_target_conflict,0,FIFA World Cup 2018,False
fifa_world_cup_2018__sb7549,7549,FIFA World Cup 2018,2018,2018-06-22,92c978cd230d5ef10df7f843b3526f6ad6f4350b113d84d252b3e347df6ae253,objects/92/92c978cd230d5ef10df7f843b3526f6ad6f4350b113d84d252b3e347df6ae253.json,975202267ca7c32a,exact,exact,775,793,H,2,0,3219,27,27,available_verified,1.0,0.9685,96.567,False,127,True,True,True,True,True,True,True,,0,FIFA World Cup 2018,False
fifa_world_cup_2018__sb7550,7550,FIFA World Cup 2018,2018,2018-06-22,b15a39d3338316a7ef07902ae43261259e6865ae59b4f26d2f6516e58ff90226,objects/b1/b15a39d3338316a7ef07902ae43261259e6865ae59b4f26d2f6516e58ff90226.json,0f2290227074ca48,exact,exact,786,773,A,1,2,3475,31,31,available_verified,1.0,0.9708,95.8,False,137,True,True,True,True,True,True,True,,0,FIFA World Cup 2018,False
fifa_world_cup_2018__sb7551,7551,FIFA World Cup 2018,2018,2018-06-23,504191e8c993c96e4e1b69141a74e46b71266b9252f550a8aaf737048af4798f,objects/50/504191e8c993c96e4e1b69141a74e46b71266b9252f550a8aaf737048af4798f.json,4b1928632b27457b,exact,wdl_target_conflict,770,790,D,1,1,3460,25,25,available_verified,1.0,0.9589,97.15,False,146,False,False,False,False,False,False,False,wdl_target_conflict:wdl_target_conflict,0,FIFA World Cup 2018,False
fifa_world_cup_2018__sb7552,7552,FIFA World Cup 2018,2018,2018-06-23,31cb3931c4ceb69bc6df24c68f4572229b57f751e813494f1fe109359e4b5439,objects/31/31cb3931c4ceb69bc6df24c68f4572229b57f751e813494f1fe109359e4b5439.json,e387278cd2444a71,exact,mismatch_regulation_goals,782,777,H,5,1,3483,40,40,available_verified,1.0,0.9797,93.117,False,148,True,True,True,True,True,True,True,,0,FIFA World Cup 2018,False
fifa_world_cup_2018__sb7553,7553,FIFA World Cup 2018,2018,2018-06-23,20520d4bb5b6820dfe2c8ebb6fc651217721747638fe86647a9c4c8e772167ac,objects/20/20520d4bb5b6820dfe2c8ebb6fc651217721747638fe86647a9c4c8e772167ac.json,a35916e7737bcfb0,exact,mismatch_regulation_goals,791,794,A,0,2,3287,31,31,available_verified,1.0,0.9444,95.15,False,126,True,True,True,True,True,True,True,,0,FIFA World Cup 2018,False
fifa_world_cup_2018__sb7554,7554,FIFA World Cup 2018,2018,2018-06-24,ea3aea09aa464da831487d412548fe033625fd913bbb918c76469d0c2b355acd,objects/ea/ea3aea09aa464da831487d412548fe033625fd913bbb918c76469d0c2b355acd.json,6dc2dd9a2dfc0817,exact,exact,768,798,H,6,1,3573,19,19,available_verified,1.0,0.967,94.383,False,91,True,True,True,True,True,True,True,,0,FIFA World Cup 2018,False
fifa_world_cup_2018__sb7555,7555,FIFA World Cup 2018,2018,2018-06-24,2eb87c884c49202ff395d0614444f2592efc84f6e3ae10a5634c18bc12fc2089,objects/2e/2eb87c884c49202ff395d0614444f2592efc84f6e3ae10a5634c18bc12fc2089.json,ccf27d0f02109418,exact,exact,789,769,A,0,3,3749,24,24,available_verified,1.0,0.9708,95.067,False,137,True,True,True,True,True,True,True,,0,FIFA World Cup 2018,False
fifa_world_cup_2018__sb7556,7556,FIFA World Cup 2018,2018,2018-06-24,f2caf0325cf34afd47af2c8d0740a42bb3246b9f28069ed137b66da6fe781c8f,objects/f2/f2caf0325cf34afd47af2c8d0740a42bb3246b9f28069ed137b66da6fe781c8f.json,67be4ec49ed58f04,exact,exact,778,787,D,2,2,3039,22,22,available_verified,1.0,0.9274,94.017,False,124,True,True,True,True,True,True,True,,0,FIFA World Cup 2018,False
fifa_world_cup_2018__sb7557,7557,FIFA World Cup 2018,2018,2018-06-25,993a23a8652d8e78581831cfa5c291e55e60fda9058b3b7944441d5a8506439b,objects/99/993a23a8652d8e78581831cfa5c291e55e60fda9058b3b7944441d5a8506439b.json,43a67733ee5afdc6,exact,wdl_target_conflict,797,780,A,0,1,3188,24,24,available_verified,1.0,0.9623,97.267,False,106,False,False,False,False,False,False,False,wdl_target_conflict:wdl_target_conflict,0,FIFA World Cup 2018,False
fifa_world_cup_2018__sb7558,7558,FIFA World Cup 2018,2018,2018-06-25,b863dad8dd9d75f136afccfd5b71160e3d73f0536962481b6a195c04cd7a2038,objects/b8/b863dad8dd9d75f136afccfd5b71160e3d73f0536962481b6a195c04cd7a2038.json,ad6ba991b03c214a,exact,exact,783,796,H,3,0,3268,19,19,available_verified,1.0,0.9906,94.617,False,106,True,True,True,True,True,True,True,,0,FIFA World Cup 2018,False
fifa_world_cup_2018__sb7559,7559,FIFA World Cup 2018,2018,2018-06-25,1833d363a3d7839c38a87035d8be17574f79f2fcd4d7b1368716fdbe21c5d560,objects/18/1833d363a3d7839c38a87035d8be17574f79f2fcd4d7b1368716fdbe21c5d560.json,c50a844f4ec1baba,exact,wdl_target_conflict,799,774,D,1,1,3831,29,29,available_verified,1.0,0.9789,95.55,False,142,False,False,False,False,False,False,False,wdl_target_conflict:wdl_target_conflict,0,FIFA World Cup 2018,False
fifa_world_cup_2018__sb7560,7560,FIFA World Cup 2018,2018,2018-06-25,20b6ca18e502f55801e9d0de5a5e476886e53ccec71a7c5026bb901d931ad7e1,objects/20/20b6ca18e502f55801e9d0de5a5e476886e53ccec71a7c5026bb901d931ad7e1.json,6e2696e0d71b3951,exact,wdl_target_conflict,772,788,A,1,2,3599,26,26,available_verified,1.0,0.8651,96.75,False,126,False,False,False,False,False,False,False,wdl_target_conflict:wdl_target_conflict,0,FIFA World Cup 2018,False
fifa_world_cup_2018__sb7561,7561,FIFA World Cup 2018,2018,2018-06-26,f95f4a023ca825311e94cefef5fdb00ccfc8cdd70672e9bd21aecbd5cb143761,objects/f9/f95f4a023ca825311e94cefef5fdb00ccfc8cdd70672e9bd21aecbd5cb143761.json,71eaaa5cfe6d560f,exact,exact,793,785,A,1,2,3325,30,30,available_verified,1.0,0.8879,94.1,False,116,True,True,True,True,True,True,True,,0,FIFA World Cup 2018,False
fifa_world_cup_2018__sb7562,7562,FIFA World Cup 2018,2018,2018-06-26,85b6e7448441d4843805091198cf0a07ac8c441e28058f4f7a91ae68409e6d0a,objects/85/85b6e7448441d4843805091198cf0a07ac8c441e28058f4f7a91ae68409e6d0a.json,3dd4268c82d98634,exact,exact,792,784,A,0,2,3630,20,20,available_verified,1.0,0.9669,94.067,False,121,True,True,True,True,True,True,True,,0,FIFA World Cup 2018,False
fifa_world_cup_2018__sb7563,7563,FIFA World Cup 2018,2018,2018-06-26,098b337d5fe5e0ab65acf3eb622f6b5b8c800ac8e2e89cc4ffd5614b1777c003,objects/09/098b337d5fe5e0ab65acf3eb622f6b5b8c800ac8e2e89cc4ffd5614b1777c003.json,cbad7b2d42a4efad,exact,exact,776,771,D,0,0,3605,16,16,available_verified,1.0,0.8673,93.117,False,113,True,True,True,True,True,True,True,,0,FIFA World Cup 2018,False
fifa_world_cup_2018__sb7564,7564,FIFA World Cup 2018,2018,2018-06-26,24a91a7964cd9b75effb9181fb4287878d9d1749b99bdf0f3a749ab305a1a5a7,objects/24/24a91a7964cd9b75effb9181fb4287878d9d1749b99bdf0f3a749ab305a1a5a7.json,2f0d7b27f11d7b31,exact,exact,775,779,A,1,2,3503,17,17,available_verified,1.0,0.9626,94.5,False,107,True,True,True,True,True,True,True,,0,FIFA World Cup 2018,False
fifa_world_cup_2018__sb7565,7565,FIFA World Cup 2018,2018,2018-06-27,e5b6946b810598b946b8263230e7a5464207fae423c351cf8f9244ea7882f16f,objects/e5/e5b6946b810598b946b8263230e7a5464207fae423c351cf8f9244ea7882f16f.json,2280285b491f0550,exact,exact,786,781,A,0,2,4083,26,26,available_verified,1.0,0.9806,93.067,False,155,True,True,True,True,True,True,True,,0,FIFA World Cup 2018,False
fifa_world_cup_2018__sb7566,7566,FIFA World Cup 2018,2018,2018-06-27,2139ee5a437a66b53a23b5ad7522962dab41eb807fe6ac5926a9506fb14e6d0b,objects/21/2139ee5a437a66b53a23b5ad7522962dab41eb807fe6ac5926a9506fb14e6d0b.json,cd1d40a7249a6be6,exact,exact,794,790,A,0,3,2831,37,37,available_verified,1.0,0.9653,94.183,False,144,True,True,True,True,True,True,True,,0,FIFA World Cup 2018,False
fifa_world_cup_2018__sb7567,7567,FIFA World Cup 2018,2018,2018-06-27,30ea0f1dff7bf66c4b2c58b2fd73ba4bf11eec66061c849333c3eaf780e0b553,objects/30/30ea0f1dff7bf66c4b2c58b2fd73ba4bf11eec66061c849333c3eaf780e0b553.json,5b60388ec70078a5,exact,wdl_target_conflict,791,770,D,0,0,3708,41,41,available_verified,1.0,0.963,99.383,False,162,False,False,False,False,False,False,False,wdl_target_conflict:wdl_target_conflict,0,FIFA World Cup 2018,False
fifa_world_cup_2018__sb7568,7568,FIFA World Cup 2018,2018,2018-06-27,df6e2bc09e75526f8afa13f01c435aff16a21b5ce79e2e3480dcd7f076d8e23d,objects/df/df6e2bc09e75526f8afa13f01c435aff16a21b5ce79e2e3480dcd7f076d8e23d.json,8e5fc30ead1a08c7,exact,wdl_target_conflict,773,795,H,2,1,3347,27,27,available_verified,1.0,0.9688,95.1,False,128,False,False,False,False,False,False,False,wdl_target_conflict:wdl_target_conflict,0,FIFA World Cup 2018,False
fifa_world_cup_2018__sb7569,7569,FIFA World Cup 2018,2018,2018-06-28,22a4bc3f31e7a1d79bd8975ab9e6c2b4ae0798e64c8d6a194b6c9455747d0825,objects/22/22a4bc3f31e7a1d79bd8975ab9e6c2b4ae0798e64c8d6a194b6c9455747d0825.json,532976e6868bd263,exact,exact,798,777,A,1,2,3410,24,24,available_verified,1.0,0.9113,97.5,False,124,True,True,True,True,True,True,True,,0,FIFA World Cup 2018,False
fifa_world_cup_2018__sb7570,7570,FIFA World Cup 2018,2018,2018-06-28,b9e70d1891617c960d2212a63d7703d5a9418c275cc35634197249579548b5e8,objects/b9/b9e70d1891617c960d2212a63d7703d5a9418c275cc35634197249579548b5e8.json,fddf2d295da8c1f0,exact,exact,768,782,A,0,1,3986,26,26,available_verified,1.0,0.9538,93.1,False,130,True,True,True,True,True,True,True,,0,FIFA World Cup 2018,False
fifa_world_cup_2018__sb7571,7571,FIFA World Cup 2018,2018,2018-06-28,dea2396406e4fd1e72fbf7ad8eb1e3da666faf2555253a0e589ea1997e3eac84,objects/de/dea2396406e4fd1e72fbf7ad8eb1e3da666faf2555253a0e589ea1997e3eac84.json,1bb2b14f977be084,exact,exact,787,769,A,0,1,2816,11,11,available_verified,1.0,0.9765,93.983,False,85,True,True,True,True,True,True,True,,0,FIFA World Cup 2018,False
fifa_world_cup_2018__sb7572,7572,FIFA World Cup 2018,2018,2018-06-28,5e019e3e70721bb14b501dc75c05f8de47361084b8f3750708a3073d47d4852f,objects/5e/5e019e3e70721bb14b501dc75c05f8de47361084b8f3750708a3073d47d4852f.json,ec646708dacef441,exact,exact,778,789,A,0,1,3671,22,22,available_verified,1.0,0.8774,93.05,False,106,True,True,True,True,True,True,True,,0,FIFA World Cup 2018,False
fifa_world_cup_2018__sb7576,7576,FIFA World Cup 2018,2018,2018-06-15,f1b386d53625b1c118cca037ef8dd39b100ce6eb3c6d4c839506cedfc401db79,objects/f1/f1b386d53625b1c118cca037ef8dd39b100ce6eb3c6d4c839506cedfc401db79.json,a17a50b50f5f2954,exact,exact,780,772,D,3,3,4153,22,22,available_verified,1.0,0.9528,94.917,False,106,True,True,True,True,True,True,True,,0,FIFA World Cup 2018,False
fifa_world_cup_2018__sb7577,7577,FIFA World Cup 2018,2018,2018-06-15,12f628a05b12a15d0ed4721e9ef1ea0775db74fe8ad40ffeac0119644ee9ebf1,objects/12/12f628a05b12a15d0ed4721e9ef1ea0775db74fe8ad40ffeac0119644ee9ebf1.json,e4ef7f1c119c402f,exact,wdl_target_conflict,788,797,D,0,0,2875,22,22,available_verified,1.0,0.9712,96.05,False,104,False,False,False,False,False,False,False,wdl_target_conflict:wdl_target_conflict,0,FIFA World Cup 2018,False
fifa_world_cup_2018__sb7578,7578,FIFA World Cup 2018,2018,2018-06-15,e2a7f8738cbfb20c83b7e49badaf45cdac565df2047fd77f95cf6a17d9caccef,objects/e2/e2a7f8738cbfb20c83b7e49badaf45cdac565df2047fd77f95cf6a17d9caccef.json,a429a0ba326ef338,exact,exact,774,783,A,0,1,3758,24,24,available_verified,1.0,0.9612,96.15,False,129,True,True,True,True,True,True,True,,0,FIFA World Cup 2018,False
fifa_world_cup_2018__sb7579,7579,FIFA World Cup 2018,2018,2018-06-30,3c296f9f6588f85788b939c1f4503042c4986a25bec2648799c8dd4de06cc7a1,objects/3c/3c296f9f6588f85788b939c1f4503042c4986a25bec2648799c8dd4de06cc7a1.json,f4230aa4f9bad997,exact,exact,783,780,H,2,1,3196,28,28,available_verified,1.0,0.9858,95.95,False,141,True,True,True,True,True,True,True,,0,FIFA World Cup 2018,False
fifa_world_cup_2018__sb7580,7580,FIFA World Cup 2018,2018,2018-06-30,382dac9abfa4c3bb540e9599ad5f7fde5ec9675aab636452d3b1418a924d4321,objects/38/382dac9abfa4c3bb540e9599ad5f7fde5ec9675aab636452d3b1418a924d4321.json,9d7460a786442b70,exact,mismatch_regulation_goals,771,779,H,4,2,3549,21,21,available_verified,1.0,0.9569,95.05,False,116,True,True,True,True,True,True,True,,0,FIFA World Cup 2018,False
fifa_world_cup_2018__sb7581,7581,FIFA World Cup 2018,2018,2018-07-01,ac7cf56be3d394d49c9e864d427e2ea2e8927244544794ef4917e74d988a5104,objects/ac/ac7cf56be3d394d49c9e864d427e2ea2e8927244544794ef4917e74d988a5104.json,23ce415808d5a705,exact,exact,785,776,D,1,1,4285,45,45,available_verified,1.0,0.9609,93.167,True,128,True,True,True,True,True,True,True,,0,FIFA World Cup 2018,False
fifa_world_cup_2018__sb7582,7582,FIFA World Cup 2018,2018,2018-07-01,57de09afe0fc3f570129210e1fe76b333cd312b70ce5af5fb81a2e537191c28f,objects/57/57de09afe0fc3f570129210e1fe76b333cd312b70ce5af5fb81a2e537191c28f.json,f4df68973baf40c1,exact,exact,772,796,D,1,1,5024,41,41,available_verified,1.0,0.9811,94.1,True,106,True,True,True,True,True,True,True,,0,FIFA World Cup 2018,False
fifa_world_cup_2018__sb7583,7583,FIFA World Cup 2018,2018,2018-07-02,8c3293ec7bb9bd7754eccacfb1c2a6fe10e4d5983f11808fc5c4887d30a059fb,objects/8c/8c3293ec7bb9bd7754eccacfb1c2a6fe10e4d5983f11808fc5c4887d30a059fb.json,8a49ccc81c7e5fa6,exact,exact,781,794,H,2,0,3393,33,33,available_verified,1.0,0.9816,96.167,False,163,True,True,True,True,True,True,True,,0,FIFA World Cup 2018,False
fifa_world_cup_2018__sb7584,7584,FIFA World Cup 2018,2018,2018-07-02,42b2a15f88146e6f549d4339f671a3847c5d55f2005c2cc43c2e8547b6308ad2,objects/42/42b2a15f88146e6f549d4339f671a3847c5d55f2005c2cc43c2e8547b6308ad2.json,24250ad701243c6d,exact,wdl_target_conflict,782,778,D,2,2,3715,40,40,available_verified,1.0,0.989,95.067,False,181,False,False,False,False,False,False,False,wdl_target_conflict:wdl_target_conflict,0,FIFA World Cup 2018,False
fifa_world_cup_2018__sb7585,7585,FIFA World Cup 2018,2018,2018-07-03,6a0c480fc22762a147f3b3996c21a7953c2a813a9ec9dc06bd516568bf874646,objects/6a/6a0c480fc22762a147f3b3996c21a7953c2a813a9ec9dc06bd516568bf874646.json,9ef3cd75f9404fc9,exact,wdl_target_conflict,769,768,A,0,1,4019,41,41,available_verified,1.0,0.9714,96.133,True,105,False,False,False,False,False,False,False,wdl_target_conflict:wdl_target_conflict,0,FIFA World Cup 2018,False
fifa_world_cup_2018__sb7586,7586,FIFA World Cup 2018,2018,2018-07-03,8e959c90c20170e7fd50494dd66ebf70f402a9cef194b46ea6f7b22f60a0c91d,objects/8e/8e959c90c20170e7fd50494dd66ebf70f402a9cef194b46ea6f7b22f60a0c91d.json,0a6b85c9e1a47b97,exact,exact,790,773,H,1,0,3318,28,28,available_verified,1.0,0.9932,96.267,False,146,True,True,True,True,True,True,True,,0,FIFA World Cup 2018,False
fifa_world_cup_2018__sb8649,8649,FIFA World Cup 2018,2018,2018-07-06,4b0c3bfd013a2ae10c3d4132dd597e5808439e97dfa8d01e3c7584b3776c5524,objects/4b/4b0c3bfd013a2ae10c3d4132dd597e5808439e97dfa8d01e3c7584b3776c5524.json,97ff7c9cf169612a,exact,exact,783,771,A,0,2,3375,21,21,available_verified,1.0,0.9219,94.967,False,128,True,True,True,True,True,True,True,,0,FIFA World Cup 2018,False
fifa_world_cup_2018__sb8650,8650,FIFA World Cup 2018,2018,2018-07-06,1e45557a50b3f7333e0d962cc4d4678c9b3edf2f52ee06b77f29fc3837020af3,objects/1e/1e45557a50b3f7333e0d962cc4d4678c9b3edf2f52ee06b77f29fc3837020af3.json,51ad491d67cab6c6,exact,exact,781,782,A,1,2,3589,33,33,available_verified,1.0,0.9939,95.05,False,164,True,True,True,True,True,True,True,,0,FIFA World Cup 2018,False
fifa_world_cup_2018__sb8651,8651,FIFA World Cup 2018,2018,2018-07-07,903fe28488c56cbd041375f94571824aff6a64361c72645e2c97a0bec6773384,objects/90/903fe28488c56cbd041375f94571824aff6a64361c72645e2c97a0bec6773384.json,a9a64a22b2ffc08f,exact,exact,790,768,A,0,2,3303,20,20,available_verified,1.0,0.9209,95.033,False,139,True,True,True,True,True,True,True,,0,FIFA World Cup 2018,False
fifa_world_cup_2018__sb8652,8652,FIFA World Cup 2018,2018,2018-07-07,0c17c5424fef71cd74c10a67eca55007c2da5594d85af159cd384b3d974c56cd,objects/0c/0c17c5424fef71cd74c10a67eca55007c2da5594d85af159cd384b3d974c56cd.json,f20ad45ae3ae286c,exact,exact,796,785,D,1,1,4041,41,41,available_verified,1.0,0.9779,95.067,True,136,True,True,True,True,True,True,True,,0,FIFA World Cup 2018,False
fifa_world_cup_2018__sb8655,8655,FIFA World Cup 2018,2018,2018-07-10,531f7db538d1026ddef77178b939ee28c38ae7a15a91d07826e97d352d26464a,objects/53/531f7db538d1026ddef77178b939ee28c38ae7a15a91d07826e97d352d26464a.json,215789860f293ec9,exact,exact,771,782,H,1,0,3354,28,28,available_verified,1.0,0.8837,96.25,False,129,True,True,True,True,True,True,True,,0,FIFA World Cup 2018,False
fifa_world_cup_2018__sb8656,8656,FIFA World Cup 2018,2018,2018-07-11,3f6b7f638235421f6b2ca1b4b38f3cfedb89572a847a6a4e06d8ee4f4c137c13,objects/3f/3f6b7f638235421f6b2ca1b4b38f3cfedb89572a847a6a4e06d8ee4f4c137c13.json,03ed1fb199f84efc,exact,exact,785,768,D,1,1,4165,33,33,available_verified,1.0,0.9929,93.083,True,140,True,True,True,True,True,True,True,,0,FIFA World Cup 2018,False
fifa_world_cup_2018__sb8657,8657,FIFA World Cup 2018,2018,2018-07-14,6cc79ec754303d65ca3f2cbc4bd29384a8d6e6492e168991159a07a0ba7c626e,objects/6c/6cc79ec754303d65ca3f2cbc4bd29384a8d6e6492e168991159a07a0ba7c626e.json,17857e5a29cd6c34,exact,exact,782,768,H,2,0,4426,26,26,available_verified,1.0,0.9739,93.067,False,153,True,True,True,True,True,True,True,,0,FIFA World Cup 2018,False
fifa_world_cup_2018__sb8658,8658,FIFA World Cup 2018,2018,2018-07-15,a9aa72c042153fa351c3591ee11e7fba95b0c8841c4489da4aa6809de1edbdf5,objects/a9/a9aa72c042153fa351c3591ee11e7fba95b0c8841c4489da4aa6809de1edbdf5.json,3f31d38173e6bc43,exact,exact,771,785,H,4,2,2978,23,23,available_verified,1.0,0.8125,95.05,False,128,True,True,True,True,True,True,True,,0,FIFA World Cup 2018,False
uefa_euro_2020__sb3788741,3788741,UEFA Euro 2020,2020,2021-06-11,b9ddce6bee771bdb1f3564c9ac0552619257e412d0767939f1e7f1500ace3062,objects/b9/b9ddce6bee771bdb1f3564c9ac0552619257e412d0767939f1e7f1500ace3062.json,713283908dc54cb9,exact,exact,909,914,A,0,3,3803,27,27,available_verified,1.0,0.9859,93.05,False,142,True,True,True,True,True,True,True,,1,UEFA Euro 2020,False
uefa_euro_2020__sb3788742,3788742,UEFA Euro 2020,2020,2021-06-12,1408d239936cecb7235754f17d73717292eff58e8e09ad8d0552707925fdda08,objects/14/1408d239936cecb7235754f17d73717292eff58e8e09ad8d0552707925fdda08.json,a020f406bb398cd2,exact,exact,776,1835,A,0,1,3488,23,23,available_verified,1.0,0.942,94.067,False,138,True,True,True,True,True,True,True,,1,UEFA Euro 2020,False
uefa_euro_2020__sb3788743,3788743,UEFA Euro 2020,2020,2021-06-12,38cf62081036062f3ad640a5ba6a0d99148e8fb078de9eedd37ede323e4f4e8d,objects/38/38cf62081036062f3ad640a5ba6a0d99148e8fb078de9eedd37ede323e4f4e8d.json,f0aad4d64180fc25,exact,exact,782,796,H,3,0,3856,14,14,available_verified,1.0,0.9091,91.933,False,99,True,True,True,True,True,True,True,,1,UEFA Euro 2020,False
uefa_euro_2020__sb3788744,3788744,UEFA Euro 2020,2020,2021-06-12,43b362fc808ac3217cb6f53f73774e3f9e3f793da8cde5b48a0816c3ebd50edf,objects/43/43b362fc808ac3217cb6f53f73774e3f9e3f793da8cde5b48a0816c3ebd50edf.json,505eb3b4c74cea39,exact,exact,907,773,D,1,1,2996,27,27,available_verified,1.0,0.9531,95.417,False,128,True,True,True,True,True,True,True,,1,UEFA Euro 2020,False
uefa_euro_2020__sb3788745,3788745,UEFA Euro 2020,2020,2021-06-13,79201b48256e507f904d405b7f75b3586d4fe3b864ec39a038f46cbad92de66c,objects/79/79201b48256e507f904d405b7f75b3586d4fe3b864ec39a038f46cbad92de66c.json,78fc76f069cfc8fc,exact,exact,768,785,H,1,0,3366,16,16,available_verified,1.0,0.9655,94.583,False,87,True,True,True,True,True,True,True,,1,UEFA Euro 2020,False
uefa_euro_2020__sb3788746,3788746,UEFA Euro 2020,2020,2021-06-13,15c2f6ef998f71c0e4ff602ed7551b1877f9f8c6e50e806841fcedb7e5e1d0c5,objects/15/15c2f6ef998f71c0e4ff602ed7551b1877f9f8c6e50e806841fcedb7e5e1d0c5.json,b427b77b3bfacca5,exact,exact,941,911,H,3,2,3969,22,22,available_verified,1.0,0.9612,95.067,False,129,True,True,True,True,True,True,True,,1,UEFA Euro 2020,False
uefa_euro_2020__sb3788747,3788747,UEFA Euro 2020,2020,2021-06-13,8712c3dd14a1b8dfa5994b95624e6948c781a3858762195d939cb70852970317,objects/87/8712c3dd14a1b8dfa5994b95624e6948c781a3858762195d939cb70852970317.json,19c3d7f47f2e0a6c,exact,exact,915,2358,H,3,1,3464,17,17,available_verified,1.0,0.9245,94.267,False,106,True,True,True,True,True,True,True,,1,UEFA Euro 2020,False
uefa_euro_2020__sb3788748,3788748,UEFA Euro 2020,2020,2021-06-14,a4a20bc3796e7a5e3fbe4fcf3e91a676d7b740e42a07715bcea59345c1b944eb,objects/a4/a4a20bc3796e7a5e3fbe4fcf3e91a676d7b740e42a07715bcea59345c1b944eb.json,32c37d211f9054b9,exact,exact,942,912,A,0,2,3440,29,29,available_verified,1.0,0.9728,94.517,False,147,True,True,True,True,True,True,True,,1,UEFA Euro 2020,False
uefa_euro_2020__sb3788749,3788749,UEFA Euro 2020,2020,2021-06-14,0a54ec9254bfa3cb869df320d74627c1d931dfe73ad1bf6113d26dc6f93d7f6f,objects/0a/0a54ec9254bfa3cb869df320d74627c1d931dfe73ad1bf6113d26dc6f93d7f6f.json,d666c699578bb19e,exact,exact,789,908,A,1,2,3628,29,29,available_verified,1.0,0.9609,94.45,False,128,True,True,True,True,True,True,True,,1,UEFA Euro 2020,False
uefa_euro_2020__sb3788750,3788750,UEFA Euro 2020,2020,2021-06-14,d580719d87a47a84f49be09af6e13f4ae592201fe51626bef9d479d76f2ab14f,objects/d5/d580719d87a47a84f49be09af6e13f4ae592201fe51626bef9d479d76f2ab14f.json,a8c0589ec43e31a0,exact,exact,772,790,D,0,0,3677,21,21,available_verified,1.0,0.9318,96.2,False,132,True,True,True,True,True,True,True,,1,UEFA Euro 2020,False
uefa_euro_2020__sb3788751,3788751,UEFA Euro 2020,2020,2021-06-15,b8538cde72d2596c3eade9546a36edd2dfdc462cdfe836863dd2ad161ced2748,objects/b8/b8538cde72d2596c3eade9546a36edd2dfdc462cdfe836863dd2ad161ced2748.json,61f7bbdfba875d80,exact,exact,771,770,H,1,0,4031,14,14,available_verified,1.0,0.9619,98.117,False,105,True,True,True,True,True,True,True,,1,UEFA Euro 2020,False
uefa_euro_2020__sb3788752,3788752,UEFA Euro 2020,2020,2021-06-15,1fe3809da92ce4330e12e3b729f48d77174e481875d12737c90f04144cabf7cd,objects/1f/1fe3809da92ce4330e12e3b729f48d77174e481875d12737c90f04144cabf7cd.json,29a98ad7047635aa,exact,mismatch_regulation_goals,916,780,A,0,2,3709,16,16,available_verified,1.0,0.9836,95.033,False,122,True,True,True,True,True,True,True,,1,UEFA Euro 2020,False
uefa_euro_2020__sb3788753,3788753,UEFA Euro 2020,2020,2021-06-16,0f25b7260cc4b7dab280a53b290c87a3c9c41b3629b4d8c8a509cb20ee7a2f7d,objects/0f/0f25b7260cc4b7dab280a53b290c87a3c9c41b3629b4d8c8a509cb20ee7a2f7d.json,675e684e7109a08b,exact,exact,1835,796,A,0,1,3805,25,25,available_verified,1.0,0.9873,96.817,False,158,True,True,True,True,True,True,True,,1,UEFA Euro 2020,False
uefa_euro_2020__sb3788754,3788754,UEFA Euro 2020,2020,2021-06-16,9eee7a755c14758638de7d6e8f50c26021650da3128d2a99c7b4e1e9d1a2e1e6,objects/9e/9eee7a755c14758638de7d6e8f50c26021650da3128d2a99c7b4e1e9d1a2e1e6.json,8b9ab1401c13abe7,exact,exact,914,773,H,3,0,3830,19,19,available_verified,1.0,0.8655,93.067,False,119,True,True,True,True,True,True,True,,1,UEFA Euro 2020,False
uefa_euro_2020__sb3788755,3788755,UEFA Euro 2020,2020,2021-06-16,4cd736b2ab37ec319086fb9f92f089ffe03e2d16629492e5ebebb17735790fbb,objects/4c/4cd736b2ab37ec319086fb9f92f089ffe03e2d16629492e5ebebb17735790fbb.json,9a487d384135721f,exact,mismatch_regulation_goals,909,907,A,0,1,3262,34,34,available_verified,1.0,0.9691,96.517,False,162,True,True,True,True,True,True,True,,1,UEFA Euro 2020,False
uefa_euro_2020__sb3788756,3788756,UEFA Euro 2020,2020,2021-06-17,120470b3f95d62c23307f60bf3cde62f92665124882cb77538abf8df29911bdb,objects/12/120470b3f95d62c23307f60bf3cde62f92665124882cb77538abf8df29911bdb.json,a8e8ca9fde822f09,exact,exact,941,915,H,2,0,3748,23,23,available_verified,1.0,0.9328,94.517,False,119,True,True,True,True,True,True,True,,1,UEFA Euro 2020,False
uefa_euro_2020__sb3788757,3788757,UEFA Euro 2020,2020,2021-06-17,3d55557e05be42ec58423de4039c0090320d693330ae8c11db4193e7e0e1135a,objects/3d/3d55557e05be42ec58423de4039c0090320d693330ae8c11db4193e7e0e1135a.json,1ab6a85d8bd3d52f,exact,exact,776,782,A,1,2,3978,27,27,available_verified,1.0,0.9769,95.55,False,130,True,True,True,True,True,True,True,,1,UEFA Euro 2020,False
uefa_euro_2020__sb3788758,3788758,UEFA Euro 2020,2020,2021-06-17,15cc8ed4221036b50de6ec0d1ccdb3f1f0b9ce1a92f7a0f5484228af0962b446,objects/15/15cc8ed4221036b50de6ec0d1ccdb3f1f0b9ce1a92f7a0f5484228af0962b446.json,2dd372e227590dc3,exact,exact,911,2358,H,2,1,3337,30,30,available_verified,1.0,0.9375,94.933,False,128,True,True,True,True,True,True,True,,1,UEFA Euro 2020,False
uefa_euro_2020__sb3788759,3788759,UEFA Euro 2020,2020,2021-06-18,6ee3af3dc9754aa344baee37ee694e4ac8f3e9b9a55bb2989bcf33265e4a8507,objects/6e/6ee3af3dc9754aa344baee37ee694e4ac8f3e9b9a55bb2989bcf33265e4a8507.json,7ad788d39ca3e3d6,exact,exact,768,942,D,0,0,3366,20,20,available_verified,1.0,0.9831,92.083,False,118,True,True,True,True,True,True,True,,1,UEFA Euro 2020,False
uefa_euro_2020__sb3788760,3788760,UEFA Euro 2020,2020,2021-06-18,d12a2f15af6fae5f41e29da9b2f47efdef9e5bb92c7a8ec50986040774bfd549,objects/d1/d12a2f15af6fae5f41e29da9b2f47efdef9e5bb92c7a8ec50986040774bfd549.json,5d9fca44e1587076,exact,exact,785,912,D,1,1,3401,22,22,available_verified,1.0,0.9624,92.717,False,133,True,True,True,True,True,True,True,,1,UEFA Euro 2020,False
uefa_euro_2020__sb3788761,3788761,UEFA Euro 2020,2020,2021-06-18,d1bce34b562baed1ac8bff54cabefbe782022e6b378189f801280f5a1225910f,objects/d1/d1bce34b562baed1ac8bff54cabefbe782022e6b378189f801280f5a1225910f.json,bcd9d53c8a9f9c2e,exact,exact,790,908,H,1,0,3925,23,23,available_verified,1.0,0.9831,96.017,False,118,True,True,True,True,True,True,True,,1,UEFA Euro 2020,False
uefa_euro_2020__sb3788762,3788762,UEFA Euro 2020,2020,2021-06-19,88c276863f4cee1da4e1ff8e13513c3fedba02a4b599799630fe82125407b879,objects/88/88c276863f4cee1da4e1ff8e13513c3fedba02a4b599799630fe82125407b879.json,4068135b80819aa9,exact,exact,772,789,D,1,1,3653,17,17,available_verified,1.0,0.9615,94.967,False,130,True,True,True,True,True,True,True,,1,UEFA Euro 2020,False
uefa_euro_2020__sb3788763,3788763,UEFA Euro 2020,2020,2021-06-19,a02670d0c7bcf62e11bdf618b39d31ec47313d892e49be5c3bea9821b73282a5,objects/a0/a02670d0c7bcf62e11bdf618b39d31ec47313d892e49be5c3bea9821b73282a5.json,aae058f058d78442,exact,exact,916,771,D,1,1,3610,22,22,available_verified,1.0,0.9,94.633,False,110,True,True,True,True,True,True,True,,1,UEFA Euro 2020,False
uefa_euro_2020__sb3788764,3788764,UEFA Euro 2020,2020,2021-06-19,9bc533cfc18494050135772f5b1379211e2356e81ad2706d3fadbcff8cd9cda6,objects/9b/9bc533cfc18494050135772f5b1379211e2356e81ad2706d3fadbcff8cd9cda6.json,32c22a692882cd2e,exact,exact,780,770,A,2,4,3582,20,20,available_verified,1.0,0.9161,94.033,False,143,True,True,True,True,True,True,True,,1,UEFA Euro 2020,False
uefa_euro_2020__sb3788765,3788765,UEFA Euro 2020,2020,2021-06-20,076df0798b3d857f4d799ce6b82dd58bbc9281be61f47f3bb4320bfc095af91b,objects/07/076df0798b3d857f4d799ce6b82dd58bbc9281be61f47f3bb4320bfc095af91b.json,a8edbb863e184027,exact,exact,773,909,H,3,1,3780,43,43,available_verified,1.0,0.98,93.567,False,150,True,True,True,True,True,True,True,,1,UEFA Euro 2020,False
uefa_euro_2020__sb3788766,3788766,UEFA Euro 2020,2020,2021-06-20,da68fbe5f0bdb7a35d1fcef155cc544280f258f0e3ecc8116708d6b64dbd2475,objects/da/da68fbe5f0bdb7a35d1fcef155cc544280f258f0e3ecc8116708d6b64dbd2475.json,76cc4b21c1b746c1,exact,exact,914,907,H,1,0,3136,26,26,available_verified,1.0,0.9154,92.967,False,130,True,True,True,True,True,True,True,,1,UEFA Euro 2020,False
uefa_euro_2020__sb3788767,3788767,UEFA Euro 2020,2020,2021-06-21,7229a9916d9d42ebd6d303550befcf43f4decbbb135a17380d781e8ee70fa9c9,objects/72/7229a9916d9d42ebd6d303550befcf43f4decbbb135a17380d781e8ee70fa9c9.json,70f985c4d53263ea,exact,exact,911,915,A,0,1,3587,23,23,available_verified,1.0,0.963,93.183,False,135,True,True,True,True,True,True,True,,1,UEFA Euro 2020,False
uefa_euro_2020__sb3788768,3788768,UEFA Euro 2020,2020,2021-06-21,d0f9457bc52a7deb859badd7daf273956ba06be4345f7bc776c1c509a7f519d6,objects/d0/d0f9457bc52a7deb859badd7daf273956ba06be4345f7bc776c1c509a7f519d6.json,95f4f003e9ce66e1,exact,exact,1835,782,A,0,2,4085,24,24,available_verified,1.0,0.8618,93.65,False,152,True,True,True,True,True,True,True,,1,UEFA Euro 2020,False
uefa_euro_2020__sb3788769,3788769,UEFA Euro 2020,2020,2021-06-21,8caba8bb79a925c77718409bf7574965fb83aada1c9f23910cdb5685ee632672,objects/8c/8caba8bb79a925c77718409bf7574965fb83aada1c9f23910cdb5685ee632672.json,aab7e4b216c336e8,exact,exact,796,776,A,1,4,3029,22,22,available_verified,1.0,0.876,92.883,False,129,True,True,True,True,True,True,True,,1,UEFA Euro 2020,False
uefa_euro_2020__sb3788770,3788770,UEFA Euro 2020,2020,2021-06-21,992959102dd5d65a4aacf3c8c8850309eacbc281015329edb01e0ebc1026d11d,objects/99/992959102dd5d65a4aacf3c8c8850309eacbc281015329edb01e0ebc1026d11d.json,5d0ad83093084df7,exact,exact,2358,941,A,0,3,3830,30,30,available_verified,1.0,0.993,94.017,False,142,True,True,True,True,True,True,True,,1,UEFA Euro 2020,False
uefa_euro_2020__sb3788771,3788771,UEFA Euro 2020,2020,2021-06-22,795a80d7b40bc355a896b7153648a39ca01645f603b3a3f63e6d27ebf226bc1a,objects/79/795a80d7b40bc355a896b7153648a39ca01645f603b3a3f63e6d27ebf226bc1a.json,0f19f991bfa7bc27,exact,exact,785,942,H,3,1,3692,22,22,available_verified,1.0,0.8966,94.067,False,116,True,True,True,True,True,True,True,,1,UEFA Euro 2020,False
uefa_euro_2020__sb3788772,3788772,UEFA Euro 2020,2020,2021-06-22,a58ea3424064268f22b715bef31c55a6b7729c5d39661c139d1cfe88864753d8,objects/a5/a58ea3424064268f22b715bef31c55a6b7729c5d39661c139d1cfe88864753d8.json,e876b316dd9ca391,exact,exact,912,768,A,0,1,3443,13,13,available_verified,1.0,0.9744,93.217,False,117,True,True,True,True,True,True,True,,1,UEFA Euro 2020,False
uefa_euro_2020__sb3788773,3788773,UEFA Euro 2020,2020,2021-06-23,245cfef3ac8813d07182b7f96dbdedf6c13b6e8aa3d5c255d4955cea2b77a2ca,objects/24/245cfef3ac8813d07182b7f96dbdedf6c13b6e8aa3d5c255d4955cea2b77a2ca.json,a6c0c14b2875d2dc,exact,exact,780,771,D,2,2,3889,21,21,available_verified,1.0,0.9647,95.1,False,85,True,True,True,True,True,True,True,,1,UEFA Euro 2020,False
uefa_euro_2020__sb3788774,3788774,UEFA Euro 2020,2020,2021-06-23,25271f0d3a3442c2a1ab82d992a5dea8058368ebb94c932d02bd08e01ec10ebc,objects/25/25271f0d3a3442c2a1ab82d992a5dea8058368ebb94c932d02bd08e01ec10ebc.json,8c37b1c8b24bff7f,exact,exact,770,916,D,2,2,3675,27,27,available_verified,1.0,0.9766,94.017,False,128,True,True,True,True,True,True,True,,1,UEFA Euro 2020,False
uefa_euro_2020__sb3788775,3788775,UEFA Euro 2020,2020,2021-06-23,11e537fc89de74c3574c8c5d91df03a34b7e078d3edd7c4ea5834ebeb67ee2dd,objects/11/11e537fc89de74c3574c8c5d91df03a34b7e078d3edd7c4ea5834ebeb67ee2dd.json,33a9ce74d34679b1,exact,exact,908,772,A,0,5,3627,22,22,available_verified,1.0,0.9739,94.3,False,115,True,True,True,True,True,True,True,,1,UEFA Euro 2020,False
uefa_euro_2020__sb3788776,3788776,UEFA Euro 2020,2020,2021-06-23,4c812b52ee1e805866f4d2b9d94d1e6914d01c4091704b1c348bc38f495670d8,objects/4c/4c812b52ee1e805866f4d2b9d94d1e6914d01c4091704b1c348bc38f495670d8.json,f519dcec2e6ee177,exact,wdl_target_conflict,790,789,D,2,2,2879,29,29,available_verified,1.0,0.9883,95.0,False,171,False,False,False,False,False,False,False,wdl_target_conflict:wdl_target_conflict,1,UEFA Euro 2020,False
uefa_euro_2020__sb3794685,3794685,UEFA Euro 2020,2020,2021-06-26,9cf5bc17592edae0b3fd78364f304af8b67adb1d299e61d11f36967dbe42cb1c,objects/9c/9cf5bc17592edae0b3fd78364f304af8b67adb1d299e61d11f36967dbe42cb1c.json,60817d316338ff11,exact,exact,914,915,D,0,0,4882,42,42,available_verified,1.0,0.9154,95.1,True,130,True,True,True,True,True,True,True,,1,UEFA Euro 2020,False
uefa_euro_2020__sb3794686,3794686,UEFA Euro 2020,2020,2021-06-28,dcba23892f0ff0244494c32096afccd21f5cf1e7295c3a9d31f53e131e61edb8,objects/dc/dcba23892f0ff0244494c32096afccd21f5cf1e7295c3a9d31f53e131e61edb8.json,39ab5b3554e9c0f1,exact,wdl_target_conflict,785,772,A,2,3,4858,35,35,available_verified,1.0,0.9206,96.0,True,126,False,False,False,False,False,False,False,wdl_target_conflict:wdl_target_conflict,1,UEFA Euro 2020,False
uefa_euro_2020__sb3794687,3794687,UEFA Euro 2020,2020,2021-06-27,805c8201bd26abb0c4bd70452c4a0a7548c197ba80994fab474f21adc4272138,objects/80/805c8201bd26abb0c4bd70452c4a0a7548c197ba80994fab474f21adc4272138.json,d7b6580a5161794e,exact,exact,782,780,H,1,0,3793,29,29,available_verified,1.0,0.9573,95.483,False,117,True,True,True,True,True,True,True,,1,UEFA Euro 2020,False
uefa_euro_2020__sb3794688,3794688,UEFA Euro 2020,2020,2021-06-29,daad57d94b63665ee22463289499b0d5513dce7865eae9a9c14a719ae1ea8fc2,objects/da/daad57d94b63665ee22463289499b0d5513dce7865eae9a9c14a719ae1ea8fc2.json,c6532bde2243b959,exact,exact,768,770,H,2,0,3454,14,14,available_verified,1.0,0.9118,94.133,False,102,True,True,True,True,True,True,True,,1,UEFA Euro 2020,False
uefa_euro_2020__sb3794689,3794689,UEFA Euro 2020,2020,2021-06-26,d27437dc4f6919552febf013c13321682e49caa9502eb81c2508ab01d0ea1d62,objects/d2/d27437dc4f6919552febf013c13321682e49caa9502eb81c2508ab01d0ea1d62.json,52bde64edd0c751f,exact,mismatch_regulation_goals,907,776,A,0,3,3117,27,27,available_verified,1.0,0.9868,96.333,False,151,True,True,True,True,True,True,True,,1,UEFA Euro 2020,False
uefa_euro_2020__sb3794690,3794690,UEFA Euro 2020,2020,2021-06-27,ccd18c6308058c9554e522f28bfdfdb8ee3199f755eb0b8dc048afa0b6b7e1bd,objects/cc/ccd18c6308058c9554e522f28bfdfdb8ee3199f755eb0b8dc048afa0b6b7e1bd.json,fa98961ca33587bd,exact,exact,941,912,A,0,2,3099,18,18,available_verified,1.0,0.9833,96.367,False,120,True,True,True,True,True,True,True,,1,UEFA Euro 2020,False
uefa_euro_2020__sb3794691,3794691,UEFA Euro 2020,2020,2021-06-28,350032c156d4f41a47755d6c1b797367667a93aa05528e66a5433ab301501dcd,objects/35/350032c156d4f41a47755d6c1b797367667a93aa05528e66a5433ab301501dcd.json,f452030be32bff06,exact,exact,771,773,D,3,3,4569,49,49,available_verified,1.0,0.9754,94.1,True,122,True,True,True,True,True,True,True,,1,UEFA Euro 2020,False
uefa_euro_2020__sb3794692,3794692,UEFA Euro 2020,2020,2021-06-29,9e9bb259ef5c90ad146bac3e75ce9541c7a83f828b629647ab737df7ec80e8ce,objects/9e/9e9bb259ef5c90ad146bac3e75ce9541c7a83f828b629647ab737df7ec80e8ce.json,091cae13554ef48f,exact,exact,790,911,D,1,1,4919,28,28,available_verified,1.0,0.9339,91.95,True,121,True,True,True,True,True,True,True,,1,UEFA Euro 2020,False
uefa_euro_2020__sb3795107,3795107,UEFA Euro 2020,2020,2021-07-02,d3ed3de173c7cd940e217851f871a0ca84d31d676855faf2aba8ec027426b731,objects/d3/d3ed3de173c7cd940e217851f871a0ca84d31d676855faf2aba8ec027426b731.json,507f2c9ce4289c7a,exact,exact,782,914,A,1,2,3616,24,24,available_verified,1.0,0.9714,97.033,False,140,True,True,True,True,True,True,True,,1,UEFA Euro 2020,False
uefa_euro_2020__sb3795108,3795108,UEFA Euro 2020,2020,2021-07-02,7cd286e364e7614d75176a8fbf9c442b3a7a7ba73511d6e6a91dcbfe7d9ff5cd,objects/7c/7cd286e364e7614d75176a8fbf9c442b3a7a7ba73511d6e6a91dcbfe7d9ff5cd.json,a3127ec3e05a570c,exact,exact,773,772,D,1,1,4989,46,46,available_verified,1.0,0.9914,94.083,True,116,True,True,True,True,True,True,True,,1,UEFA Euro 2020,False
uefa_euro_2020__sb3795109,3795109,UEFA Euro 2020,2020,2021-07-03,4089e7e5ac0a3273f00645c3dce70a89065f884fe6fca8aa758e173f3c8627ed,objects/40/4089e7e5ac0a3273f00645c3dce70a89065f884fe6fca8aa758e173f3c8627ed.json,7959adcbfba13231,exact,exact,912,776,A,1,2,3217,27,27,available_verified,1.0,0.9724,96.067,False,145,True,True,True,True,True,True,True,,1,UEFA Euro 2020,False
uefa_euro_2020__sb3795187,3795187,UEFA Euro 2020,2020,2021-07-03,83e9ebffcac03aac530854f939b9aeaec845bb1fc482426db3dddf425d630aac,objects/83/83e9ebffcac03aac530854f939b9aeaec845bb1fc482426db3dddf425d630aac.json,e1f7315628101d97,exact,exact,911,768,A,0,4,4264,17,17,available_verified,1.0,0.9588,90.083,False,97,True,True,True,True,True,True,True,,1,UEFA Euro 2020,False
uefa_euro_2020__sb3795220,3795220,UEFA Euro 2020,2020,2021-07-06,0f675fb093f0fe410bad61d131d85db305513a75c9b16375d38568bd0265a070,objects/0f/0f675fb093f0fe410bad61d131d85db305513a75c9b16375d38568bd0265a070.json,3085eceb88cfe8f6,exact,exact,914,772,D,1,1,4824,32,32,available_verified,1.0,0.8785,93.083,True,107,True,True,True,True,True,True,True,,1,UEFA Euro 2020,False
uefa_euro_2020__sb3795221,3795221,UEFA Euro 2020,2020,2021-07-07,f75e0e782f4abbedb2823051af32e959394d826f4e12e55e526b64ccc6eefb8d,objects/f7/f75e0e782f4abbedb2823051af32e959394d826f4e12e55e526b64ccc6eefb8d.json,4414abe13948a00f,exact,exact,768,776,D,1,1,4691,27,27,available_verified,1.0,0.8739,96.883,True,119,True,True,True,True,True,True,True,,1,UEFA Euro 2020,False
uefa_euro_2020__sb3795506,3795506,UEFA Euro 2020,2020,2021-07-11,662e5a13d9433abb6eb573a0a9a3bf95ada7b8df94da38ce47216cf58454f25b,objects/66/662e5a13d9433abb6eb573a0a9a3bf95ada7b8df94da38ce47216cf58454f25b.json,444446337442b94d,exact,exact,914,768,D,1,1,4796,35,35,available_verified,1.0,0.9694,96.417,True,98,True,True,True,True,True,True,True,,1,UEFA Euro 2020,False
fifa_world_cup_2022__sb3857254,3857254,FIFA World Cup 2022,2022,2022-11-22,05b8584eea49fb178102bc067ccb5dad82c1c1988ec971a875a9229e27badb5a,objects/05/05b8584eea49fb178102bc067ccb5dad82c1c1988ec971a875a9229e27badb5a.json,1ff62c6fe0126418,exact,exact,776,777,D,0,0,3680,24,24,available_verified,1.0,0.95,97.6,False,120,True,True,True,True,True,True,True,,2,FIFA World Cup 2022,False
fifa_world_cup_2022__sb3857255,3857255,FIFA World Cup 2022,2022,2022-12-01,dec08979312350b0c3910b5ed15c7e4f7c10f438b733be0231d47a487b74e7a0,objects/de/dec08979312350b0c3910b5ed15c7e4f7c10f438b733be0231d47a487b74e7a0.json,76205345820ac452,exact,exact,778,772,H,2,1,4450,18,18,available_verified,1.0,0.9333,97.017,False,105,True,True,True,True,True,True,True,,2,FIFA World Cup 2022,False
fifa_world_cup_2022__sb3857256,3857256,FIFA World Cup 2022,2022,2022-12-02,e1c5c6d486cac99e336669951946b5d31983b28285089470943f42d16ced7337,objects/e1/e1c5c6d486cac99e336669951946b5d31983b28285089470943f42d16ced7337.json,c5d9d0e9055c5252,exact,exact,786,773,A,2,3,3210,26,26,available_verified,1.0,0.9833,100.3,False,120,True,True,True,True,True,True,True,,2,FIFA World Cup 2022,False
fifa_world_cup_2022__sb3857257,3857257,FIFA World Cup 2022,2022,2022-11-30,a9cc7eef2a5f15d49f2fe5bc2b0040732862c500b1363b3c0f6694cf41498cbf,objects/a9/a9cc7eef2a5f15d49f2fe5bc2b0040732862c500b1363b3c0f6694cf41498cbf.json,adc27765418da745,exact,exact,792,776,H,1,0,3594,22,22,available_verified,1.0,0.9704,96.05,False,135,True,True,True,True,True,True,True,,2,FIFA World Cup 2022,False
fifa_world_cup_2022__sb3857258,3857258,FIFA World Cup 2022,2022,2022-11-24,0b47aafb78f7a131cf536753291ec3be96a54509407ec7e400c143730ae4db74,objects/0b/0b47aafb78f7a131cf536753291ec3be96a54509407ec7e400c143730ae4db74.json,f04bbbbecb34c9aa,exact,exact,781,786,H,2,0,3656,28,28,available_verified,1.0,0.8913,97.133,False,138,True,True,True,True,True,True,True,,2,FIFA World Cup 2022,False
fifa_world_cup_2022__sb3857259,3857259,FIFA World Cup 2022,2022,2022-11-28,54006e5292f8a12a121d39c68a796d8fbe94c0f93304558a40bb80d81972f264,objects/54/54006e5292f8a12a121d39c68a796d8fbe94c0f93304558a40bb80d81972f264.json,928a699c49a903bb,exact,exact,2722,786,D,3,3,3270,28,28,available_verified,1.0,0.9732,96.217,False,149,True,True,True,True,True,True,True,,2,FIFA World Cup 2022,False
fifa_world_cup_2022__sb3857260,3857260,FIFA World Cup 2022,2022,2022-11-30,7d619884b464cb63bb5ae13085cc3e6f2390cb2c6ef42107e2f85abb751579e7,objects/7d/7d619884b464cb63bb5ae13085cc3e6f2390cb2c6ef42107e2f85abb751579e7.json,f9ee72e09972afed,exact,mismatch_regulation_goals,799,794,A,0,2,2912,36,36,available_verified,1.0,0.9924,97.633,False,132,True,True,True,True,True,True,True,,2,FIFA World Cup 2022,False
fifa_world_cup_2022__sb3857261,3857261,FIFA World Cup 2022,2022,2022-11-29,ec4f9d3ebb2fe5dd32664a60fec79c4e5b4536748315f35fca050fd7f8bb23c2,objects/ec/ec4f9d3ebb2fe5dd32664a60fec79c4e5b4536748315f35fca050fd7f8bb23c2.json,bcf259d61d29600e,exact,exact,907,768,A,0,3,3315,25,25,available_verified,1.0,0.9636,94.0,False,110,True,True,True,True,True,True,True,,2,FIFA World Cup 2022,False
fifa_world_cup_2022__sb3857262,3857262,FIFA World Cup 2022,2022,2022-12-02,f67026e3be8362a24da7df778ca96cdfc631bef071b07b4edb6cef1cb1eafacf,objects/f6/f67026e3be8362a24da7df778ca96cdfc631bef071b07b4edb6cef1cb1eafacf.json,6dd110f13bffdca8,exact,wdl_target_conflict,791,780,D,1,1,3378,25,25,available_verified,1.0,0.9487,96.983,False,117,False,False,False,False,False,False,False,wdl_target_conflict:wdl_target_conflict,2,FIFA World Cup 2022,False
fifa_world_cup_2022__sb3857263,3857263,FIFA World Cup 2022,2022,2022-11-27,16617ba95154db870ba833156348acfafa037730391ec0f8fe3f2635eba135ad,objects/16/16617ba95154db870ba833156348acfafa037730391ec0f8fe3f2635eba135ad.json,845bbf9b43596ff5,exact,exact,772,770,D,1,1,3603,18,18,available_verified,1.0,0.9573,95.817,False,117,True,True,True,True,True,True,True,,2,FIFA World Cup 2022,False
fifa_world_cup_2022__sb3857264,3857264,FIFA World Cup 2022,2022,2022-11-30,b5e2357a818badd8b294b854b2b327ea7a07cdf7a627973f20a81ebf98e494ce,objects/b5/b5e2357a818badd8b294b854b2b327ea7a07cdf7a627973f20a81ebf98e494ce.json,3e0f1e40949cb532,exact,exact,789,779,A,0,2,4052,28,28,available_verified,1.0,0.9489,96.017,False,137,True,True,True,True,True,True,True,,2,FIFA World Cup 2022,False
fifa_world_cup_2022__sb3857265,3857265,FIFA World Cup 2022,2022,2022-11-22,ed76f94790148cc865622a26fd3d29df3d5253bd04bf053c0207dc0d15e6c0a6,objects/ed/ed76f94790148cc865622a26fd3d29df3d5253bd04bf053c0207dc0d15e6c0a6.json,b451525e9a5c557f,exact,exact,794,789,D,0,0,3184,17,17,available_verified,1.0,0.9407,97.383,False,118,True,True,True,True,True,True,True,,2,FIFA World Cup 2022,False
fifa_world_cup_2022__sb3857266,3857266,FIFA World Cup 2022,2022,2022-11-26,f375137a64c13b2c22e456fae9394bc810ca2bb98a439d94da18fea1365a98a8,objects/f3/f375137a64c13b2c22e456fae9394bc810ca2bb98a439d94da18fea1365a98a8.json,c84e0d8dd22a6f2a,exact,exact,771,776,H,2,1,3853,31,31,available_verified,1.0,0.9462,97.15,False,130,True,True,True,True,True,True,True,,2,FIFA World Cup 2022,False
fifa_world_cup_2022__sb3857267,3857267,FIFA World Cup 2022,2022,2022-11-29,7c05c6fa755649d4d882f98817944d6f90613ca424af061d0cfbc080585ac95d,objects/7c/7c05c6fa755649d4d882f98817944d6f90613ca424af061d0cfbc080585ac95d.json,ec4212818042a895,exact,exact,3565,787,A,1,2,2827,22,22,available_verified,1.0,0.9717,96.933,False,106,True,True,True,True,True,True,True,,2,FIFA World Cup 2022,False
fifa_world_cup_2022__sb3857268,3857268,FIFA World Cup 2022,2022,2022-11-23,1e9c9f2cf8b229388e826a32bb04224ab9aadb91e5aa4614ecf66cc07c6caa48,objects/1e/1e9c9f2cf8b229388e826a32bb04224ab9aadb91e5aa4614ecf66cc07c6caa48.json,b476398ec95c6bac,exact,exact,782,1833,H,1,0,3499,31,31,available_verified,1.0,0.9925,95.05,False,133,True,True,True,True,True,True,True,,2,FIFA World Cup 2022,False
fifa_world_cup_2022__sb3857269,3857269,FIFA World Cup 2022,2022,2022-11-28,20c7d2dd0ca6ff6dbfb5ccebfd8dfb4483783de6afded86060aa0043943e258e,objects/20/20c7d2dd0ca6ff6dbfb5ccebfd8dfb4483783de6afded86060aa0043943e258e.json,38f2e70967b6b224,exact,exact,781,773,H,1,0,3786,19,19,available_verified,1.0,0.95,95.917,False,120,True,True,True,True,True,True,True,,2,FIFA World Cup 2022,False
fifa_world_cup_2022__sb3857270,3857270,FIFA World Cup 2022,2022,2022-11-28,29d7a2c5f589c6fe7ffbc97ca0738d0959e900d1f0f3f488d3ff7f91f94c30fb,objects/29/29d7a2c5f589c6fe7ffbc97ca0738d0959e900d1f0f3f488d3ff7f91f94c30fb.json,3642acd96c58e22e,exact,mismatch_regulation_goals,780,783,H,1,0,3441,26,26,available_verified,1.0,0.9811,100.133,False,106,True,True,True,True,True,True,True,,2,FIFA World Cup 2022,False
fifa_world_cup_2022__sb3857271,3857271,FIFA World Cup 2022,2022,2022-11-21,3195e45476b96c3257e15043ac4fe17bbb640c548a4edb74d2c3b3eb8b3519e3,objects/31/3195e45476b96c3257e15043ac4fe17bbb640c548a4edb74d2c3b3eb8b3519e3.json,cbd2fbd2b0095660,exact,mismatch_regulation_goals,768,797,H,6,1,3649,21,21,available_verified,1.0,0.9192,103.083,False,99,True,True,True,True,True,True,True,,2,FIFA World Cup 2022,False
fifa_world_cup_2022__sb3857272,3857272,FIFA World Cup 2022,2022,2022-11-25,9d560f65771f71885fb97643240f0c858d7ddd66410d7fbc6e2783533eb6919b,objects/9d/9d560f65771f71885fb97643240f0c858d7ddd66410d7fbc6e2783533eb6919b.json,143ab97c0a953a8f,exact,exact,768,1839,D,0,0,3519,18,18,available_verified,1.0,0.9508,94.567,False,122,True,True,True,True,True,True,True,,2,FIFA World Cup 2022,False
fifa_world_cup_2022__sb3857273,3857273,FIFA World Cup 2022,2022,2022-11-25,7bee8a23bbf5bf6db47d7668289e80cf8eb4f49cab46b449073f5839b15f450b,objects/7b/7bee8a23bbf5bf6db47d7668289e80cf8eb4f49cab46b449073f5839b15f450b.json,83a40ae62a6094e8,exact,wdl_target_conflict,907,797,D,0,0,3133,31,31,available_verified,1.0,0.9856,102.133,False,139,False,False,False,False,False,False,False,wdl_target_conflict:wdl_target_conflict,2,FIFA World Cup 2022,False
fifa_world_cup_2022__sb3857274,3857274,FIFA World Cup 2022,2022,2022-11-25,40f8b9d5fe6e8e2cb9ea823a99485d142a67eba46b228d237774a687ab3a9d66,objects/40/40f8b9d5fe6e8e2cb9ea823a99485d142a67eba46b228d237774a687ab3a9d66.json,4e0564f52b59cdcf,exact,exact,941,3565,D,1,1,3563,17,17,available_verified,1.0,0.967,96.133,False,91,True,True,True,True,True,True,True,,2,FIFA World Cup 2022,False
fifa_world_cup_2022__sb3857275,3857275,FIFA World Cup 2022,2022,2022-11-30,8531cc2ce4bfab163e2660f8e5dea4f88d97794423ef3d894f789602b1fab610,objects/85/8531cc2ce4bfab163e2660f8e5dea4f88d97794423ef3d894f789602b1fab610.json,f908885ce28923d9,exact,exact,777,771,H,1,0,3564,15,15,available_verified,1.0,0.8017,102.683,False,116,True,True,True,True,True,True,True,,2,FIFA World Cup 2022,False
fifa_world_cup_2022__sb3857276,3857276,FIFA World Cup 2022,2022,2022-12-01,8320cf567b912bac1ff9f5a49deb1263ba5aa2610cf6f3dcf6db60f065bf1e99,objects/83/8320cf567b912bac1ff9f5a49deb1263ba5aa2610cf6f3dcf6db60f065bf1e99.json,2acfb4344f2ac1b4,exact,exact,1833,788,A,1,2,3388,12,12,available_verified,1.0,0.9545,93.9,False,88,True,True,True,True,True,True,True,,2,FIFA World Cup 2022,False
fifa_world_cup_2022__sb3857277,3857277,FIFA World Cup 2022,2022,2022-11-23,0bb3e4c8ad11587af05ca6734d50e6f7ea883db9ff73d79540c434bc50715a0f,objects/0b/0bb3e4c8ad11587af05ca6734d50e6f7ea883db9ff73d79540c434bc50715a0f.json,e5df4d83e8919315,exact,exact,788,785,D,0,0,3719,13,13,available_verified,1.0,0.8889,96.05,False,99,True,True,True,True,True,True,True,,2,FIFA World Cup 2022,False
fifa_world_cup_2022__sb3857278,3857278,FIFA World Cup 2022,2022,2022-11-29,63962cc1cc2b6b0c7e9e12e3e9e9ee855ce7036b8f0aa123e3bdd297a99ec095,objects/63/63962cc1cc2b6b0c7e9e12e3e9e9ee855ce7036b8f0aa123e3bdd297a99ec095.json,3aed18b7e70f038c,exact,exact,797,1839,A,0,1,3596,16,16,available_verified,1.0,0.8678,99.883,False,121,True,True,True,True,True,True,True,,2,FIFA World Cup 2022,False
fifa_world_cup_2022__sb3857279,3857279,FIFA World Cup 2022,2022,2022-11-22,6e35ec73c164565b99684ab534efed808f23f6cb2c75842c8f2b413501ec96fb,objects/6e/6e35ec73c164565b99684ab534efed808f23f6cb2c75842c8f2b413501ec96fb.json,3e109074d37f49a2,exact,exact,771,792,H,4,1,3963,27,27,available_verified,1.0,0.9429,97.217,False,140,True,True,True,True,True,True,True,,2,FIFA World Cup 2022,False
fifa_world_cup_2022__sb3857280,3857280,FIFA World Cup 2022,2022,2022-12-02,78ea79b4145e6d694180fe8eef748531ea96b0d75d18c1f9ccebd0228c7bf017,objects/78/78ea79b4145e6d694180fe8eef748531ea96b0d75d18c1f9ccebd0228c7bf017.json,7901496dfdd23c75,exact,wdl_target_conflict,2722,781,D,0,0,3299,28,28,available_verified,1.0,0.9724,100.1,False,145,False,False,False,False,False,False,False,wdl_target_conflict:wdl_target_conflict,2,FIFA World Cup 2022,False
fifa_world_cup_2022__sb3857281,3857281,FIFA World Cup 2022,2022,2022-11-27,f99ed7e0cb4f7a9c28b05ecae768bd10812f52987060f0edb324fb77ac610375,objects/f9/f99ed7e0cb4f7a9c28b05ecae768bd10812f52987060f0edb324fb77ac610375.json,eb3ce474b07a3282,exact,mismatch_regulation_goals,785,1833,H,3,1,3724,21,21,available_verified,1.0,0.9786,96.017,False,140,True,True,True,True,True,True,True,,2,FIFA World Cup 2022,False
fifa_world_cup_2022__sb3857282,3857282,FIFA World Cup 2022,2022,2022-11-21,2a6d3d04b6257bfc35a2e0c5a35f05a8997a089191ce27d0c2a5f02108f3b9db,objects/2a/2a6d3d04b6257bfc35a2e0c5a35f05a8997a089191ce27d0c2a5f02108f3b9db.json,e58f78b0f479249f,exact,exact,1839,907,D,1,1,3687,13,13,available_verified,1.0,0.8929,100.583,False,112,True,True,True,True,True,True,True,,2,FIFA World Cup 2022,False
fifa_world_cup_2022__sb3857283,3857283,FIFA World Cup 2022,2022,2022-11-27,9dd25252fdcfa200588ad3b8d66b618fa6a01633d34b0327776a006ffd6ba5a3,objects/9d/9dd25252fdcfa200588ad3b8d66b618fa6a01633d34b0327776a006ffd6ba5a3.json,e55d9393b3f48252,exact,mismatch_regulation_goals,782,788,A,0,1,3620,20,20,available_verified,1.0,0.9434,95.233,False,106,True,True,True,True,True,True,True,,2,FIFA World Cup 2022,False
fifa_world_cup_2022__sb3857284,3857284,FIFA World Cup 2022,2022,2022-11-23,669bc6550cbe4dfb70305b04b2b8eacb0de676e576c69e4be209826bb425f0c6,objects/66/669bc6550cbe4dfb70305b04b2b8eacb0de676e576c69e4be209826bb425f0c6.json,a2d31b1a0b71a4ca,exact,exact,770,778,A,1,2,3717,38,38,available_verified,1.0,0.9141,98.15,False,163,True,True,True,True,True,True,True,,2,FIFA World Cup 2022,False
fifa_world_cup_2022__sb3857285,3857285,FIFA World Cup 2022,2022,2022-11-21,b97e53a23b76d1fd7b4895cf68820539e24300e7e0032e4cfe429fca7a95b0fa,objects/b9/b97e53a23b76d1fd7b4895cf68820539e24300e7e0032e4cfe429fca7a95b0fa.json,cbd089198aa68af3,exact,mismatch_regulation_goals,787,941,A,0,1,3133,25,25,available_verified,1.0,0.9781,100.117,False,137,True,True,True,True,True,True,True,,2,FIFA World Cup 2022,False
fifa_world_cup_2022__sb3857286,3857286,FIFA World Cup 2022,2022,2022-11-20,27c12e2f24a7679d7bf60690c0832e61e04e56bdf1d62323c33b93829c673ea9,objects/27/27c12e2f24a7679d7bf60690c0832e61e04e56bdf1d62323c33b93829c673ea9.json,de8988933e0474bd,exact,exact,3566,3565,A,0,2,3299,11,11,available_verified,1.0,0.7738,95.317,False,84,True,True,True,True,True,True,True,,2,FIFA World Cup 2022,False
fifa_world_cup_2022__sb3857287,3857287,FIFA World Cup 2022,2022,2022-11-24,5cf5213afda5d31a431fb1dc26d8f5403aea0d7f9dec82a04fe4787ef0152f2c,objects/5c/5cf5213afda5d31a431fb1dc26d8f5403aea0d7f9dec82a04fe4787ef0152f2c.json,f8fa710497924140,exact,exact,783,791,D,0,0,3462,17,17,available_verified,1.0,0.9223,97.783,False,103,True,True,True,True,True,True,True,,2,FIFA World Cup 2022,False
fifa_world_cup_2022__sb3857288,3857288,FIFA World Cup 2022,2022,2022-11-26,850f40e36dfadd46ae4660e15558308b5855406821c32d477648272e3fd6be11,objects/85/850f40e36dfadd46ae4660e15558308b5855406821c32d477648272e3fd6be11.json,0d4cf8371837520a,exact,exact,777,792,A,0,1,3359,23,23,available_verified,1.0,0.9474,96.283,False,133,True,True,True,True,True,True,True,,2,FIFA World Cup 2022,False
fifa_world_cup_2022__sb3857289,3857289,FIFA World Cup 2022,2022,2022-11-26,8c0d993f9e80602812ec0e73959a4a88a617d14414a2decd3ecfbfebdfab2e08,objects/8c/8c0d993f9e80602812ec0e73959a4a88a617d14414a2decd3ecfbfebdfab2e08.json,6c346725cac56200,exact,exact,779,794,H,2,0,3375,9,9,available_verified,1.0,0.8933,96.483,False,75,True,True,True,True,True,True,True,,2,FIFA World Cup 2022,False
fifa_world_cup_2022__sb3857290,3857290,FIFA World Cup 2022,2022,2022-11-24,eb446ea4a6227a31b589a2c9e4b3c557a15a763723326611e1c03ec90640e97c,objects/eb/eb446ea4a6227a31b589a2c9e4b3c557a15a763723326611e1c03ec90640e97c.json,9e62e55b88dc258d,exact,exact,773,2722,H,1,0,3601,15,15,available_verified,1.0,0.9365,96.233,False,126,True,True,True,True,True,True,True,,2,FIFA World Cup 2022,False
fifa_world_cup_2022__sb3857291,3857291,FIFA World Cup 2022,2022,2022-11-23,85918fc69760bc1b208f5cfb49ef4f44337673558b5d1e00909844e91810a570,objects/85/85918fc69760bc1b208f5cfb49ef4f44337673558b5d1e00909844e91810a570.json,bbc6b2cbe59ff3ea,exact,mismatch_regulation_goals,772,795,H,6,0,4351,17,17,available_verified,1.0,0.9565,98.067,False,115,True,True,True,True,True,True,True,,2,FIFA World Cup 2022,False
fifa_world_cup_2022__sb3857292,3857292,FIFA World Cup 2022,2022,2022-12-01,1836a8dbdd33472eb3f1e57a898abfd9a944870e45dce8a83984445281ac2fb0,objects/18/1836a8dbdd33472eb3f1e57a898abfd9a944870e45dce8a83984445281ac2fb0.json,7daaee98475ec516,exact,exact,795,770,A,2,4,3869,38,38,available_verified,1.0,0.9886,100.033,False,176,True,True,True,True,True,True,True,,2,FIFA World Cup 2022,False
fifa_world_cup_2022__sb3857293,3857293,FIFA World Cup 2022,2022,2022-12-02,a995a7ced8343eb536cbfd8cd16a42f8613312672b3485baed1d573fc2c341f7,objects/a9/a995a7ced8343eb536cbfd8cd16a42f8613312672b3485baed1d573fc2c341f7.json,2755607c4622d115,exact,exact,4885,783,A,0,2,3495,21,21,available_verified,1.0,0.8909,100.167,False,110,True,True,True,True,True,True,True,,2,FIFA World Cup 2022,False
fifa_world_cup_2022__sb3857294,3857294,FIFA World Cup 2022,2022,2022-11-29,a5f13d9cb976c9e695ccd4ef449ff63ae1c5a1f7da2ecfb00603f23d6dc65a56,objects/a5/a5f13d9cb976c9e695ccd4ef449ff63ae1c5a1f7da2ecfb00603f23d6dc65a56.json,f351e87c5d11d323,exact,exact,941,3566,H,2,0,4311,18,18,available_verified,1.0,0.9802,96.05,False,101,True,True,True,True,True,True,True,,2,FIFA World Cup 2022,False
fifa_world_cup_2022__sb3857295,3857295,FIFA World Cup 2022,2022,2022-11-27,a59119793b57b85db364f1c9148f2c8ba1243555c7a25972e947b4d0aa36bb37,objects/a5/a59119793b57b85db364f1c9148f2c8ba1243555c7a25972e947b4d0aa36bb37.json,619f68a54810c4f6,exact,exact,778,795,A,0,1,3825,17,17,available_verified,1.0,0.9348,96.35,False,92,True,True,True,True,True,True,True,,2,FIFA World Cup 2022,False
fifa_world_cup_2022__sb3857296,3857296,FIFA World Cup 2022,2022,2022-12-01,e86579ac60aa4fec884716d3cc438610cc1a61c8453cd339c9223098be665a7c,objects/e8/e86579ac60aa4fec884716d3cc438610cc1a61c8453cd339c9223098be665a7c.json,1e8def55b3f1a21e,exact,exact,785,782,D,0,0,4116,27,27,available_verified,1.0,0.9752,93.983,False,161,True,True,True,True,True,True,True,,2,FIFA World Cup 2022,False
fifa_world_cup_2022__sb3857297,3857297,FIFA World Cup 2022,2022,2022-11-26,ba51d6820d4b5e19e3dc858d4e111b9214696c5d5ccd78eae6eb97306d26a49d,objects/ba/ba51d6820d4b5e19e3dc858d4e111b9214696c5d5ccd78eae6eb97306d26a49d.json,9a5351fee156e820,exact,exact,789,799,H,2,0,3202,26,26,available_verified,1.0,0.9412,97.083,False,136,True,True,True,True,True,True,True,,2,FIFA World Cup 2022,False
fifa_world_cup_2022__sb3857298,3857298,FIFA World Cup 2022,2022,2022-11-24,1d83208ea85fbadbacf2a8886a62a14bb5202bd57b494606b0ccdbe10709ab51,objects/1d/1d83208ea85fbadbacf2a8886a62a14bb5202bd57b494606b0ccdbe10709ab51.json,44075a9da90df0fa,exact,exact,780,4885,H,3,2,3738,20,20,available_verified,1.0,0.9744,100.117,False,117,True,True,True,True,True,True,True,,2,FIFA World Cup 2022,False
fifa_world_cup_2022__sb3857299,3857299,FIFA World Cup 2022,2022,2022-11-28,b5e3534f6838cba64bcc46dfbef5bc14b768f35ad5aea2038e2990fe19c989c0,objects/b5/b5e3534f6838cba64bcc46dfbef5bc14b768f35ad5aea2038e2990fe19c989c0.json,76fa3a7afcaeba4c,exact,exact,791,4885,A,2,3,3346,28,28,available_verified,1.0,0.9635,100.917,False,137,True,True,True,True,True,True,True,,2,FIFA World Cup 2022,False
fifa_world_cup_2022__sb3857300,3857300,FIFA World Cup 2022,2022,2022-11-22,76fa92d3cc2d235a47eed0a7a722332a7c3ec5d3386a8785102eeec69db80ee8,objects/76/76fa92d3cc2d235a47eed0a7a722332a7c3ec5d3386a8785102eeec69db80ee8.json,27eb904ea4d0e17c,exact,exact,779,799,A,1,2,3329,18,18,available_verified,1.0,0.9739,103.833,False,115,True,True,True,True,True,True,True,,2,FIFA World Cup 2022,False
fifa_world_cup_2022__sb3857301,3857301,FIFA World Cup 2022,2022,2022-11-25,6a211a48871d386e146b6cd416d47d1e94244c5798feedce121e6d169286f0a3,objects/6a/6a211a48871d386e146b6cd416d47d1e94244c5798feedce121e6d169286f0a3.json,9d60e92a0461cd43,exact,exact,3566,787,A,1,3,3546,22,22,available_verified,1.0,0.9741,96.033,False,116,True,True,True,True,True,True,True,,2,FIFA World Cup 2022,False
fifa_world_cup_2022__sb3869117,3869117,FIFA World Cup 2022,2022,2022-12-03,1b0e02160e25013b840c716b304ba1bc7b9254cb044e2ca216d582f0ede3eaf0,objects/1b/1b0e02160e25013b840c716b304ba1bc7b9254cb044e2ca216d582f0ede3eaf0.json,1ff1dc3521f64266,exact,exact,941,1839,H,3,1,3582,29,29,available_verified,1.0,0.9779,96.167,False,136,True,True,True,True,True,True,True,,2,FIFA World Cup 2022,False
fifa_world_cup_2022__sb3869118,3869118,FIFA World Cup 2022,2022,2022-12-04,b9a98ce90b475f5308bca34d6dde87f332091e61fe78d45badbf3fed53dffc9f,objects/b9/b9a98ce90b475f5308bca34d6dde87f332091e61fe78d45badbf3fed53dffc9f.json,1f4cf880bf3deff1,exact,exact,768,787,H,3,0,3505,18,18,available_verified,1.0,0.8155,94.2,False,103,True,True,True,True,True,True,True,,2,FIFA World Cup 2022,False
fifa_world_cup_2022__sb3869151,3869151,FIFA World Cup 2022,2022,2022-12-03,0157c399b6ff7ec46b265024b5a98ee878d73a8a1a0d5966de3a3d1cfb56a414,objects/01/0157c399b6ff7ec46b265024b5a98ee878d73a8a1a0d5966de3a3d1cfb56a414.json,b7c98632d2a8eff1,exact,exact,779,792,H,2,1,4150,19,19,available_verified,1.0,0.9059,97.367,False,85,True,True,True,True,True,True,True,,2,FIFA World Cup 2022,False
fifa_world_cup_2022__sb3869152,3869152,FIFA World Cup 2022,2022,2022-12-04,750ec4a0672adb8c85e89c7bc9e150b911d21a4d2172652273094c8aa7d4c095,objects/75/750ec4a0672adb8c85e89c7bc9e150b911d21a4d2172652273094c8aa7d4c095.json,71e36dcf988e8c78,exact,mismatch_regulation_goals,771,789,H,2,0,3618,28,28,available_verified,1.0,0.9767,99.267,False,129,True,True,True,True,True,True,True,,2,FIFA World Cup 2022,False
fifa_world_cup_2022__sb3869219,3869219,FIFA World Cup 2022,2022,2022-12-05,717f0a1e9923bc43528546c29267c5195e071fdc3f6d63563c0d58e58fb3ec40,objects/71/717f0a1e9923bc43528546c29267c5195e071fdc3f6d63563c0d58e58fb3ec40.json,9a47ce1dfd478655,exact,exact,778,785,D,1,1,4559,38,38,available_verified,1.0,0.9615,94.0,True,130,True,True,True,True,True,True,True,,2,FIFA World Cup 2022,False
fifa_world_cup_2022__sb3869220,3869220,FIFA World Cup 2022,2022,2022-12-06,ca1d27f3a1b2454bf9d0b0b5e44aedecf01f39dde8ee1f3b6198acad3f24f966,objects/ca/ca1d27f3a1b2454bf9d0b0b5e44aedecf01f39dde8ee1f3b6198acad3f24f966.json,09e73783a3424896,exact,exact,788,772,D,0,0,4750,25,25,available_verified,1.0,0.9278,95.183,True,97,True,True,True,True,True,True,True,,2,FIFA World Cup 2022,False
fifa_world_cup_2022__sb3869253,3869253,FIFA World Cup 2022,2022,2022-12-05,c6081e65da563f21c7f902bcf2f70d4fe26f4ac7d34a867388c1d5e6f21091d5,objects/c6/c6081e65da563f21c7f902bcf2f70d4fe26f4ac7d34a867388c1d5e6f21091d5.json,2704db125d63c82b,exact,exact,781,791,H,4,1,4046,26,26,available_verified,1.0,0.9627,93.967,False,134,True,True,True,True,True,True,True,,2,FIFA World Cup 2022,False
fifa_world_cup_2022__sb3869254,3869254,FIFA World Cup 2022,2022,2022-12-06,8317fefc7c2c0e4e072064b844077849856860ef81ef29c97916fd1c19ba7d44,objects/83/8317fefc7c2c0e4e072064b844077849856860ef81ef29c97916fd1c19ba7d44.json,c6557c7ac49a9505,exact,mismatch_regulation_goals,780,773,H,5,1,3422,25,25,available_verified,1.0,0.9492,94.133,False,118,True,True,True,True,True,True,True,,2,FIFA World Cup 2022,False
fifa_world_cup_2022__sb3869321,3869321,FIFA World Cup 2022,2022,2022-12-09,dd0472e758207eea4dc1726c778f506e91c1f630b3020b101cf111267c2621ed,objects/dd/dd0472e758207eea4dc1726c778f506e91c1f630b3020b101cf111267c2621ed.json,8f3a95924b1c901e,exact,wdl_target_conflict,941,779,A,1,2,4708,31,31,available_verified,1.0,0.9579,102.667,True,95,False,False,False,False,False,False,False,wdl_target_conflict:wdl_target_conflict,2,FIFA World Cup 2022,False
fifa_world_cup_2022__sb3869354,3869354,FIFA World Cup 2022,2022,2022-12-10,50c32503dc49d25430e9cbf254160bce7e1c7ee0975be826dbf4da413f4c280e,objects/50/50c32503dc49d25430e9cbf254160bce7e1c7ee0975be826dbf4da413f4c280e.json,f152fa355729153e,exact,exact,768,771,A,1,2,3239,24,24,available_verified,1.0,0.9744,100.483,False,117,True,True,True,True,True,True,True,,2,FIFA World Cup 2022,False
fifa_world_cup_2022__sb3869420,3869420,FIFA World Cup 2022,2022,2022-12-09,0936838f0a1a27df11352a4b96c6265b3ef89b164ff96817e46ae6619f0ab164,objects/09/0936838f0a1a27df11352a4b96c6265b3ef89b164ff96817e46ae6619f0ab164.json,65ae6e636ad3df75,exact,exact,785,781,D,0,0,5145,37,37,available_verified,1.0,0.9739,93.833,True,115,True,True,True,True,True,True,True,,2,FIFA World Cup 2022,False
fifa_world_cup_2022__sb3869486,3869486,FIFA World Cup 2022,2022,2022-12-10,455127b456021593874476ee8b5dad01b0166b8da814c095300b6ed608a08993,objects/45/455127b456021593874476ee8b5dad01b0166b8da814c095300b6ed608a08993.json,7d8b5113f78d2a82,exact,exact,788,780,H,1,0,3381,21,21,available_verified,1.0,0.9649,98.033,False,114,True,True,True,True,True,True,True,,2,FIFA World Cup 2022,False
fifa_world_cup_2022__sb3869519,3869519,FIFA World Cup 2022,2022,2022-12-13,4ee7a0a1484045f49d42e74b7ca1881446ca7245087c6b6d47e536d47d58da6d,objects/4e/4ee7a0a1484045f49d42e74b7ca1881446ca7245087c6b6d47e536d47d58da6d.json,0174b58c7498fc89,exact,exact,779,785,H,3,0,3806,21,21,available_verified,1.0,0.8544,95.033,False,103,True,True,True,True,True,True,True,,2,FIFA World Cup 2022,False
fifa_world_cup_2022__sb3869552,3869552,FIFA World Cup 2022,2022,2022-12-14,a8d0c4c65503004d6e12403815b21f65c101b394b7b42bd6c84fc26357d3868e,objects/a8/a8d0c4c65503004d6e12403815b21f65c101b394b7b42bd6c84fc26357d3868e.json,edf6fd456155659a,exact,exact,771,788,H,2,0,3551,27,27,available_verified,1.0,0.9658,95.967,False,117,True,True,True,True,True,True,True,,2,FIFA World Cup 2022,False
fifa_world_cup_2022__sb3869684,3869684,FIFA World Cup 2022,2022,2022-12-17,2206de792571a821d762a34c63d189db62f7a9bdacab80ef497545f4191fdd28,objects/22/2206de792571a821d762a34c63d189db62f7a9bdacab80ef497545f4191fdd28.json,e95886d7fbb294c3,exact,exact,785,788,H,2,1,3560,21,21,available_verified,1.0,0.9174,96.15,False,121,True,True,True,True,True,True,True,,2,FIFA World Cup 2022,False
fifa_world_cup_2022__sb3869685,3869685,FIFA World Cup 2022,2022,2022-12-18,a0b0036d50c10a4c8879d1ee9f24a7502ec2cfb264a61951c8d500dfc897ec35,objects/a0/a0b0036d50c10a4c8879d1ee9f24a7502ec2cfb264a61951c8d500dfc897ec35.json,791f1fcbd9b92a78,exact,exact,779,771,D,2,2,4407,38,38,available_verified,1.0,0.9674,98.617,True,92,True,True,True,True,True,True,True,,2,FIFA World Cup 2022,False
uefa_euro_2024__sb3930158,3930158,UEFA Euro 2024,2024,2024-06-14,4c7412bf2e4a25d7bdf9c0e5f78fbb55c8fc30a918c68a48eb7c7a434d3e91a9,objects/4c/4c7412bf2e4a25d7bdf9c0e5f78fbb55c8fc30a918c68a48eb7c7a434d3e91a9.json,901470bcd2563b2e,exact,mismatch_regulation_goals,770,942,H,4,1,3372,21,21,available_verified,1.0,0.9375,93.65,False,112,True,True,True,True,True,True,True,,3,UEFA Euro 2024,False
uefa_euro_2024__sb3930159,3930159,UEFA Euro 2024,2024,2024-06-15,694c7c4422592ee3a38a1f6375004d23355d40f8918c705a9df967e063dcce40,objects/69/694c7c4422592ee3a38a1f6375004d23355d40f8918c705a9df967e063dcce40.json,463b3347c07fbe29,exact,mismatch_regulation_goals,916,773,A,1,2,3370,21,21,available_verified,1.0,0.9744,97.0,False,117,True,True,True,True,True,True,True,,3,UEFA Euro 2024,False
uefa_euro_2024__sb3930160,3930160,UEFA Euro 2024,2024,2024-06-15,e04ef2100f09adeab65d8a63c389fbf9487323223f9027b12abbeb4b577b8790,objects/e0/e04ef2100f09adeab65d8a63c389fbf9487323223f9027b12abbeb4b577b8790.json,e2262bef106494c2,exact,exact,772,785,H,3,0,3793,27,27,available_verified,1.0,0.9204,95.15,False,113,True,True,True,True,True,True,True,,3,UEFA Euro 2024,False
uefa_euro_2024__sb3930161,3930161,UEFA Euro 2024,2024,2024-06-15,4c87b1547af72dabb5eb812f16749b24f196d4735606efd06a20c494372f32e5,objects/4c/4c87b1547af72dabb5eb812f16749b24f196d4735606efd06a20c494372f32e5.json,ce1a99f0ea63882d,exact,exact,914,906,H,2,1,4066,25,25,available_verified,1.0,0.975,95.417,False,120,True,True,True,True,True,True,True,,3,UEFA Euro 2024,False
uefa_euro_2024__sb3930162,3930162,UEFA Euro 2024,2024,2024-06-16,e97379bf5fc05d24d07c7ac98defc2856203d0fd8c52b64c05dec19f0e768e37,objects/e9/e97379bf5fc05d24d07c7ac98defc2856203d0fd8c52b64c05dec19f0e768e37.json,d4a8bf32e1941313,exact,exact,944,776,D,1,1,3509,27,27,available_verified,1.0,0.9,94.467,False,140,True,True,True,True,True,True,True,,3,UEFA Euro 2024,False
uefa_euro_2024__sb3930163,3930163,UEFA Euro 2024,2024,2024-06-16,1e73b8517f4a51d08eced1c77995c188b9eddcec0cb599c8f5067fd007b29b13,objects/1e/1e73b8517f4a51d08eced1c77995c188b9eddcec0cb599c8f5067fd007b29b13.json,552f5432fd9473f7,exact,exact,786,768,A,0,1,3920,11,11,available_verified,1.0,0.8913,94.033,False,92,True,True,True,True,True,True,True,,3,UEFA Euro 2024,False
uefa_euro_2024__sb3930164,3930164,UEFA Euro 2024,2024,2024-06-17,573e66df5216af87f1d90fcea9981717a2fb7a1d8c634cd358c8df5347298c60,objects/57/573e66df5216af87f1d90fcea9981717a2fb7a1d8c634cd358c8df5347298c60.json,ecce8eda1ce69aec,exact,exact,782,908,A,0,1,3543,26,26,available_verified,1.0,0.9843,98.033,False,127,True,True,True,True,True,True,True,,3,UEFA Euro 2024,False
uefa_euro_2024__sb3930165,3930165,UEFA Euro 2024,2024,2024-06-17,3450034b725d7e8145a283ba2a8de31499a9c2b44d8b0164302805c2f3f22698,objects/34/3450034b725d7e8145a283ba2a8de31499a9c2b44d8b0164302805c2f3f22698.json,0c0c9b2e3fa14e8e,exact,exact,915,771,A,0,1,3718,19,19,available_verified,1.0,0.9355,99.217,False,124,True,True,True,True,True,True,True,,3,UEFA Euro 2024,False
uefa_euro_2024__sb3930166,3930166,UEFA Euro 2024,2024,2024-06-18,aae2a1e51c98abb3f35f7898ddadc5641132907bd0a758b45ca0f5776e33c3a2,objects/aa/aae2a1e51c98abb3f35f7898ddadc5641132907bd0a758b45ca0f5776e33c3a2.json,55f0768c01518c9e,exact,wdl_target_conflict,780,912,D,1,1,3610,24,24,available_verified,1.0,0.9527,95.033,False,148,False,False,False,False,False,False,False,wdl_target_conflict:wdl_target_conflict,3,UEFA Euro 2024,False
uefa_euro_2024__sb3930167,3930167,UEFA Euro 2024,2024,2024-06-19,4dbd82ba45e05f8b3ec16965f221fcbf6b788256ee49419c15bab3fbbf8048f8,objects/4d/4dbd82ba45e05f8b3ec16965f221fcbf6b788256ee49419c15bab3fbbf8048f8.json,91d242e43b94a51b,exact,wdl_target_conflict,785,906,H,2,1,3719,35,35,available_verified,1.0,0.8859,98.083,False,149,False,False,False,False,False,False,False,wdl_target_conflict:wdl_target_conflict,3,UEFA Euro 2024,False
uefa_euro_2024__sb3930168,3930168,UEFA Euro 2024,2024,2024-06-19,c125d9215805fbf285226b89e5de5b87376111a7a969eaf4de3d01be69bf6272,objects/c1/c125d9215805fbf285226b89e5de5b87376111a7a969eaf4de3d01be69bf6272.json,933ad0861319329a,exact,exact,770,916,H,2,0,3880,30,30,available_verified,1.0,0.9935,93.15,False,155,True,True,True,True,True,True,True,,3,UEFA Euro 2024,False
uefa_euro_2024__sb3930169,3930169,UEFA Euro 2024,2024,2024-06-19,07b490aeec4ea23dd77c05351f0d846e2ad8210d1cf40458b63d9a3c0aef137c,objects/07/07b490aeec4ea23dd77c05351f0d846e2ad8210d1cf40458b63d9a3c0aef137c.json,05be85369a0fd426,exact,exact,942,773,D,1,1,3130,23,23,available_verified,1.0,0.8448,94.067,False,116,True,True,True,True,True,True,True,,3,UEFA Euro 2024,False
uefa_euro_2024__sb3930170,3930170,UEFA Euro 2024,2024,2024-06-20,3d0641d64fd8c76ef7797902405ef68178488c754518ad52d42597d09a05699c,objects/3d/3d0641d64fd8c76ef7797902405ef68178488c754518ad52d42597d09a05699c.json,7cd23e47ce94ede9,exact,wdl_target_conflict,944,786,H,1,0,3552,27,27,available_verified,1.0,0.9638,96.433,False,138,False,False,False,False,False,False,False,wdl_target_conflict:wdl_target_conflict,3,UEFA Euro 2024,False
uefa_euro_2024__sb3930171,3930171,UEFA Euro 2024,2024,2024-06-20,d4f834a5c560f9af3095351aaaf5f308dde96fae230a00da788b468e18606d7f,objects/d4/d4f834a5c560f9af3095351aaaf5f308dde96fae230a00da788b468e18606d7f.json,7fa0c378b70468da,exact,exact,776,768,D,1,1,3881,28,28,available_verified,1.0,0.9762,93.083,False,126,True,True,True,True,True,True,True,,3,UEFA Euro 2024,False
uefa_euro_2024__sb3930172,3930172,UEFA Euro 2024,2024,2024-06-20,abf0a997a0723ad593eee176d4dff387a1e72ce95093942dd47125a4d783b9c3,objects/ab/abf0a997a0723ad593eee176d4dff387a1e72ce95093942dd47125a4d783b9c3.json,d022a76d1d941a6d,exact,exact,772,914,H,1,0,3982,24,24,available_verified,1.0,0.9727,96.233,False,110,True,True,True,True,True,True,True,,3,UEFA Euro 2024,False
uefa_euro_2024__sb3930173,3930173,UEFA Euro 2024,2024,2024-06-21,acf4f80fdf726920ccfed08359e8b6853da676abb9f5e9b8cc3b26c387d69f1a,objects/ac/acf4f80fdf726920ccfed08359e8b6853da676abb9f5e9b8cc3b26c387d69f1a.json,c5e7b1a6415eafcb,exact,exact,941,771,D,0,0,3681,24,24,available_verified,1.0,0.9735,95.367,False,113,True,True,True,True,True,True,True,,3,UEFA Euro 2024,False
uefa_euro_2024__sb3930174,3930174,UEFA Euro 2024,2024,2024-06-22,eb07ab0fe87cd5ecf06863ecf4d1ff878d5b23dbdf808fb7742c14b7e5cc6a80,objects/eb/eb07ab0fe87cd5ecf06863ecf4d1ff878d5b23dbdf808fb7742c14b7e5cc6a80.json,21521cc4602267c6,exact,exact,909,780,A,0,3,3781,23,23,available_verified,1.0,0.9776,95.083,False,134,True,True,True,True,True,True,True,,3,UEFA Euro 2024,False
uefa_euro_2024__sb3930175,3930175,UEFA Euro 2024,2024,2024-06-22,47ca0ed1482c400b7cbb4abd8dbe00791f68f50a765f4019ee47080bcfda79f4,objects/47/47ca0ed1482c400b7cbb4abd8dbe00791f68f50a765f4019ee47080bcfda79f4.json,e9f01f262d3852ff,exact,exact,782,905,H,2,0,3203,34,34,available_verified,1.0,0.9709,94.033,False,172,True,True,True,True,True,True,True,,3,UEFA Euro 2024,False
uefa_euro_2024__sb3930176,3930176,UEFA Euro 2024,2024,2024-06-23,7f4043b0afe1a97ce5c47a674c56edf8cc9d02773a9b0cf38419b6c1cd423cdd,objects/7f/7f4043b0afe1a97ce5c47a674c56edf8cc9d02773a9b0cf38419b6c1cd423cdd.json,d5402ef8201e2882,exact,wdl_target_conflict,773,770,H,1,0,3727,22,22,available_verified,1.0,0.9774,94.067,False,133,False,False,False,False,False,False,False,wdl_target_conflict:wdl_target_conflict,3,UEFA Euro 2024,False
uefa_euro_2024__sb3930177,3930177,UEFA Euro 2024,2024,2024-06-23,3f996dc352237a3260abdc128099c554d49bdbf64e27250647b072ceaa370bb2,objects/3f/3f996dc352237a3260abdc128099c554d49bdbf64e27250647b072ceaa370bb2.json,bf32aee612717858,exact,wdl_target_conflict,942,916,D,0,0,3386,18,18,available_verified,1.0,0.9455,101.55,False,110,False,False,False,False,False,False,False,wdl_target_conflict:wdl_target_conflict,3,UEFA Euro 2024,False
uefa_euro_2024__sb3930178,3930178,UEFA Euro 2024,2024,2024-06-24,c30cf383f2c3f85ce28dff572cdc8d8d1a51217755a70a05090ef36e90ba801a,objects/c3/c30cf383f2c3f85ce28dff572cdc8d8d1a51217755a70a05090ef36e90ba801a.json,93958cb48d32258a,exact,wdl_target_conflict,785,914,H,1,0,4008,19,19,available_verified,1.0,0.9843,99.017,False,127,False,False,False,False,False,False,False,wdl_target_conflict:wdl_target_conflict,3,UEFA Euro 2024,False
uefa_euro_2024__sb3930179,3930179,UEFA Euro 2024,2024,2024-06-24,a65d0878381a7acdaebc74ad937f6451c4c1ddd6f47ae08abaf018867fdf47c6,objects/a6/a65d0878381a7acdaebc74ad937f6451c4c1ddd6f47ae08abaf018867fdf47c6.json,1eb022811b52b719,exact,exact,906,772,A,0,1,3776,26,26,available_verified,1.0,0.8931,94.617,False,131,True,True,True,True,True,True,True,,3,UEFA Euro 2024,False
uefa_euro_2024__sb3930180,3930180,UEFA Euro 2024,2024,2024-06-25,aff9750bc5b7223c89c805e048d412616e627f45378ded0ac79f642e498f5b3b,objects/af/aff9750bc5b7223c89c805e048d412616e627f45378ded0ac79f642e498f5b3b.json,0b7a7d59ed708a05,exact,exact,941,915,A,2,3,3206,20,20,available_verified,1.0,0.8632,97.117,False,117,True,True,True,True,True,True,True,,3,UEFA Euro 2024,False
uefa_euro_2024__sb3930181,3930181,UEFA Euro 2024,2024,2024-06-25,3cf0b798289f035d0880f789126b1eee83cd947280d16488ba62978b69c294c7,objects/3c/3cf0b798289f035d0880f789126b1eee83cd947280d16488ba62978b69c294c7.json,49b432d62327a813,exact,exact,768,944,D,0,0,3688,16,16,available_verified,1.0,0.9706,94.033,False,102,True,True,True,True,True,True,True,,3,UEFA Euro 2024,False
uefa_euro_2024__sb3930182,3930182,UEFA Euro 2024,2024,2024-06-25,48cd23ecd5e033fb3a5d3084757a833fe024d26ff02ee05ff206e2577027e768,objects/48/48cd23ecd5e033fb3a5d3084757a833fe024d26ff02ee05ff206e2577027e768.json,3662a6c847f39b99,exact,exact,776,786,D,0,0,3787,15,15,available_verified,1.0,0.9423,95.067,False,104,True,True,True,True,True,True,True,,3,UEFA Euro 2024,False
uefa_euro_2024__sb3930183,3930183,UEFA Euro 2024,2024,2024-06-26,d9127adb5f8ca29137912a8d30744496e011599fdfcdae41434a937ceb39ca80,objects/d9/d9127adb5f8ca29137912a8d30744496e011599fdfcdae41434a937ceb39ca80.json,c9f12ac69e936693,exact,exact,908,905,D,1,1,2880,22,22,available_verified,1.0,0.9725,94.217,False,109,True,True,True,True,True,True,True,,3,UEFA Euro 2024,False
uefa_euro_2024__sb3930184,3930184,UEFA Euro 2024,2024,2024-06-26,b32ec79b13e1a1606634f677bd7713ad272bbe38e9c7ef955d6237ac1b689765,objects/b3/b32ec79b13e1a1606634f677bd7713ad272bbe38e9c7ef955d6237ac1b689765.json,ee100a19ad574934,exact,wdl_target_conflict,912,909,D,1,1,2953,30,30,available_verified,1.0,0.9811,97.667,False,159,False,False,False,False,False,False,False,wdl_target_conflict:wdl_target_conflict,3,UEFA Euro 2024,False
uefa_euro_2024__sb3938637,3938637,UEFA Euro 2024,2024,2024-06-16,031b6bcc24b43b9d5e0ef444f65db4dba2f7504391532eafe891ecd1e7ad6130,objects/03/031b6bcc24b43b9d5e0ef444f65db4dba2f7504391532eafe891ecd1e7ad6130.json,553d4743abc853ef,exact,exact,789,941,A,1,2,3409,33,33,available_verified,1.0,0.9745,95.033,False,157,True,True,True,True,True,True,True,,3,UEFA Euro 2024,False
uefa_euro_2024__sb3938638,3938638,UEFA Euro 2024,2024,2024-06-17,b642135a6ac4e0b10c5a96d26498eb1d9a7a3c00abc2cef989f873bbc4cccfef,objects/b6/b642135a6ac4e0b10c5a96d26498eb1d9a7a3c00abc2cef989f873bbc4cccfef.json,3e24f1d141195032,exact,exact,905,911,H,3,0,3169,23,23,available_verified,1.0,0.9316,94.067,False,117,True,True,True,True,True,True,True,,3,UEFA Euro 2024,False
uefa_euro_2024__sb3938639,3938639,UEFA Euro 2024,2024,2024-06-18,328aca7629193a2780f449d0026e8d356096fc20b47a0305219c192fe661c15f,objects/32/328aca7629193a2780f449d0026e8d356096fc20b47a0305219c192fe661c15f.json,4f4128828d4243c9,exact,mismatch_regulation_goals,909,2138,H,2,1,3837,36,36,available_verified,1.0,0.9396,97.733,False,149,True,True,True,True,True,True,True,,3,UEFA Euro 2024,False
uefa_euro_2024__sb3938640,3938640,UEFA Euro 2024,2024,2024-06-21,eb9e13650dcab1bc41738f5b9577377b5e3c55c9528fcfbaf947dd28a62d9975,objects/eb/eb9e13650dcab1bc41738f5b9577377b5e3c55c9528fcfbaf947dd28a62d9975.json,e959fc425e0807f5,exact,exact,908,911,A,1,2,3512,27,27,available_verified,1.0,0.9154,95.267,False,130,True,True,True,True,True,True,True,,3,UEFA Euro 2024,False
uefa_euro_2024__sb3938641,3938641,UEFA Euro 2024,2024,2024-06-21,6ca66b263f739a45abb783ea10f8d4ba7ca58e4634fbdde0fbbf557328e9ab48,objects/6c/6ca66b263f739a45abb783ea10f8d4ba7ca58e4634fbdde0fbbf557328e9ab48.json,f8c09cb5d0ea353d,exact,exact,789,915,A,1,3,3400,30,30,available_verified,1.0,0.9699,94.0,False,133,True,True,True,True,True,True,True,,3,UEFA Euro 2024,False
uefa_euro_2024__sb3938642,3938642,UEFA Euro 2024,2024,2024-06-22,a370edcf9fc4d809314c3768579eee2926e7136a4e1a9eec618749fd1171766e,objects/a3/a370edcf9fc4d809314c3768579eee2926e7136a4e1a9eec618749fd1171766e.json,c3ebf9bf43e16591,exact,exact,2138,912,D,1,1,3332,32,32,available_verified,1.0,0.9669,95.183,False,151,True,True,True,True,True,True,True,,3,UEFA Euro 2024,False
uefa_euro_2024__sb3938643,3938643,UEFA Euro 2024,2024,2024-06-25,6dfb69ed3be4797cb610756c07e72e81c86c211479b3ff16fa668d73141581ea,objects/6d/6dfb69ed3be4797cb610756c07e72e81c86c211479b3ff16fa668d73141581ea.json,79e24f7f956f698e,exact,exact,771,789,D,1,1,3767,29,29,available_verified,1.0,0.9533,95.783,False,150,True,True,True,True,True,True,True,,3,UEFA Euro 2024,False
uefa_euro_2024__sb3938644,3938644,UEFA Euro 2024,2024,2024-06-26,e3505f31e5ecb6ea6b94514dccdff7c63d82ec2e4244dff40b91dabe8f1b1494,objects/e3/e3505f31e5ecb6ea6b94514dccdff7c63d82ec2e4244dff40b91dabe8f1b1494.json,d53171dd4f0dc302,exact,exact,2138,780,H,2,0,3659,29,29,available_verified,1.0,0.9744,94.25,False,117,True,True,True,True,True,True,True,,3,UEFA Euro 2024,False
uefa_euro_2024__sb3938645,3938645,UEFA Euro 2024,2024,2024-06-26,f93b68287bf0c334574d8331c8bf298db1ebb363b6e8d764f3872d64a0e9a1bf,objects/f9/f93b68287bf0c334574d8331c8bf298db1ebb363b6e8d764f3872d64a0e9a1bf.json,a063d666311122e1,exact,exact,911,782,D,0,0,3526,26,26,available_verified,1.0,0.8968,94.067,False,126,True,True,True,True,True,True,True,,3,UEFA Euro 2024,False
copa_america_2024__sb3939969,3939969,Copa America 2024,2024,2024-06-21,eed071b6914cb1cffd6d0dc4ae55611ac06681c76f14c9cc711e614118f86cba,objects/ee/eed071b6914cb1cffd6d0dc4ae55611ac06681c76f14c9cc711e614118f86cba.json,1ebe7b16da5e5531,exact,exact,779,1833,H,2,0,3619,29,29,available_verified,1.0,0.9925,95.3,False,134,True,True,True,True,True,True,True,,4,Copa America 2024,False
copa_america_2024__sb3939970,3939970,Copa America 2024,2024,2024-06-22,3ff13c7e6a78f272d1d9af9dbad88c1607911a149b88b70c0464479bd72a6a27,objects/3f/3ff13c7e6a78f272d1d9af9dbad88c1607911a149b88b70c0464479bd72a6a27.json,f1977ba28c990cde,exact,exact,784,3562,D,0,0,3212,18,18,available_verified,1.0,0.8727,95.55,False,110,True,True,True,True,True,True,True,,4,Copa America 2024,False
copa_america_2024__sb3939971,3939971,Copa America 2024,2024,2024-06-23,91beb2897804fbd30457b8e99da404ef8797fa62c6af8d938868c229081cbb83,objects/91/91beb2897804fbd30457b8e99da404ef8797fa62c6af8d938868c229081cbb83.json,10936c18cfb16b02,exact,exact,794,2305,H,1,0,3308,33,33,available_verified,1.0,0.9554,93.583,False,157,True,True,True,True,True,True,True,,4,Copa America 2024,False
copa_america_2024__sb3939972,3939972,Copa America 2024,2024,2024-06-22,b608a9b94c4a566f4730687fec4983767cb35e03f02241ad2e0de7099bca0d33,objects/b6/b608a9b94c4a566f4730687fec4983767cb35e03f02241ad2e0de7099bca0d33.json,80446bc617c7b018,exact,exact,3565,3563,A,1,2,3038,23,23,available_verified,1.0,0.9308,95.383,False,130,True,True,True,True,True,True,True,,4,Copa America 2024,False
copa_america_2024__sb3939973,3939973,Copa America 2024,2024,2024-06-24,0cfe02b9437829e686269b4d551267989d0ecf3c326c94dbf6c6bbf67b6be314,objects/0c/0cfe02b9437829e686269b4d551267989d0ecf3c326c94dbf6c6bbf67b6be314.json,ca8d6668edf96f72,exact,mismatch_regulation_goals,783,798,H,2,0,2995,30,30,available_verified,1.0,0.966,94.967,False,147,True,True,True,True,True,True,True,,4,Copa America 2024,False
copa_america_2024__sb3939974,3939974,Copa America 2024,2024,2024-06-23,4145afd7abba55786a32caac6d4b7f81118e547bbafacd6519bf48fb18096eb6,objects/41/4145afd7abba55786a32caac6d4b7f81118e547bbafacd6519bf48fb18096eb6.json,36850aa54b9ce0d3,exact,exact,1839,3564,H,2,0,3398,26,26,available_verified,1.0,0.9784,94.1,False,139,True,True,True,True,True,True,True,,4,Copa America 2024,False
copa_america_2024__sb3939975,3939975,Copa America 2024,2024,2024-06-24,c242229212b16f2ce7b621e162b6d0ad20f3cfc6885dd9ff930184bbfb7f9ab2,objects/c2/c242229212b16f2ce7b621e162b6d0ad20f3cfc6885dd9ff930184bbfb7f9ab2.json,36b551a4e8c6aa99,exact,exact,769,3567,H,2,1,2994,22,22,available_verified,1.0,0.9722,97.283,False,108,True,True,True,True,True,True,True,,4,Copa America 2024,False
copa_america_2024__sb3939976,3939976,Copa America 2024,2024,2024-06-25,464234e632a40314f16793059210a7e54c1841628315541853d1b0f8838dffcc,objects/46/464234e632a40314f16793059210a7e54c1841628315541853d1b0f8838dffcc.json,427333c98c5c9347,exact,exact,781,795,D,0,0,3697,22,22,available_verified,1.0,0.9658,95.117,False,146,True,True,True,True,True,True,True,,4,Copa America 2024,False
copa_america_2024__sb3939977,3939977,Copa America 2024,2024,2024-06-26,ad7a12a4efbaee99c291851648c36daf7c1fb97ada69ced7b60fdce102e15c14,objects/ad/ad7a12a4efbaee99c291851648c36daf7c1fb97ada69ced7b60fdce102e15c14.json,4dcf1c7ae59a84d3,exact,exact,3562,779,A,0,1,3653,25,25,available_verified,1.0,0.9483,95.85,False,116,True,True,True,True,True,True,True,,4,Copa America 2024,False
copa_america_2024__sb3939979,3939979,Copa America 2024,2024,2024-06-27,e5a22122a712640553dc25befa86f87a8b41ec5c509df717ee9b8e2bb15ccbcb,objects/e5/e5a22122a712640553dc25befa86f87a8b41ec5c509df717ee9b8e2bb15ccbcb.json,5b2434fd8dc86d6f,exact,exact,3563,794,H,1,0,3264,28,28,available_verified,1.0,0.9844,97.45,False,128,True,True,True,True,True,True,True,,4,Copa America 2024,False
copa_america_2024__sb3939982,3939982,Copa America 2024,2024,2024-06-28,8814ca7746ff1dd8742df9cd672726a4dfaccbba068c06ff76bd9ba8218984a7,objects/88/8814ca7746ff1dd8742df9cd672726a4dfaccbba068c06ff76bd9ba8218984a7.json,df8a7eaa69b23a42,exact,exact,783,3564,H,5,0,3293,22,22,available_verified,1.0,0.9766,93.283,False,128,True,True,True,True,True,True,True,,4,Copa America 2024,False
copa_america_2024__sb3939983,3939983,Copa America 2024,2024,2024-06-29,2ac8b0506266174bb0714b9f47af9bd4c7375341a91cefb9cb44afe47dbef90e,objects/2a/2ac8b0506266174bb0714b9f47af9bd4c7375341a91cefb9cb44afe47dbef90e.json,afc42981d8a96b36,exact,exact,3567,781,A,1,4,3436,32,32,available_verified,1.0,0.984,93.0,False,125,True,True,True,True,True,True,True,,4,Copa America 2024,False
copa_america_2024__sb3939985,3939985,Copa America 2024,2024,2024-06-30,acd1aa28c321c73376fb219bce851fc45be80e7011e5e85be5b3c18f1c838725,objects/ac/acd1aa28c321c73376fb219bce851fc45be80e7011e5e85be5b3c18f1c838725.json,ac1085e2a79d06d4,exact,exact,1833,3562,D,0,0,2903,17,17,available_verified,1.0,0.888,97.6,False,125,True,True,True,True,True,True,True,,4,Copa America 2024,False
copa_america_2024__sb3939986,3939986,Copa America 2024,2024,2024-06-30,22c6fc3e612c55c1ffb38aea6e2dcfcb082fe2f87f92c90e0b8e60b256b762c0,objects/22/22c6fc3e612c55c1ffb38aea6e2dcfcb082fe2f87f92c90e0b8e60b256b762c0.json,54de3e7d0882d085,exact,exact,779,784,H,2,0,3175,19,19,available_verified,1.0,0.8776,94.133,False,98,True,True,True,True,True,True,True,,4,Copa America 2024,False
copa_america_2024__sb3939987,3939987,Copa America 2024,2024,2024-07-01,92dabf7ae0ca582f39de40e4722f1ad9c03bce5628c65daaefcc08beb643a96f,objects/92/92dabf7ae0ca582f39de40e4722f1ad9c03bce5628c65daaefcc08beb643a96f.json,d6692947c2f3625b,exact,exact,2305,3563,A,0,3,2866,25,25,available_verified,1.0,0.9551,92.917,False,156,True,True,True,True,True,True,True,,4,Copa America 2024,False
copa_america_2024__sb3939988,3939988,Copa America 2024,2024,2024-07-01,a976a32f41f8f834ed06fd0e60707839e025d6d7e762a326120c4da77e911dfe,objects/a9/a976a32f41f8f834ed06fd0e60707839e025d6d7e762a326120c4da77e911dfe.json,3fc376fbaf125737,exact,exact,794,3565,D,0,0,2938,29,29,available_verified,1.0,0.9931,99.867,False,144,True,True,True,True,True,True,True,,4,Copa America 2024,False
copa_america_2024__sb3939989,3939989,Copa America 2024,2024,2024-07-02,27defc76db6f75e04a6af93bf263b68947c0cb39415ce68ce1a476d1e61af595,objects/27/27defc76db6f75e04a6af93bf263b68947c0cb39415ce68ce1a476d1e61af595.json,fe68285d6f64a140,exact,mismatch_regulation_goals,3564,798,A,1,2,3237,20,20,available_verified,1.0,0.8972,94.983,False,107,True,True,True,True,True,True,True,,4,Copa America 2024,False
copa_america_2024__sb3939990,3939990,Copa America 2024,2024,2024-07-02,74c888c020433f4590214574232bfe1fc4b621271525a69abcb5e781bd5e11aa,objects/74/74c888c020433f4590214574232bfe1fc4b621271525a69abcb5e781bd5e11aa.json,9a33a8f0c533cfae,exact,exact,1839,783,A,0,1,2583,20,20,available_verified,1.0,0.8879,96.2,False,116,True,True,True,True,True,True,True,,4,Copa America 2024,False
copa_america_2024__sb3939991,3939991,Copa America 2024,2024,2024-07-03,88a75f5a8987ffa7243f5c736f549365add9d97f15c84e72f6896e67a7c811ab,objects/88/88a75f5a8987ffa7243f5c736f549365add9d97f15c84e72f6896e67a7c811ab.json,8e2dfdabd76452d2,exact,exact,781,769,D,1,1,3213,20,20,available_verified,1.0,0.9123,95.267,False,114,True,True,True,True,True,True,True,,4,Copa America 2024,False
copa_america_2024__sb3939992,3939992,Copa America 2024,2024,2024-07-03,2a37e893081a5e62cb9ddc6e185698657d23cc41b6402fb9f2bb3b28bb1b000b,objects/2a/2a37e893081a5e62cb9ddc6e185698657d23cc41b6402fb9f2bb3b28bb1b000b.json,a7b9945d76e65bf7,exact,exact,795,3567,H,2,1,3067,19,19,available_verified,1.0,0.914,96.233,False,93,True,True,True,True,True,True,True,,4,Copa America 2024,False
uefa_euro_2024__sb3940878,3940878,UEFA Euro 2024,2024,2024-06-29,3fcb21720b9df15390e996f76f2e8713e6756aeedd502b62a5ea5bd955351a60,objects/3f/3fcb21720b9df15390e996f76f2e8713e6756aeedd502b62a5ea5bd955351a60.json,c9c9cbc3d831c631,exact,exact,773,914,H,2,0,3852,27,27,available_verified,1.0,0.9078,92.033,False,141,True,True,True,True,True,True,True,,3,UEFA Euro 2024,False
uefa_euro_2024__sb3940983,3940983,UEFA Euro 2024,2024,2024-06-29,e46855568db36550730428cbdf0251716d8e6768639482ad9c56ce0c1d5c377f,objects/e4/e46855568db36550730428cbdf0251716d8e6768639482ad9c56ce0c1d5c377f.json,687c691c2b8369f2,exact,exact,770,776,H,2,0,3640,25,25,available_verified,1.0,0.9068,95.95,False,118,True,True,True,True,True,True,True,,3,UEFA Euro 2024,False
uefa_euro_2024__sb3941017,3941017,UEFA Euro 2024,2024,2024-06-30,45b618a2b04258310bb696370b83251ec79846783eac7c0e9ac9e2be7f90c07e,objects/45/45b618a2b04258310bb696370b83251ec79846783eac7c0e9ac9e2be7f90c07e.json,b8eb5c3dcb2671fb,exact,wdl_target_conflict,768,908,A,0,1,4764,29,29,available_verified,1.0,0.9845,97.017,True,129,False,False,False,False,False,False,False,wdl_target_conflict:wdl_target_conflict,3,UEFA Euro 2024,False
uefa_euro_2024__sb3941018,3941018,UEFA Euro 2024,2024,2024-06-30,62f65d56f69ce4ed8e9d7950d0c8897acbcac9db318e7abbe469c1f77f698aad,objects/62/62f65d56f69ce4ed8e9d7950d0c8897acbcac9db318e7abbe469c1f77f698aad.json,8773d0c64a2423f6,exact,exact,772,2138,H,4,1,3948,39,39,available_verified,1.0,0.9814,93.083,False,161,True,True,True,True,True,True,True,,3,UEFA Euro 2024,False
uefa_euro_2024__sb3941019,3941019,UEFA Euro 2024,2024,2024-07-01,3d2e6e72f95bf7c4aca447f8e8c082ada20f5fc78a64a4ea50456a8159f29428,objects/3d/3d2e6e72f95bf7c4aca447f8e8c082ada20f5fc78a64a4ea50456a8159f29428.json,e461f167bfc64cd0,exact,exact,771,782,H,1,0,3943,24,24,available_verified,1.0,0.9699,93.167,False,133,True,True,True,True,True,True,True,,3,UEFA Euro 2024,False
uefa_euro_2024__sb3941020,3941020,UEFA Euro 2024,2024,2024-07-01,fed12f03582eb53308e6f831130e81924d17023f29b199e28e3672812f5cb696,objects/fe/fed12f03582eb53308e6f831130e81924d17023f29b199e28e3672812f5cb696.json,ac2bf4123937150d,exact,exact,780,944,D,0,0,4225,36,36,available_verified,1.0,0.9573,94.45,True,117,True,True,True,True,True,True,True,,3,UEFA Euro 2024,False
uefa_euro_2024__sb3941021,3941021,UEFA Euro 2024,2024,2024-07-02,63913270d365347be4367a699cf6c8e77225cb4fd8e5cb4d8a33063244f6fe9e,objects/63/63913270d365347be4367a699cf6c8e77225cb4fd8e5cb4d8a33063244f6fe9e.json,594c5681ad2be2cf,exact,mismatch_regulation_goals,905,941,A,0,2,2998,29,29,available_verified,1.0,0.9634,94.383,False,164,True,True,True,True,True,True,True,,3,UEFA Euro 2024,False
uefa_euro_2024__sb3941022,3941022,UEFA Euro 2024,2024,2024-07-02,6d8a1604a6db456e98279f1cb31cd4f556bb55bd6534bed18e293ca7e70246a5,objects/6d/6d8a1604a6db456e98279f1cb31cd4f556bb55bd6534bed18e293ca7e70246a5.json,fe591fc1e2718624,exact,exact,915,909,A,1,2,3720,27,27,available_verified,1.0,0.971,95.017,False,138,True,True,True,True,True,True,True,,3,UEFA Euro 2024,False
uefa_euro_2024__sb3942226,3942226,UEFA Euro 2024,2024,2024-07-05,e4e0aba5eecdc7d136a54173fc5a3a51b3f179efc5e815be3aa8291e0ae5437c,objects/e4/e4e0aba5eecdc7d136a54173fc5a3a51b3f179efc5e815be3aa8291e0ae5437c.json,c1038f55c8611d63,exact,exact,772,770,D,1,1,4463,42,42,available_verified,1.0,0.9793,94.117,True,145,True,True,True,True,True,True,True,,3,UEFA Euro 2024,False
uefa_euro_2024__sb3942227,3942227,UEFA Euro 2024,2024,2024-07-06,b0bc13e5fa3b548afe8a8435ca932f304fd9d8bb994df51882d54ddaa766a6be,objects/b0/b0bc13e5fa3b548afe8a8435ca932f304fd9d8bb994df51882d54ddaa766a6be.json,9bd0a75a792cf0cd,exact,exact,768,773,D,1,1,4890,34,34,available_verified,1.0,0.8906,92.933,True,128,True,True,True,True,True,True,True,,3,UEFA Euro 2024,False
copa_america_2024__sb3942228,3942228,Copa America 2024,2024,2024-07-05,c4351fa3dc66fc0598d13a49f0a29fb421695ae0c8c84f872b9666b96fcac6c2,objects/c4/c4351fa3dc66fc0598d13a49f0a29fb421695ae0c8c84f872b9666b96fcac6c2.json,ad96917c0fc04ca3,exact,wdl_target_conflict,779,3565,H,1,0,2861,26,26,available_verified,1.0,0.8511,97.85,True,94,False,False,False,False,False,False,False,wdl_target_conflict:wdl_target_conflict,4,Copa America 2024,False
copa_america_2024__sb3942229,3942229,Copa America 2024,2024,2024-07-06,fdc8e3adddc944113ceb96e3306d484c79da63be70afc4a44cbdaf3b9c2c7916,objects/fd/fdc8e3adddc944113ceb96e3306d484c79da63be70afc4a44cbdaf3b9c2c7916.json,3c90b05847d1900a,exact,exact,3563,1833,D,1,1,3130,43,43,available_verified,1.0,0.9507,94.317,True,142,True,True,True,True,True,True,True,,4,Copa America 2024,False
uefa_euro_2024__sb3942349,3942349,UEFA Euro 2024,2024,2024-07-05,331477f8fb6adc208588a20bc7329ba00396ae3f711bd91b441feaacf96e626a,objects/33/331477f8fb6adc208588a20bc7329ba00396ae3f711bd91b441feaacf96e626a.json,36385acc74330aa7,exact,exact,780,771,D,0,0,5195,44,44,available_verified,1.0,0.8613,93.1,True,137,True,True,True,True,True,True,True,,3,UEFA Euro 2024,False
uefa_euro_2024__sb3942382,3942382,UEFA Euro 2024,2024,2024-07-06,31a3da99f63c52f83d69e5cdf2b26c14851da6d51765320d95f80b85b50a0a5f,objects/31/31a3da99f63c52f83d69e5cdf2b26c14851da6d51765320d95f80b85b50a0a5f.json,b0b7f393b9c7481e,exact,exact,941,909,H,2,1,3417,26,26,available_verified,1.0,0.9683,96.117,False,126,True,True,True,True,True,True,True,,3,UEFA Euro 2024,False
copa_america_2024__sb3942415,3942415,Copa America 2024,2024,2024-07-07,78089410909caae6c1276552bc2edc9cad0d6b2c72fdee5bec8e81065324fe2e,objects/78/78089410909caae6c1276552bc2edc9cad0d6b2c72fdee5bec8e81065324fe2e.json,d642fca9d1dbd9db,exact,exact,783,781,D,0,0,2791,28,28,available_verified,1.0,0.9231,94.883,True,91,True,True,True,True,True,True,True,,4,Copa America 2024,False
copa_america_2024__sb3942416,3942416,Copa America 2024,2024,2024-07-06,b3fdfb80cf3b823dc107936813c10cf9d11b599effbeba5e3cb4a0ed1b86f6d6,objects/b3/b3fdfb80cf3b823dc107936813c10cf9d11b599effbeba5e3cb4a0ed1b86f6d6.json,96bdddf68572d5ab,exact,mismatch_regulation_goals,769,798,H,4,0,2905,21,21,available_verified,1.0,0.9469,94.767,False,113,True,True,True,True,True,True,True,,4,Copa America 2024,False
uefa_euro_2024__sb3942752,3942752,UEFA Euro 2024,2024,2024-07-09,2422cf9024265c773c1002e51a707db15d2b890c3851a9321ffbeb0c23c5b72d,objects/24/2422cf9024265c773c1002e51a707db15d2b890c3851a9321ffbeb0c23c5b72d.json,5bfd72b5714436b8,exact,exact,772,771,H,2,1,3330,15,15,available_verified,1.0,0.9512,95.933,False,123,True,True,True,True,True,True,True,,3,UEFA Euro 2024,False
copa_america_2024__sb3942785,3942785,Copa America 2024,2024,2024-07-10,8a56b1dde37647e5d7a1d5002c4cde562792af3d9be2dbc754925095dc86d7c8,objects/8a/8a56b1dde37647e5d7a1d5002c4cde562792af3d9be2dbc754925095dc86d7c8.json,1afca37c0f2ba701,exact,exact,779,1833,H,2,0,3460,20,20,available_verified,1.0,0.9626,93.9,False,107,True,True,True,True,True,True,True,,4,Copa America 2024,False
uefa_euro_2024__sb3942819,3942819,UEFA Euro 2024,2024,2024-07-10,5bf91f83b4ea6e5fa6fd3207c347b65ccce5124ae2040689509895ef5c0ab1b5,objects/5b/5bf91f83b4ea6e5fa6fd3207c347b65ccce5124ae2040689509895ef5c0ab1b5.json,b2988601384b49c0,exact,exact,941,768,A,1,2,3503,16,16,available_verified,1.0,0.9239,95.15,False,92,True,True,True,True,True,True,True,,3,UEFA Euro 2024,False
copa_america_2024__sb3942852,3942852,Copa America 2024,2024,2024-07-11,ddebbd268782a200f9a34eb12c81b25d47b0743dbd8be3ebbb6ef970b6eeff83,objects/dd/ddebbd268782a200f9a34eb12c81b25d47b0743dbd8be3ebbb6ef970b6eeff83.json,d7249cc880aec558,exact,exact,783,769,A,0,1,2794,22,22,available_verified,1.0,0.9758,97.3,False,124,True,True,True,True,True,True,True,,4,Copa America 2024,False
uefa_euro_2024__sb3943043,3943043,UEFA Euro 2024,2024,2024-07-14,cd6ab2cf6c129cdc35d43242006582f69f6419d9041dd417405171f91ab26989,objects/cd/cd6ab2cf6c129cdc35d43242006582f69f6419d9041dd417405171f91ab26989.json,c8d894f5a38c804e,exact,exact,772,768,H,2,1,3304,25,25,available_verified,1.0,0.9242,94.017,False,132,True,True,True,True,True,True,True,,3,UEFA Euro 2024,False
copa_america_2024__sb3943076,3943076,Copa America 2024,2024,2024-07-14,e0429cc38678af4367f3ad31804bf21a3d80e9103aedaa7d95724784ced8a05e,objects/e0/e0429cc38678af4367f3ad31804bf21a3d80e9103aedaa7d95724784ced8a05e.json,6e79d8c8214586e3,exact,wdl_target_conflict,1833,783,H,2,1,2862,35,35,available_verified,1.0,0.9474,95.033,True,152,False,False,False,False,False,False,False,wdl_target_conflict:wdl_target_conflict,4,Copa America 2024,False
copa_america_2024__sb3943077,3943077,Copa America 2024,2024,2024-07-15,5da668d7a7c199f59dfa30c3d32c076957b89b890d4b67907a8e60b7f833a677,objects/5d/5da668d7a7c199f59dfa30c3d32c076957b89b890d4b67907a8e60b7f833a677.json,fee5e18d7236022e,exact,exact,779,769,D,0,0,4146,30,30,available_verified,1.0,0.9815,94.0,True,108,True,True,True,True,True,True,True,,4,Copa America 2024,False
